2026-03-31 12:47:23,991 [INFO] 日志系统初始化完成
2026-03-31 12:47:23,991 [INFO] === 开始一次商品监控 ===
2026-03-31 12:47:44,186 [INFO] 捕获到目标 URL: https://jh5e3sxgk0.execute-api.us-west-2.amazonaws.com/product-feed/products?market=sale&language=zh&country=ca&gender=mens&category=shelljackets&subCategory=&env=prod
2026-03-31 12:47:50,024 [INFO] 获取到 11 个商品标题
2026-03-31 12:47:50,025 [INFO] 从文件加载商品标题，共 11 项
2026-03-31 12:47:50,025 [INFO] 发现新品: ['Indisce西装夹克 男装', 'Monitor大衣 男装', 'Sabre印花夹克 男装', 'Macai外套夹克 男装', 'Sabre夹克 男装', 'Sabre夹克 男装', 'Alpha 夹克 男装', 'Alpha SV 夹克 男装', 'Rush Jacket 滑雪夹克 男装', 'Spere LT西装外套 男装', 'Rush夹克 男装']
2026-03-31 12:47:51,529 [INFO] 推送结果: {"code":200,"message":"success","timestamp":1774961271}
2026-03-31 12:47:51,530 [INFO] 下架商品: ["Sabre Jacket Men's", "Sabre Jacket Men's", "Sabre Jacket Print Men's", "Rush Jacket Men's", "Rush Jacket Men's", "Monitor Coat Men's", "Alpha Jacket Men's", "Spere LT Blazer Men's", "Indisce Blazer Men's", "Alpha Lightweight Jacket Men's", "Spere Jacket Men's"]
2026-03-31 12:47:51,967 [INFO] 推送结果: {"code":200,"message":"success","timestamp":1774961271}
2026-03-31 12:47:52,012 [INFO] 商品标题已保存到文件: /home/runner/work/good-monitor/good-monitor/tmp/good-monitor/arcteryx_official_titles.json
2026-03-31 19:00:42,712 [INFO] 日志系统初始化完成
2026-03-31 19:00:42,712 [INFO] === 开始一次商品监控 ===
2026-03-31 19:00:48,624 [WARNING] 未捕获到目标 URL，退出本次监控
2026-04-01 01:00:39,510 [INFO] 日志系统初始化完成
2026-04-01 01:00:39,510 [INFO] === 开始一次商品监控 ===
2026-04-01 01:00:44,115 [WARNING] 未捕获到目标 URL，退出本次监控
2026-04-01 02:00:35,326 [INFO] 日志系统初始化完成
2026-04-01 02:00:35,326 [INFO] === 开始一次商品监控 ===
2026-04-01 02:00:39,071 [WARNING] 未捕获到目标 URL，退出本次监控
2026-04-01 02:48:56,472 [INFO] 日志系统初始化完成
2026-04-01 02:48:56,472 [INFO] === 开始一次商品监控 ===
2026-04-01 02:48:58,945 [INFO] 打开页面: https://outlet.arcteryx.com/ca/zh/c/mens/shell-jackets
2026-04-01 02:49:03,961 [INFO] 抓取到 8 个商品名称
2026-04-01 02:49:03,961 [INFO] 从文件加载商品标题，共 11 项
2026-04-01 02:49:03,961 [INFO] 下架商品: ['Indisce西装夹克 男装', 'Sabre夹克 男装', 'Alpha SV 夹克 男装']
2026-04-01 02:49:05,051 [INFO] 推送结果: {"code":200,"message":"success","timestamp":1775011745}
2026-04-01 02:49:05,053 [INFO] 商品标题已保存到文件: /home/runner/work/good-monitor/good-monitor/tmp/good-monitor/arcteryx_official_titles.json
2026-04-01 02:54:59,975 [INFO] 日志系统初始化完成
2026-04-01 02:54:59,975 [INFO] === 开始一次商品监控 ===
2026-04-01 02:55:00,835 [INFO] 打开页面: https://outlet.arcteryx.com/ca/zh/c/mens/shell-jackets
2026-04-01 02:55:05,037 [INFO] 抓取到 8 个商品名称
2026-04-01 02:55:05,037 [INFO] 从文件加载商品标题，共 5 项
2026-04-01 02:55:05,037 [INFO] 发现新品: ['Macai外套夹克 男装', 'Alpha 夹克 男装', 'Monitor大衣 男装', 'Rush夹克 男装']
2026-04-01 02:55:05,724 [INFO] 推送结果: {"code":200,"message":"success","timestamp":1775012105}
2026-04-01 02:55:05,724 [INFO] 下架商品: ['123']
2026-04-01 02:55:06,124 [INFO] 推送结果: {"code":200,"message":"success","timestamp":1775012106}
2026-04-01 02:55:06,125 [INFO] 商品标题已保存到文件: /home/runner/work/good-monitor/good-monitor/tmp/good-monitor/arcteryx_official_titles.json
2026-04-01 03:00:38,957 [INFO] 日志系统初始化完成
2026-04-01 03:00:38,957 [INFO] === 开始一次商品监控 ===
2026-04-01 03:00:39,539 [INFO] 打开页面: https://outlet.arcteryx.com/ca/zh/c/mens/shell-jackets
2026-04-01 03:00:44,973 [INFO] 抓取到 8 个商品名称
2026-04-01 03:00:44,973 [INFO] 从文件加载商品标题，共 8 项
2026-04-01 03:00:44,974 [INFO] 商品标题已保存到文件: /home/runner/work/good-monitor/good-monitor/tmp/good-monitor/arcteryx_official_titles.json
2026-04-01 04:00:40,852 [INFO] 日志系统初始化完成
2026-04-01 04:00:40,852 [INFO] === 开始一次商品监控 ===
2026-04-01 04:00:42,645 [INFO] 打开页面: https://outlet.arcteryx.com/ca/zh/c/mens/shell-jackets
2026-04-01 04:00:47,232 [INFO] 抓取到 8 个商品名称
2026-04-01 04:00:47,232 [INFO] 从文件加载商品标题，共 8 项
2026-04-01 04:00:47,233 [INFO] 商品标题已保存到文件: /home/runner/work/good-monitor/good-monitor/tmp/good-monitor/arcteryx_official_titles.json
2026-04-01 05:00:37,945 [INFO] 日志系统初始化完成
2026-04-01 05:00:37,946 [INFO] === 开始一次商品监控 ===
2026-04-01 05:00:39,784 [INFO] 打开页面: https://outlet.arcteryx.com/ca/zh/c/mens/shell-jackets
2026-04-01 05:00:44,278 [INFO] 抓取到 8 个商品名称
2026-04-01 05:00:44,278 [INFO] 从文件加载商品标题，共 8 项
2026-04-01 05:00:44,278 [INFO] 商品标题已保存到文件: /home/runner/work/good-monitor/good-monitor/tmp/good-monitor/arcteryx_official_titles.json
2026-04-01 07:00:35,169 [INFO] 日志系统初始化完成
2026-04-01 07:00:35,169 [INFO] === 开始一次商品监控 ===
2026-04-01 07:00:35,765 [INFO] 打开页面: https://outlet.arcteryx.com/ca/zh/c/mens/shell-jackets
2026-04-01 07:00:41,169 [INFO] 抓取到 8 个商品名称
2026-04-01 07:00:41,169 [INFO] 从文件加载商品标题，共 8 项
2026-04-01 07:00:41,169 [INFO] 商品标题已保存到文件: /home/runner/work/good-monitor/good-monitor/tmp/good-monitor/arcteryx_official_titles.json
2026-04-01 08:00:40,742 [INFO] 日志系统初始化完成
2026-04-01 08:00:40,742 [INFO] === 开始一次商品监控 ===
2026-04-01 08:00:43,487 [INFO] 打开页面: https://outlet.arcteryx.com/ca/zh/c/mens/shell-jackets
2026-04-01 08:00:47,805 [INFO] 抓取到 8 个商品名称
2026-04-01 08:00:47,805 [INFO] 从文件加载商品标题，共 8 项
2026-04-01 08:00:47,805 [INFO] 商品标题已保存到文件: /home/runner/work/good-monitor/good-monitor/tmp/good-monitor/arcteryx_official_titles.json
2026-04-01 09:00:34,143 [INFO] 日志系统初始化完成
2026-04-01 09:00:34,143 [INFO] === 开始一次商品监控 ===
2026-04-01 09:00:35,005 [INFO] 打开页面: https://outlet.arcteryx.com/ca/zh/c/mens/shell-jackets
2026-04-01 09:00:39,433 [INFO] 抓取到 8 个商品名称
2026-04-01 09:00:39,433 [INFO] 从文件加载商品标题，共 8 项
2026-04-01 09:00:39,434 [INFO] 商品标题已保存到文件: /home/runner/work/good-monitor/good-monitor/tmp/good-monitor/arcteryx_official_titles.json
2026-04-01 10:00:39,210 [INFO] 日志系统初始化完成
2026-04-01 10:00:39,210 [INFO] === 开始一次商品监控 ===
2026-04-01 10:00:40,935 [INFO] 打开页面: https://outlet.arcteryx.com/ca/zh/c/mens/shell-jackets
2026-04-01 10:00:45,220 [INFO] 抓取到 8 个商品名称
2026-04-01 10:00:45,220 [INFO] 从文件加载商品标题，共 8 项
2026-04-01 10:00:45,220 [INFO] 商品标题已保存到文件: /home/runner/work/good-monitor/good-monitor/tmp/good-monitor/arcteryx_official_titles.json
2026-04-01 11:00:37,462 [INFO] 日志系统初始化完成
2026-04-01 11:00:37,462 [INFO] === 开始一次商品监控 ===
2026-04-01 11:00:39,892 [INFO] 打开页面: https://outlet.arcteryx.com/ca/zh/c/mens/shell-jackets
2026-04-01 11:00:44,160 [INFO] 抓取到 8 个商品名称
2026-04-01 11:00:44,161 [INFO] 从文件加载商品标题，共 8 项
2026-04-01 11:00:44,161 [INFO] 商品标题已保存到文件: /home/runner/work/good-monitor/good-monitor/tmp/good-monitor/arcteryx_official_titles.json
2026-04-01 12:00:40,931 [INFO] 日志系统初始化完成
2026-04-01 12:00:40,931 [INFO] === 开始一次商品监控 ===
2026-04-01 12:00:42,395 [INFO] 打开页面: https://outlet.arcteryx.com/ca/zh/c/mens/shell-jackets
2026-04-01 12:00:47,135 [INFO] 抓取到 8 个商品名称
2026-04-01 12:00:47,135 [INFO] 从文件加载商品标题，共 8 项
2026-04-01 12:00:47,135 [INFO] 商品标题已保存到文件: /home/runner/work/good-monitor/good-monitor/tmp/good-monitor/arcteryx_official_titles.json
2026-04-01 13:00:36,036 [INFO] 日志系统初始化完成
2026-04-01 13:00:36,036 [INFO] === 开始一次商品监控 ===
2026-04-01 13:00:36,799 [INFO] 打开页面: https://outlet.arcteryx.com/ca/zh/c/mens/shell-jackets
2026-04-01 13:00:42,364 [INFO] 抓取到 8 个商品名称
2026-04-01 13:00:42,365 [INFO] 从文件加载商品标题，共 8 项
2026-04-01 13:00:42,365 [INFO] 商品标题已保存到文件: /home/runner/work/good-monitor/good-monitor/tmp/good-monitor/arcteryx_official_titles.json
2026-04-01 14:00:40,450 [INFO] 日志系统初始化完成
2026-04-01 14:00:40,451 [INFO] === 开始一次商品监控 ===
2026-04-01 14:00:41,061 [INFO] 打开页面: https://outlet.arcteryx.com/ca/zh/c/mens/shell-jackets
2026-04-01 14:00:46,149 [INFO] 抓取到 8 个商品名称
2026-04-01 14:00:46,149 [INFO] 从文件加载商品标题，共 8 项
2026-04-01 14:00:46,150 [INFO] 商品标题已保存到文件: /home/runner/work/good-monitor/good-monitor/tmp/good-monitor/arcteryx_official_titles.json
2026-04-01 15:00:40,537 [INFO] 日志系统初始化完成
2026-04-01 15:00:40,537 [INFO] === 开始一次商品监控 ===
2026-04-01 15:00:41,117 [INFO] 打开页面: https://outlet.arcteryx.com/ca/zh/c/mens/shell-jackets
2026-04-01 15:00:45,961 [INFO] 抓取到 8 个商品名称
2026-04-01 15:00:45,961 [INFO] 从文件加载商品标题，共 8 项
2026-04-01 15:00:45,961 [INFO] 商品标题已保存到文件: /home/runner/work/good-monitor/good-monitor/tmp/good-monitor/arcteryx_official_titles.json
2026-04-01 16:00:39,252 [INFO] 日志系统初始化完成
2026-04-01 16:00:39,252 [INFO] === 开始一次商品监控 ===
2026-04-01 16:00:41,260 [INFO] 打开页面: https://outlet.arcteryx.com/ca/zh/c/mens/shell-jackets
2026-04-01 16:00:46,014 [INFO] 抓取到 8 个商品名称
2026-04-01 16:00:46,015 [INFO] 从文件加载商品标题，共 8 项
2026-04-01 16:00:46,015 [INFO] 商品标题已保存到文件: /home/runner/work/good-monitor/good-monitor/tmp/good-monitor/arcteryx_official_titles.json
2026-04-01 17:00:46,063 [INFO] 日志系统初始化完成
2026-04-01 17:00:46,064 [INFO] === 开始一次商品监控 ===
2026-04-01 17:00:48,135 [INFO] 打开页面: https://outlet.arcteryx.com/ca/zh/c/mens/shell-jackets
2026-04-01 17:01:01,062 [INFO] 抓取到 8 个商品名称
2026-04-01 17:01:01,062 [INFO] 从文件加载商品标题，共 8 项
2026-04-01 17:01:01,062 [INFO] 商品标题已保存到文件: /home/runner/work/good-monitor/good-monitor/tmp/good-monitor/arcteryx_official_titles.json
2026-04-01 18:00:42,154 [INFO] 日志系统初始化完成
2026-04-01 18:00:42,154 [INFO] === 开始一次商品监控 ===
2026-04-01 18:00:42,768 [INFO] 打开页面: https://outlet.arcteryx.com/ca/zh/c/mens/shell-jackets
2026-04-01 18:00:47,816 [INFO] 抓取到 8 个商品名称
2026-04-01 18:00:47,816 [INFO] 从文件加载商品标题，共 8 项
2026-04-01 18:00:47,817 [INFO] 商品标题已保存到文件: /home/runner/work/good-monitor/good-monitor/tmp/good-monitor/arcteryx_official_titles.json
2026-04-01 19:00:36,472 [INFO] 日志系统初始化完成
2026-04-01 19:00:36,472 [INFO] === 开始一次商品监控 ===
2026-04-01 19:00:37,029 [INFO] 打开页面: https://outlet.arcteryx.com/ca/zh/c/mens/shell-jackets
2026-04-01 19:00:49,531 [INFO] 抓取到 8 个商品名称
2026-04-01 19:00:49,532 [INFO] 从文件加载商品标题，共 8 项
2026-04-01 19:00:49,532 [INFO] 商品标题已保存到文件: /home/runner/work/good-monitor/good-monitor/tmp/good-monitor/arcteryx_official_titles.json
2026-04-01 20:00:36,018 [INFO] 日志系统初始化完成
2026-04-01 20:00:36,018 [INFO] === 开始一次商品监控 ===
2026-04-01 20:00:36,597 [INFO] 打开页面: https://outlet.arcteryx.com/ca/zh/c/mens/shell-jackets
2026-04-01 20:00:41,240 [INFO] 抓取到 8 个商品名称
2026-04-01 20:00:41,241 [INFO] 从文件加载商品标题，共 8 项
2026-04-01 20:00:41,241 [INFO] 商品标题已保存到文件: /home/runner/work/good-monitor/good-monitor/tmp/good-monitor/arcteryx_official_titles.json
2026-04-01 21:00:40,762 [INFO] 日志系统初始化完成
2026-04-01 21:00:40,762 [INFO] === 开始一次商品监控 ===
2026-04-01 21:00:41,675 [INFO] 打开页面: https://outlet.arcteryx.com/ca/zh/c/mens/shell-jackets
2026-04-01 21:00:46,741 [INFO] 抓取到 8 个商品名称
2026-04-01 21:00:46,741 [INFO] 从文件加载商品标题，共 8 项
2026-04-01 21:00:46,741 [INFO] 商品标题已保存到文件: /home/runner/work/good-monitor/good-monitor/tmp/good-monitor/arcteryx_official_titles.json
2026-04-01 22:00:38,620 [INFO] 日志系统初始化完成
2026-04-01 22:00:38,621 [INFO] === 开始一次商品监控 ===
2026-04-01 22:00:39,172 [INFO] 打开页面: https://outlet.arcteryx.com/ca/zh/c/mens/shell-jackets
2026-04-01 22:00:43,751 [INFO] 抓取到 8 个商品名称
2026-04-01 22:00:43,752 [INFO] 从文件加载商品标题，共 8 项
2026-04-01 22:00:43,752 [INFO] 商品标题已保存到文件: /home/runner/work/good-monitor/good-monitor/tmp/good-monitor/arcteryx_official_titles.json
2026-04-01 23:00:35,616 [INFO] 日志系统初始化完成
2026-04-01 23:00:35,616 [INFO] === 开始一次商品监控 ===
2026-04-01 23:00:37,793 [INFO] 打开页面: https://outlet.arcteryx.com/ca/zh/c/mens/shell-jackets
2026-04-01 23:00:42,940 [INFO] 抓取到 8 个商品名称
2026-04-01 23:00:42,940 [INFO] 从文件加载商品标题，共 8 项
2026-04-01 23:00:42,940 [INFO] 商品标题已保存到文件: /home/runner/work/good-monitor/good-monitor/tmp/good-monitor/arcteryx_official_titles.json
2026-04-02 00:00:39,102 [INFO] 日志系统初始化完成
2026-04-02 00:00:39,103 [INFO] === 开始一次商品监控 ===
2026-04-02 00:00:39,650 [INFO] 打开页面: https://outlet.arcteryx.com/ca/zh/c/mens/shell-jackets
2026-04-02 00:00:45,754 [INFO] 抓取到 8 个商品名称
2026-04-02 00:00:45,754 [INFO] 从文件加载商品标题，共 8 项
2026-04-02 00:00:45,762 [INFO] 商品标题已保存到文件: /home/runner/work/good-monitor/good-monitor/tmp/good-monitor/arcteryx_official_titles.json
2026-04-02 01:00:37,599 [INFO] 日志系统初始化完成
2026-04-02 01:00:37,599 [INFO] === 开始一次商品监控 ===
2026-04-02 01:00:38,144 [INFO] 打开页面: https://outlet.arcteryx.com/ca/zh/c/mens/shell-jackets
2026-04-02 01:00:48,629 [INFO] 抓取到 8 个商品名称
2026-04-02 01:00:48,629 [INFO] 从文件加载商品标题，共 8 项
2026-04-02 01:00:48,630 [INFO] 商品标题已保存到文件: /home/runner/work/good-monitor/good-monitor/tmp/good-monitor/arcteryx_official_titles.json
2026-04-02 02:00:41,544 [INFO] 日志系统初始化完成
2026-04-02 02:00:41,544 [INFO] === 开始一次商品监控 ===
2026-04-02 02:00:43,440 [INFO] 打开页面: https://outlet.arcteryx.com/ca/zh/c/mens/shell-jackets
2026-04-02 02:00:47,320 [INFO] 抓取到 8 个商品名称
2026-04-02 02:00:47,320 [INFO] 从文件加载商品标题，共 8 项
2026-04-02 02:00:47,320 [INFO] 商品标题已保存到文件: /home/runner/work/good-monitor/good-monitor/tmp/good-monitor/arcteryx_official_titles.json
2026-04-02 03:00:44,272 [INFO] 日志系统初始化完成
2026-04-02 03:00:44,272 [INFO] === 开始一次商品监控 ===
2026-04-02 03:00:44,867 [INFO] 打开页面: https://outlet.arcteryx.com/ca/zh/c/mens/shell-jackets
2026-04-02 03:00:49,691 [INFO] 抓取到 8 个商品名称
2026-04-02 03:00:49,691 [INFO] 从文件加载商品标题，共 8 项
2026-04-02 03:00:49,708 [INFO] 商品标题已保存到文件: /home/runner/work/good-monitor/good-monitor/tmp/good-monitor/arcteryx_official_titles.json
2026-04-02 04:00:43,603 [INFO] 日志系统初始化完成
2026-04-02 04:00:43,603 [INFO] === 开始一次商品监控 ===
2026-04-02 04:00:45,005 [INFO] 打开页面: https://outlet.arcteryx.com/ca/zh/c/mens/shell-jackets
2026-04-02 04:00:50,398 [INFO] 抓取到 8 个商品名称
2026-04-02 04:00:50,398 [INFO] 从文件加载商品标题，共 8 项
2026-04-02 04:00:50,398 [INFO] 商品标题已保存到文件: /home/runner/work/good-monitor/good-monitor/tmp/good-monitor/arcteryx_official_titles.json
2026-04-02 05:00:37,507 [INFO] 日志系统初始化完成
2026-04-02 05:00:37,507 [INFO] === 开始一次商品监控 ===
2026-04-02 05:00:38,071 [INFO] 打开页面: https://outlet.arcteryx.com/ca/zh/c/mens/shell-jackets
2026-04-02 05:00:43,010 [INFO] 抓取到 8 个商品名称
2026-04-02 05:00:43,010 [INFO] 从文件加载商品标题，共 8 项
2026-04-02 05:00:43,011 [INFO] 商品标题已保存到文件: /home/runner/work/good-monitor/good-monitor/tmp/good-monitor/arcteryx_official_titles.json
2026-04-02 06:00:39,687 [INFO] 日志系统初始化完成
2026-04-02 06:00:39,687 [INFO] === 开始一次商品监控 ===
2026-04-02 06:00:40,269 [INFO] 打开页面: https://outlet.arcteryx.com/ca/zh/c/mens/shell-jackets
2026-04-02 06:00:44,973 [INFO] 抓取到 8 个商品名称
2026-04-02 06:00:44,973 [INFO] 从文件加载商品标题，共 8 项
2026-04-02 06:00:44,973 [INFO] 商品标题已保存到文件: /home/runner/work/good-monitor/good-monitor/tmp/good-monitor/arcteryx_official_titles.json
2026-04-02 07:00:39,178 [INFO] 日志系统初始化完成
2026-04-02 07:00:39,178 [INFO] === 开始一次商品监控 ===
2026-04-02 07:00:41,550 [INFO] 打开页面: https://outlet.arcteryx.com/ca/zh/c/mens/shell-jackets
2026-04-02 07:00:49,210 [INFO] 抓取到 8 个商品名称
2026-04-02 07:00:49,210 [INFO] 从文件加载商品标题，共 8 项
2026-04-02 07:00:49,210 [INFO] 发现新品: ['Indisce西装夹克 男装']
2026-04-02 07:00:50,308 [INFO] 推送结果: {"code":200,"message":"success","timestamp":1775113250}
2026-04-02 07:00:50,309 [INFO] 下架商品: ['Rush夹克 男装']
2026-04-02 07:00:50,647 [INFO] 推送结果: {"code":200,"message":"success","timestamp":1775113250}
2026-04-02 07:00:50,648 [INFO] 商品标题已保存到文件: /home/runner/work/good-monitor/good-monitor/tmp/good-monitor/arcteryx_official_titles.json
2026-04-02 08:00:33,782 [INFO] 日志系统初始化完成
2026-04-02 08:00:33,782 [INFO] === 开始一次商品监控 ===
2026-04-02 08:00:35,457 [INFO] 打开页面: https://outlet.arcteryx.com/ca/zh/c/mens/shell-jackets
2026-04-02 08:00:40,685 [INFO] 抓取到 8 个商品名称
2026-04-02 08:00:40,686 [INFO] 从文件加载商品标题，共 8 项
2026-04-02 08:00:40,686 [INFO] 发现新品: ['Rush夹克 男装']
2026-04-02 08:00:41,728 [INFO] 推送结果: {"code":200,"message":"success","timestamp":1775116841}
2026-04-02 08:00:41,729 [INFO] 下架商品: ['Indisce西装夹克 男装']
2026-04-02 08:00:42,093 [INFO] 推送结果: {"code":200,"message":"success","timestamp":1775116842}
2026-04-02 08:00:42,094 [INFO] 商品标题已保存到文件: /home/runner/work/good-monitor/good-monitor/tmp/good-monitor/arcteryx_official_titles.json
2026-04-02 09:00:37,824 [INFO] 日志系统初始化完成
2026-04-02 09:00:37,824 [INFO] === 开始一次商品监控 ===
2026-04-02 09:00:40,130 [INFO] 打开页面: https://outlet.arcteryx.com/ca/zh/c/mens/shell-jackets
2026-04-02 09:00:45,267 [INFO] 抓取到 8 个商品名称
2026-04-02 09:00:45,267 [INFO] 从文件加载商品标题，共 8 项
2026-04-02 09:00:45,268 [INFO] 商品标题已保存到文件: /home/runner/work/good-monitor/good-monitor/tmp/good-monitor/arcteryx_official_titles.json
2026-04-02 10:00:42,463 [INFO] 日志系统初始化完成
2026-04-02 10:00:42,464 [INFO] === 开始一次商品监控 ===
2026-04-02 10:00:44,128 [INFO] 打开页面: https://outlet.arcteryx.com/ca/zh/c/mens/shell-jackets
2026-04-02 10:00:48,021 [INFO] 抓取到 8 个商品名称
2026-04-02 10:00:48,021 [INFO] 从文件加载商品标题，共 8 项
2026-04-02 10:00:48,022 [INFO] 商品标题已保存到文件: /home/runner/work/good-monitor/good-monitor/tmp/good-monitor/arcteryx_official_titles.json
2026-04-02 11:00:41,611 [INFO] 日志系统初始化完成
2026-04-02 11:00:41,611 [INFO] === 开始一次商品监控 ===
2026-04-02 11:00:43,257 [INFO] 打开页面: https://outlet.arcteryx.com/ca/zh/c/mens/shell-jackets
2026-04-02 11:00:48,051 [INFO] 抓取到 8 个商品名称
2026-04-02 11:00:48,052 [INFO] 从文件加载商品标题，共 8 项
2026-04-02 11:00:48,052 [INFO] 商品标题已保存到文件: /home/runner/work/good-monitor/good-monitor/tmp/good-monitor/arcteryx_official_titles.json
2026-04-02 12:01:48,361 [INFO] 日志系统初始化完成
2026-04-02 12:01:48,361 [INFO] === 开始一次商品监控 ===
2026-04-02 12:01:48,900 [INFO] 打开页面: https://outlet.arcteryx.com/ca/zh/c/mens/shell-jackets
2026-04-02 12:01:52,855 [INFO] 抓取到 8 个商品名称
2026-04-02 12:01:52,855 [INFO] 从文件加载商品标题，共 8 项
2026-04-02 12:01:52,856 [INFO] 商品标题已保存到文件: /home/runner/work/good-monitor/good-monitor/tmp/good-monitor/arcteryx_official_titles.json
2026-04-02 13:00:38,984 [INFO] 日志系统初始化完成
2026-04-02 13:00:38,984 [INFO] === 开始一次商品监控 ===
2026-04-02 13:00:41,213 [INFO] 打开页面: https://outlet.arcteryx.com/ca/zh/c/mens/shell-jackets
2026-04-02 13:00:44,244 [INFO] 抓取到 8 个商品名称
2026-04-02 13:00:44,244 [INFO] 从文件加载商品标题，共 8 项
2026-04-02 13:00:44,245 [INFO] 商品标题已保存到文件: /home/runner/work/good-monitor/good-monitor/tmp/good-monitor/arcteryx_official_titles.json
2026-04-02 14:00:38,798 [INFO] 日志系统初始化完成
2026-04-02 14:00:38,798 [INFO] === 开始一次商品监控 ===
2026-04-02 14:00:39,854 [INFO] 打开页面: https://outlet.arcteryx.com/ca/zh/c/mens/shell-jackets
2026-04-02 14:00:45,680 [INFO] 抓取到 8 个商品名称
2026-04-02 14:00:45,680 [INFO] 从文件加载商品标题，共 8 项
2026-04-02 14:00:45,680 [INFO] 商品标题已保存到文件: /home/runner/work/good-monitor/good-monitor/tmp/good-monitor/arcteryx_official_titles.json
2026-04-02 15:01:29,994 [INFO] 日志系统初始化完成
2026-04-02 15:01:29,994 [INFO] === 开始一次商品监控 ===
2026-04-02 15:01:30,550 [INFO] 打开页面: https://outlet.arcteryx.com/ca/zh/c/mens/shell-jackets
2026-04-02 15:01:38,329 [INFO] 抓取到 8 个商品名称
2026-04-02 15:01:38,329 [INFO] 从文件加载商品标题，共 8 项
2026-04-02 15:01:38,329 [INFO] 商品标题已保存到文件: /home/runner/work/good-monitor/good-monitor/tmp/good-monitor/arcteryx_official_titles.json
2026-04-02 16:00:36,313 [INFO] 日志系统初始化完成
2026-04-02 16:00:36,313 [INFO] === 开始一次商品监控 ===
2026-04-02 16:00:37,179 [INFO] 打开页面: https://outlet.arcteryx.com/ca/zh/c/mens/shell-jackets
2026-04-02 16:00:43,374 [INFO] 抓取到 8 个商品名称
2026-04-02 16:00:43,374 [INFO] 从文件加载商品标题，共 8 项
2026-04-02 16:00:43,375 [INFO] 商品标题已保存到文件: /home/runner/work/good-monitor/good-monitor/tmp/good-monitor/arcteryx_official_titles.json
2026-04-02 17:00:48,671 [INFO] 日志系统初始化完成
2026-04-02 17:00:48,672 [INFO] === 开始一次商品监控 ===
2026-04-02 17:00:49,277 [INFO] 打开页面: https://outlet.arcteryx.com/ca/zh/c/mens/shell-jackets
2026-04-02 17:00:53,654 [INFO] 抓取到 8 个商品名称
2026-04-02 17:00:53,654 [INFO] 从文件加载商品标题，共 8 项
2026-04-02 17:00:53,655 [INFO] 商品标题已保存到文件: /home/runner/work/good-monitor/good-monitor/tmp/good-monitor/arcteryx_official_titles.json
2026-04-02 18:00:41,202 [INFO] 日志系统初始化完成
2026-04-02 18:00:41,202 [INFO] === 开始一次商品监控 ===
2026-04-02 18:00:41,768 [INFO] 打开页面: https://outlet.arcteryx.com/ca/zh/c/mens/shell-jackets
2026-04-02 18:00:46,197 [INFO] 抓取到 8 个商品名称
2026-04-02 18:00:46,197 [INFO] 从文件加载商品标题，共 8 项
2026-04-02 18:00:46,198 [INFO] 商品标题已保存到文件: /home/runner/work/good-monitor/good-monitor/tmp/good-monitor/arcteryx_official_titles.json
2026-04-02 19:00:45,498 [INFO] 日志系统初始化完成
2026-04-02 19:00:45,499 [INFO] === 开始一次商品监控 ===
2026-04-02 19:00:47,485 [INFO] 打开页面: https://outlet.arcteryx.com/ca/zh/c/mens/shell-jackets
2026-04-02 19:00:52,170 [INFO] 抓取到 8 个商品名称
2026-04-02 19:00:52,170 [INFO] 从文件加载商品标题，共 8 项
2026-04-02 19:00:52,171 [INFO] 商品标题已保存到文件: /home/runner/work/good-monitor/good-monitor/tmp/good-monitor/arcteryx_official_titles.json
2026-04-02 20:00:39,507 [INFO] 日志系统初始化完成
2026-04-02 20:00:39,507 [INFO] === 开始一次商品监控 ===
2026-04-02 20:00:40,965 [INFO] 打开页面: https://outlet.arcteryx.com/ca/zh/c/mens/shell-jackets
2026-04-02 20:00:46,160 [INFO] 抓取到 8 个商品名称
2026-04-02 20:00:46,161 [INFO] 从文件加载商品标题，共 8 项
2026-04-02 20:00:46,161 [INFO] 商品标题已保存到文件: /home/runner/work/good-monitor/good-monitor/tmp/good-monitor/arcteryx_official_titles.json
2026-04-02 21:00:36,065 [INFO] 日志系统初始化完成
2026-04-02 21:00:36,065 [INFO] === 开始一次商品监控 ===
2026-04-02 21:00:36,636 [INFO] 打开页面: https://outlet.arcteryx.com/ca/zh/c/mens/shell-jackets
2026-04-02 21:00:41,063 [INFO] 抓取到 8 个商品名称
2026-04-02 21:00:41,063 [INFO] 从文件加载商品标题，共 8 项
2026-04-02 21:00:41,064 [INFO] 商品标题已保存到文件: /home/runner/work/good-monitor/good-monitor/tmp/good-monitor/arcteryx_official_titles.json
2026-04-02 22:00:40,357 [INFO] 日志系统初始化完成
2026-04-02 22:00:40,357 [INFO] === 开始一次商品监控 ===
2026-04-02 22:00:40,900 [INFO] 打开页面: https://outlet.arcteryx.com/ca/zh/c/mens/shell-jackets
2026-04-02 22:00:46,546 [INFO] 抓取到 8 个商品名称
2026-04-02 22:00:46,546 [INFO] 从文件加载商品标题，共 8 项
2026-04-02 22:00:46,547 [INFO] 商品标题已保存到文件: /home/runner/work/good-monitor/good-monitor/tmp/good-monitor/arcteryx_official_titles.json
2026-04-02 23:00:44,933 [INFO] 日志系统初始化完成
2026-04-02 23:00:44,933 [INFO] === 开始一次商品监控 ===
2026-04-02 23:00:47,355 [INFO] 打开页面: https://outlet.arcteryx.com/ca/zh/c/mens/shell-jackets
2026-04-02 23:00:50,612 [INFO] 抓取到 8 个商品名称
2026-04-02 23:00:50,612 [INFO] 从文件加载商品标题，共 8 项
2026-04-02 23:00:50,612 [INFO] 商品标题已保存到文件: /home/runner/work/good-monitor/good-monitor/tmp/good-monitor/arcteryx_official_titles.json
2026-04-03 00:00:43,531 [INFO] 日志系统初始化完成
2026-04-03 00:00:43,531 [INFO] === 开始一次商品监控 ===
2026-04-03 00:00:45,701 [INFO] 打开页面: https://outlet.arcteryx.com/ca/zh/c/mens/shell-jackets
2026-04-03 00:00:49,925 [INFO] 抓取到 8 个商品名称
2026-04-03 00:00:49,925 [INFO] 从文件加载商品标题，共 8 项
2026-04-03 00:00:49,925 [INFO] 商品标题已保存到文件: /home/runner/work/good-monitor/good-monitor/tmp/good-monitor/arcteryx_official_titles.json
2026-04-03 01:00:40,940 [INFO] 日志系统初始化完成
2026-04-03 01:00:40,941 [INFO] === 开始一次商品监控 ===
2026-04-03 01:00:42,358 [INFO] 打开页面: https://outlet.arcteryx.com/ca/zh/c/mens/shell-jackets
2026-04-03 01:00:50,456 [INFO] 抓取到 8 个商品名称
2026-04-03 01:00:50,457 [INFO] 从文件加载商品标题，共 8 项
2026-04-03 01:00:50,457 [INFO] 商品标题已保存到文件: /home/runner/work/good-monitor/good-monitor/tmp/good-monitor/arcteryx_official_titles.json
2026-04-03 02:00:49,061 [INFO] 日志系统初始化完成
2026-04-03 02:00:49,061 [INFO] === 开始一次商品监控 ===
2026-04-03 02:00:49,570 [INFO] 打开页面: https://outlet.arcteryx.com/ca/zh/c/mens/shell-jackets
2026-04-03 02:00:55,495 [INFO] 抓取到 8 个商品名称
2026-04-03 02:00:55,495 [INFO] 从文件加载商品标题，共 8 项
2026-04-03 02:00:55,495 [INFO] 商品标题已保存到文件: /home/runner/work/good-monitor/good-monitor/tmp/good-monitor/arcteryx_official_titles.json
2026-04-03 03:00:35,499 [INFO] 日志系统初始化完成
2026-04-03 03:00:35,499 [INFO] === 开始一次商品监控 ===
2026-04-03 03:00:37,618 [INFO] 打开页面: https://outlet.arcteryx.com/ca/zh/c/mens/shell-jackets
2026-04-03 03:00:44,886 [INFO] 抓取到 8 个商品名称
2026-04-03 03:00:44,887 [INFO] 从文件加载商品标题，共 8 项
2026-04-03 03:00:44,887 [INFO] 商品标题已保存到文件: /home/runner/work/good-monitor/good-monitor/tmp/good-monitor/arcteryx_official_titles.json
2026-04-03 06:00:42,537 [INFO] 日志系统初始化完成
2026-04-03 06:00:42,537 [INFO] === 开始一次商品监控 ===
2026-04-03 06:00:43,160 [INFO] 打开页面: https://outlet.arcteryx.com/ca/zh/c/mens/shell-jackets
2026-04-03 06:00:47,866 [INFO] 抓取到 8 个商品名称
2026-04-03 06:00:47,866 [INFO] 从文件加载商品标题，共 8 项
2026-04-03 06:00:47,866 [INFO] 商品标题已保存到文件: /home/runner/work/good-monitor/good-monitor/tmp/good-monitor/arcteryx_official_titles.json
2026-04-03 07:00:34,617 [INFO] 日志系统初始化完成
2026-04-03 07:00:34,617 [INFO] === 开始一次商品监控 ===
2026-04-03 07:00:35,163 [INFO] 打开页面: https://outlet.arcteryx.com/ca/zh/c/mens/shell-jackets
2026-04-03 07:00:39,352 [INFO] 抓取到 8 个商品名称
2026-04-03 07:00:39,352 [INFO] 从文件加载商品标题，共 8 项
2026-04-03 07:00:39,352 [INFO] 商品标题已保存到文件: /home/runner/work/good-monitor/good-monitor/tmp/good-monitor/arcteryx_official_titles.json
2026-04-03 07:09:12,381 [INFO] 日志系统初始化完成
2026-04-03 07:09:12,381 [INFO] === 开始一次商品监控 ===
2026-04-03 07:09:14,035 [INFO] 打开页面: https://outlet.arcteryx.com/ca/zh/c/mens/shell-jackets
2026-04-03 07:09:18,497 [INFO] 抓取到 8 个商品名称
2026-04-03 07:09:18,497 [INFO] 从文件加载商品标题，共 0 项
2026-04-03 07:09:18,497 [INFO] 发现新品: ['Rush Jacket 滑雪夹克 男装', 'Sabre夹克 男装', 'Sabre印花夹克 男装', 'Spere LT西装外套 男装', 'Macai外套夹克 男装', 'Alpha 夹克 男装', 'Monitor大衣 男装', 'Rush夹克 男装']
2026-04-03 07:09:19,560 [INFO] 推送结果: {"code":200,"message":"success","timestamp":1775200159}
2026-04-03 07:09:19,561 [INFO] 商品标题已保存到文件: /home/runner/work/good-monitor/good-monitor/tmp/good-monitor/arcteryx_official_titles.json
2026-04-03 07:18:44,591 [INFO] 日志系统初始化完成
2026-04-03 07:18:44,591 [INFO] === 开始一次商品监控 ===
2026-04-03 07:18:47,724 [INFO] 打开页面: https://outlet.arcteryx.com/ca/zh/c/mens/shell-jackets
2026-04-03 07:18:49,478 [INFO] 开始自动滚动加载所有商品…
2026-04-03 07:18:53,075 [INFO] 抓取到 10 个商品名称
2026-04-03 07:18:53,075 [INFO] 从文件加载商品标题，共 8 项
2026-04-03 07:18:53,075 [INFO] 发现新品: ['Sabre夹克 男装', 'Indisce西装夹克 男装']
2026-04-03 07:18:53,662 [INFO] 推送结果: {"code":200,"message":"success","timestamp":1775200733}
2026-04-03 07:18:53,663 [INFO] 商品标题已保存到文件: /home/runner/work/good-monitor/good-monitor/tmp/good-monitor/arcteryx_official_titles.json
2026-04-03 08:00:38,947 [INFO] 日志系统初始化完成
2026-04-03 08:00:38,947 [INFO] === 开始一次商品监控 ===
2026-04-03 08:00:39,975 [INFO] 打开页面: https://outlet.arcteryx.com/ca/zh/c/mens/shell-jackets
2026-04-03 08:00:42,324 [INFO] 开始自动滚动加载所有商品…
2026-04-03 08:00:45,894 [INFO] 抓取到 2 个商品名称
2026-04-03 08:00:45,894 [INFO] 从文件加载商品标题，共 10 项
2026-04-03 08:00:45,895 [INFO] 下架商品: ['Rush Jacket 滑雪夹克 男装', 'Sabre夹克 男装', 'Sabre印花夹克 男装', 'Spere LT西装外套 男装', 'Macai外套夹克 男装', 'Alpha 夹克 男装', 'Monitor大衣 男装', 'Rush夹克 男装']
2026-04-03 08:00:46,884 [INFO] 推送结果: {"code":200,"message":"success","timestamp":1775203246}
2026-04-03 08:00:46,885 [INFO] 商品标题已保存到文件: /home/runner/work/good-monitor/good-monitor/tmp/good-monitor/arcteryx_official_titles.json
2026-04-03 10:00:40,379 [INFO] 日志系统初始化完成
2026-04-03 10:00:40,379 [INFO] === 开始一次商品监控 ===
2026-04-03 10:00:40,954 [INFO] 打开页面: https://outlet.arcteryx.com/ca/zh/c/mens/shell-jackets
2026-04-03 10:00:43,765 [INFO] 开始自动滚动加载所有商品…
2026-04-03 10:00:47,505 [INFO] 抓取到 2 个商品名称
2026-04-03 10:00:47,505 [INFO] 从文件加载商品标题，共 2 项
2026-04-03 10:00:47,505 [INFO] 商品标题已保存到文件: /home/runner/work/good-monitor/good-monitor/tmp/good-monitor/arcteryx_official_titles.json
2026-04-03 11:00:46,348 [INFO] 日志系统初始化完成
2026-04-03 11:00:46,348 [INFO] === 开始一次商品监控 ===
2026-04-03 11:00:46,909 [INFO] 打开页面: https://outlet.arcteryx.com/ca/zh/c/mens/shell-jackets
2026-04-03 11:00:49,883 [INFO] 开始自动滚动加载所有商品…
2026-04-03 11:00:52,749 [INFO] 抓取到 10 个商品名称
2026-04-03 11:00:52,749 [INFO] 从文件加载商品标题，共 2 项
2026-04-03 11:00:52,750 [INFO] 发现新品: ['Rush Jacket 滑雪夹克 男装', 'Sabre夹克 男装', 'Sabre印花夹克 男装', 'Spere LT西装外套 男装', 'Macai外套夹克 男装', 'Alpha 夹克 男装', 'Monitor大衣 男装', 'Rush夹克 男装']
2026-04-03 11:00:53,147 [INFO] 推送结果: {"code":200,"message":"success","timestamp":1775214053}
2026-04-03 11:00:53,148 [INFO] 商品标题已保存到文件: /home/runner/work/good-monitor/good-monitor/tmp/good-monitor/arcteryx_official_titles.json
2026-04-03 12:00:39,624 [INFO] 日志系统初始化完成
2026-04-03 12:00:39,624 [INFO] === 开始一次商品监控 ===
2026-04-03 12:00:40,144 [INFO] 打开页面: https://outlet.arcteryx.com/ca/zh/c/mens/shell-jackets
2026-04-03 12:00:42,897 [INFO] 开始自动滚动加载所有商品…
2026-04-03 12:00:45,883 [INFO] 抓取到 10 个商品名称
2026-04-03 12:00:45,884 [INFO] 从文件加载商品标题，共 10 项
2026-04-03 12:00:45,884 [INFO] 商品标题已保存到文件: /home/runner/work/good-monitor/good-monitor/tmp/good-monitor/arcteryx_official_titles.json
2026-04-03 13:00:36,903 [INFO] 日志系统初始化完成
2026-04-03 13:00:36,904 [INFO] === 开始一次商品监控 ===
2026-04-03 13:00:39,221 [INFO] 打开页面: https://outlet.arcteryx.com/ca/zh/c/mens/shell-jackets
2026-04-03 13:00:42,313 [INFO] 开始自动滚动加载所有商品…
2026-04-03 13:00:46,031 [INFO] 抓取到 2 个商品名称
2026-04-03 13:00:46,031 [INFO] 从文件加载商品标题，共 10 项
2026-04-03 13:00:46,031 [INFO] 下架商品: ['Rush Jacket 滑雪夹克 男装', 'Sabre夹克 男装', 'Sabre印花夹克 男装', 'Spere LT西装外套 男装', 'Macai外套夹克 男装', 'Alpha 夹克 男装', 'Monitor大衣 男装', 'Rush夹克 男装']
2026-04-03 13:00:47,593 [INFO] 推送结果: {"code":200,"message":"success","timestamp":1775221247}
2026-04-03 13:00:47,595 [INFO] 商品标题已保存到文件: /home/runner/work/good-monitor/good-monitor/tmp/good-monitor/arcteryx_official_titles.json
2026-04-03 14:00:35,158 [INFO] 日志系统初始化完成
2026-04-03 14:00:35,159 [INFO] === 开始一次商品监控 ===
2026-04-03 14:00:35,731 [INFO] 打开页面: https://outlet.arcteryx.com/ca/zh/c/mens/shell-jackets
2026-04-03 14:00:38,475 [INFO] 开始自动滚动加载所有商品…
2026-04-03 14:00:45,722 [INFO] 抓取到 2 个商品名称
2026-04-03 14:00:45,722 [INFO] 从文件加载商品标题，共 2 项
2026-04-03 14:00:45,723 [INFO] 发现新品: ['Rush夹克 男装']
2026-04-03 14:00:46,867 [INFO] 推送结果: {"code":200,"message":"success","timestamp":1775224846}
2026-04-03 14:00:46,868 [INFO] 下架商品: ['Indisce西装夹克 男装']
2026-04-03 14:00:47,359 [INFO] 推送结果: {"code":200,"message":"success","timestamp":1775224847}
2026-04-03 14:00:47,361 [INFO] 商品标题已保存到文件: /home/runner/work/good-monitor/good-monitor/tmp/good-monitor/arcteryx_official_titles.json
2026-04-03 15:00:51,226 [INFO] 日志系统初始化完成
2026-04-03 15:00:51,226 [INFO] === 开始一次商品监控 ===
2026-04-03 15:00:51,846 [INFO] 打开页面: https://outlet.arcteryx.com/ca/zh/c/mens/shell-jackets
2026-04-03 15:00:54,989 [INFO] 开始自动滚动加载所有商品…
2026-04-03 15:00:57,769 [INFO] 抓取到 10 个商品名称
2026-04-03 15:00:57,769 [INFO] 从文件加载商品标题，共 2 项
2026-04-03 15:00:57,770 [INFO] 发现新品: ['Rush Jacket 滑雪夹克 男装', 'Sabre夹克 男装', 'Sabre印花夹克 男装', 'Spere LT西装外套 男装', 'Macai外套夹克 男装', 'Alpha 夹克 男装', 'Monitor大衣 男装', 'Indisce西装夹克 男装']
2026-04-03 15:00:58,656 [INFO] 推送结果: {"code":200,"message":"success","timestamp":1775228458}
2026-04-03 15:00:58,657 [INFO] 商品标题已保存到文件: /home/runner/work/good-monitor/good-monitor/tmp/good-monitor/arcteryx_official_titles.json
2026-04-03 17:00:40,799 [INFO] 日志系统初始化完成
2026-04-03 17:00:40,800 [INFO] === 开始一次商品监控 ===
2026-04-03 17:00:42,559 [INFO] 打开页面: https://outlet.arcteryx.com/ca/zh/c/mens/shell-jackets
2026-04-03 17:00:44,338 [INFO] 开始自动滚动加载所有商品…
2026-04-03 17:00:47,097 [INFO] 抓取到 10 个商品名称
2026-04-03 17:00:47,097 [INFO] 从文件加载商品标题，共 10 项
2026-04-03 17:00:47,098 [INFO] 商品标题已保存到文件: /home/runner/work/good-monitor/good-monitor/tmp/good-monitor/arcteryx_official_titles.json
2026-04-03 18:00:40,204 [INFO] 日志系统初始化完成
2026-04-03 18:00:40,204 [INFO] === 开始一次商品监控 ===
2026-04-03 18:00:40,944 [INFO] 打开页面: https://outlet.arcteryx.com/ca/zh/c/mens/shell-jackets
2026-04-03 18:00:44,167 [INFO] 开始自动滚动加载所有商品…
2026-04-03 18:00:47,214 [INFO] 抓取到 2 个商品名称
2026-04-03 18:00:47,214 [INFO] 从文件加载商品标题，共 10 项
2026-04-03 18:00:47,214 [INFO] 下架商品: ['Rush Jacket 滑雪夹克 男装', 'Sabre夹克 男装', 'Sabre印花夹克 男装', 'Spere LT西装外套 男装', 'Macai外套夹克 男装', 'Alpha 夹克 男装', 'Monitor大衣 男装', 'Rush夹克 男装']
2026-04-03 18:00:48,763 [INFO] 推送结果: {"code":200,"message":"success","timestamp":1775239248}
2026-04-03 18:00:48,764 [INFO] 商品标题已保存到文件: /home/runner/work/good-monitor/good-monitor/tmp/good-monitor/arcteryx_official_titles.json
2026-04-03 19:00:45,942 [INFO] 日志系统初始化完成
2026-04-03 19:00:45,942 [INFO] === 开始一次商品监控 ===
2026-04-03 19:00:47,022 [INFO] 打开页面: https://outlet.arcteryx.com/ca/zh/c/mens/shell-jackets
2026-04-03 19:00:50,176 [INFO] 开始自动滚动加载所有商品…
2026-04-03 19:00:52,917 [INFO] 抓取到 10 个商品名称
2026-04-03 19:00:52,917 [INFO] 从文件加载商品标题，共 2 项
2026-04-03 19:00:52,917 [INFO] 发现新品: ['Rush Jacket 滑雪夹克 男装', 'Sabre夹克 男装', 'Sabre印花夹克 男装', 'Spere LT西装外套 男装', 'Macai外套夹克 男装', 'Alpha 夹克 男装', 'Monitor大衣 男装', 'Rush夹克 男装']
2026-04-03 19:00:53,912 [INFO] 推送结果: {"code":200,"message":"success","timestamp":1775242853}
2026-04-03 19:00:53,913 [INFO] 商品标题已保存到文件: /home/runner/work/good-monitor/good-monitor/tmp/good-monitor/arcteryx_official_titles.json
2026-04-03 20:00:36,357 [INFO] 日志系统初始化完成
2026-04-03 20:00:36,357 [INFO] === 开始一次商品监控 ===
2026-04-03 20:00:38,533 [INFO] 打开页面: https://outlet.arcteryx.com/ca/zh/c/mens/shell-jackets
2026-04-03 20:00:41,557 [INFO] 开始自动滚动加载所有商品…
2026-04-03 20:00:47,777 [INFO] 抓取到 2 个商品名称
2026-04-03 20:00:47,777 [INFO] 从文件加载商品标题，共 10 项
2026-04-03 20:00:47,777 [INFO] 下架商品: ['Rush Jacket 滑雪夹克 男装', 'Sabre夹克 男装', 'Sabre印花夹克 男装', 'Spere LT西装外套 男装', 'Macai外套夹克 男装', 'Alpha 夹克 男装', 'Monitor大衣 男装', 'Indisce西装夹克 男装']
2026-04-03 20:00:48,868 [INFO] 推送结果: {"code":200,"message":"success","timestamp":1775246448}
2026-04-03 20:00:48,870 [INFO] 商品标题已保存到文件: /home/runner/work/good-monitor/good-monitor/tmp/good-monitor/arcteryx_official_titles.json
2026-04-03 21:00:35,026 [INFO] 日志系统初始化完成
2026-04-03 21:00:35,027 [INFO] === 开始一次商品监控 ===
2026-04-03 21:00:35,587 [INFO] 打开页面: https://outlet.arcteryx.com/ca/zh/c/mens/shell-jackets
2026-04-03 21:00:38,553 [INFO] 开始自动滚动加载所有商品…
2026-04-03 21:00:40,814 [INFO] 抓取到 2 个商品名称
2026-04-03 21:00:40,814 [INFO] 从文件加载商品标题，共 2 项
2026-04-03 21:00:40,814 [INFO] 发现新品: ['Indisce西装夹克 男装']
2026-04-03 21:00:41,784 [INFO] 推送结果: {"code":200,"message":"success","timestamp":1775250041}
2026-04-03 21:00:41,785 [INFO] 下架商品: ['Rush夹克 男装']
2026-04-03 21:00:42,245 [INFO] 推送结果: {"code":200,"message":"success","timestamp":1775250042}
2026-04-03 21:00:42,246 [INFO] 商品标题已保存到文件: /home/runner/work/good-monitor/good-monitor/tmp/good-monitor/arcteryx_official_titles.json
2026-04-03 22:00:41,698 [INFO] 日志系统初始化完成
2026-04-03 22:00:41,699 [INFO] === 开始一次商品监控 ===
2026-04-03 22:00:42,759 [INFO] 打开页面: https://outlet.arcteryx.com/ca/zh/c/mens/shell-jackets
2026-04-03 22:00:45,451 [INFO] 开始自动滚动加载所有商品…
2026-04-03 22:00:48,351 [INFO] 抓取到 10 个商品名称
2026-04-03 22:00:48,351 [INFO] 从文件加载商品标题，共 2 项
2026-04-03 22:00:48,351 [INFO] 发现新品: ['Rush Jacket 滑雪夹克 男装', 'Sabre夹克 男装', 'Sabre印花夹克 男装', 'Spere LT西装外套 男装', 'Macai外套夹克 男装', 'Alpha 夹克 男装', 'Monitor大衣 男装', 'Rush夹克 男装']
2026-04-03 22:00:49,326 [INFO] 推送结果: {"code":200,"message":"success","timestamp":1775253649}
2026-04-03 22:00:49,328 [INFO] 商品标题已保存到文件: /home/runner/work/good-monitor/good-monitor/tmp/good-monitor/arcteryx_official_titles.json
2026-04-03 23:00:34,819 [INFO] 日志系统初始化完成
2026-04-03 23:00:34,819 [INFO] === 开始一次商品监控 ===
2026-04-03 23:00:35,372 [INFO] 打开页面: https://outlet.arcteryx.com/ca/zh/c/mens/shell-jackets
2026-04-03 23:00:38,880 [INFO] 开始自动滚动加载所有商品…
2026-04-03 23:00:41,108 [INFO] 抓取到 2 个商品名称
2026-04-03 23:00:41,109 [INFO] 从文件加载商品标题，共 10 项
2026-04-03 23:00:41,109 [INFO] 下架商品: ['Rush Jacket 滑雪夹克 男装', 'Sabre夹克 男装', 'Sabre印花夹克 男装', 'Spere LT西装外套 男装', 'Macai外套夹克 男装', 'Alpha 夹克 男装', 'Monitor大衣 男装', 'Rush夹克 男装']
2026-04-03 23:00:42,232 [INFO] 推送结果: {"code":200,"message":"success","timestamp":1775257242}
2026-04-03 23:00:42,234 [INFO] 商品标题已保存到文件: /home/runner/work/good-monitor/good-monitor/tmp/good-monitor/arcteryx_official_titles.json
2026-04-04 00:00:36,006 [INFO] 日志系统初始化完成
2026-04-04 00:00:36,006 [INFO] === 开始一次商品监控 ===
2026-04-04 00:00:36,563 [INFO] 打开页面: https://outlet.arcteryx.com/ca/zh/c/mens/shell-jackets
2026-04-04 00:00:37,617 [INFO] 开始自动滚动加载所有商品…
2026-04-04 00:00:42,591 [INFO] 抓取到 2 个商品名称
2026-04-04 00:00:42,592 [INFO] 从文件加载商品标题，共 2 项
2026-04-04 00:00:42,592 [INFO] 商品标题已保存到文件: /home/runner/work/good-monitor/good-monitor/tmp/good-monitor/arcteryx_official_titles.json
2026-04-04 01:00:32,123 [INFO] 日志系统初始化完成
2026-04-04 01:00:32,123 [INFO] === 开始一次商品监控 ===
2026-04-04 01:00:32,612 [INFO] 打开页面: https://outlet.arcteryx.com/ca/zh/c/mens/shell-jackets
2026-04-04 01:00:35,230 [INFO] 开始自动滚动加载所有商品…
2026-04-04 01:00:38,830 [INFO] 抓取到 2 个商品名称
2026-04-04 01:00:38,830 [INFO] 从文件加载商品标题，共 2 项
2026-04-04 01:00:38,830 [INFO] 商品标题已保存到文件: /home/runner/work/good-monitor/good-monitor/tmp/good-monitor/arcteryx_official_titles.json
2026-04-04 02:00:40,103 [INFO] 日志系统初始化完成
2026-04-04 02:00:40,103 [INFO] === 开始一次商品监控 ===
2026-04-04 02:00:40,661 [INFO] 打开页面: https://outlet.arcteryx.com/ca/zh/c/mens/shell-jackets
2026-04-04 02:00:43,317 [INFO] 开始自动滚动加载所有商品…
2026-04-04 02:00:46,942 [INFO] 抓取到 10 个商品名称
2026-04-04 02:00:46,942 [INFO] 从文件加载商品标题，共 2 项
2026-04-04 02:00:46,943 [INFO] 发现新品: ['Rush Jacket 滑雪夹克 男装', 'Sabre夹克 男装', 'Sabre印花夹克 男装', 'Spere LT西装外套 男装', 'Macai外套夹克 男装', 'Alpha 夹克 男装', 'Monitor大衣 男装', 'Rush夹克 男装']
2026-04-04 02:00:47,872 [INFO] 推送结果: {"code":200,"message":"success","timestamp":1775268047}
2026-04-04 02:00:47,873 [INFO] 商品标题已保存到文件: /home/runner/work/good-monitor/good-monitor/tmp/good-monitor/arcteryx_official_titles.json
2026-04-04 03:00:35,653 [INFO] 日志系统初始化完成
2026-04-04 03:00:35,653 [INFO] === 开始一次商品监控 ===
2026-04-04 03:00:36,303 [INFO] 打开页面: https://outlet.arcteryx.com/ca/zh/c/mens/shell-jackets
2026-04-04 03:00:39,530 [INFO] 开始自动滚动加载所有商品…
2026-04-04 03:00:41,843 [INFO] 抓取到 2 个商品名称
2026-04-04 03:00:41,844 [INFO] 从文件加载商品标题，共 10 项
2026-04-04 03:00:41,844 [INFO] 下架商品: ['Rush Jacket 滑雪夹克 男装', 'Sabre夹克 男装', 'Sabre印花夹克 男装', 'Spere LT西装外套 男装', 'Macai外套夹克 男装', 'Alpha 夹克 男装', 'Monitor大衣 男装', 'Rush夹克 男装']
2026-04-04 03:00:42,772 [INFO] 推送结果: {"code":200,"message":"success","timestamp":1775271642}
2026-04-04 03:00:42,774 [INFO] 商品标题已保存到文件: /home/runner/work/good-monitor/good-monitor/tmp/good-monitor/arcteryx_official_titles.json
2026-04-04 04:00:34,323 [INFO] 日志系统初始化完成
2026-04-04 04:00:34,323 [INFO] === 开始一次商品监控 ===
2026-04-04 04:00:36,332 [INFO] 打开页面: https://outlet.arcteryx.com/ca/zh/c/mens/shell-jackets
2026-04-04 04:00:39,228 [INFO] 开始自动滚动加载所有商品…
2026-04-04 04:00:42,897 [INFO] 抓取到 2 个商品名称
2026-04-04 04:00:42,897 [INFO] 从文件加载商品标题，共 2 项
2026-04-04 04:00:42,898 [INFO] 商品标题已保存到文件: /home/runner/work/good-monitor/good-monitor/tmp/good-monitor/arcteryx_official_titles.json
2026-04-04 05:00:38,279 [INFO] 日志系统初始化完成
2026-04-04 05:00:38,279 [INFO] === 开始一次商品监控 ===
2026-04-04 05:00:39,941 [INFO] 打开页面: https://outlet.arcteryx.com/ca/zh/c/mens/shell-jackets
2026-04-04 05:00:43,099 [INFO] 开始自动滚动加载所有商品…
2026-04-04 05:00:45,263 [INFO] 抓取到 2 个商品名称
2026-04-04 05:00:45,263 [INFO] 从文件加载商品标题，共 2 项
2026-04-04 05:00:45,263 [INFO] 商品标题已保存到文件: /home/runner/work/good-monitor/good-monitor/tmp/good-monitor/arcteryx_official_titles.json
2026-04-04 06:00:37,647 [INFO] 日志系统初始化完成
2026-04-04 06:00:37,647 [INFO] === 开始一次商品监控 ===
2026-04-04 06:00:38,251 [INFO] 打开页面: https://outlet.arcteryx.com/ca/zh/c/mens/shell-jackets
2026-04-04 06:00:41,388 [INFO] 开始自动滚动加载所有商品…
2026-04-04 06:00:45,239 [INFO] 抓取到 10 个商品名称
2026-04-04 06:00:45,240 [INFO] 从文件加载商品标题，共 2 项
2026-04-04 06:00:45,240 [INFO] 发现新品: ['Rush Jacket 滑雪夹克 男装', 'Sabre夹克 男装', 'Sabre印花夹克 男装', 'Spere LT西装外套 男装', 'Macai外套夹克 男装', 'Alpha 夹克 男装', 'Monitor大衣 男装', 'Rush夹克 男装']
2026-04-04 06:00:46,756 [INFO] 推送结果: {"code":200,"message":"success","timestamp":1775282446}
2026-04-04 06:00:46,758 [INFO] 商品标题已保存到文件: /home/runner/work/good-monitor/good-monitor/tmp/good-monitor/arcteryx_official_titles.json
2026-04-04 07:00:40,011 [INFO] 日志系统初始化完成
2026-04-04 07:00:40,011 [INFO] === 开始一次商品监控 ===
2026-04-04 07:00:42,020 [INFO] 打开页面: https://outlet.arcteryx.com/ca/zh/c/mens/shell-jackets
2026-04-04 07:00:44,702 [INFO] 开始自动滚动加载所有商品…
2026-04-04 07:00:47,514 [INFO] 抓取到 10 个商品名称
2026-04-04 07:00:47,514 [INFO] 从文件加载商品标题，共 10 项
2026-04-04 07:00:47,515 [INFO] 商品标题已保存到文件: /home/runner/work/good-monitor/good-monitor/tmp/good-monitor/arcteryx_official_titles.json
2026-04-04 08:00:37,942 [INFO] 日志系统初始化完成
2026-04-04 08:00:37,942 [INFO] === 开始一次商品监控 ===
2026-04-04 08:00:39,036 [INFO] 打开页面: https://outlet.arcteryx.com/ca/zh/c/mens/shell-jackets
2026-04-04 08:00:42,456 [INFO] 开始自动滚动加载所有商品…
2026-04-04 08:00:45,332 [INFO] 抓取到 10 个商品名称
2026-04-04 08:00:45,332 [INFO] 从文件加载商品标题，共 10 项
2026-04-04 08:00:45,332 [INFO] 商品标题已保存到文件: /home/runner/work/good-monitor/good-monitor/tmp/good-monitor/arcteryx_official_titles.json
2026-04-04 09:00:34,813 [INFO] 日志系统初始化完成
2026-04-04 09:00:34,814 [INFO] === 开始一次商品监控 ===
2026-04-04 09:00:35,318 [INFO] 打开页面: https://outlet.arcteryx.com/ca/zh/c/mens/shell-jackets
2026-04-04 09:00:37,390 [INFO] 开始自动滚动加载所有商品…
2026-04-04 09:00:40,850 [INFO] 抓取到 2 个商品名称
2026-04-04 09:00:40,850 [INFO] 从文件加载商品标题，共 10 项
2026-04-04 09:00:40,850 [INFO] 下架商品: ['Rush Jacket 滑雪夹克 男装', 'Sabre夹克 男装', 'Sabre印花夹克 男装', 'Spere LT西装外套 男装', 'Macai外套夹克 男装', 'Alpha 夹克 男装', 'Monitor大衣 男装', 'Rush夹克 男装']
2026-04-04 09:00:42,215 [INFO] 推送结果: {"code":200,"message":"success","timestamp":1775293242}
2026-04-04 09:00:42,216 [INFO] 商品标题已保存到文件: /home/runner/work/good-monitor/good-monitor/tmp/good-monitor/arcteryx_official_titles.json
2026-04-04 09:03:28,205 [INFO] 日志系统初始化完成
2026-04-04 09:03:28,205 [INFO] === 开始一次商品监控 ===
2026-04-04 09:03:28,738 [INFO] 打开页面: https://outlet.arcteryx.com/ca/zh/c/mens/shell-jackets
2026-04-04 09:03:31,974 [INFO] 等待首屏商品渲染…
2026-04-04 09:03:33,065 [INFO] 开始自动滚动加载所有商品…
2026-04-04 09:03:35,556 [INFO] 抓取到 10 个商品名称
2026-04-04 09:03:35,556 [INFO] 从文件加载商品标题，共 2 项
2026-04-04 09:03:35,556 [INFO] 发现新品: ['Rush Jacket 滑雪夹克 男装', 'Sabre夹克 男装', 'Sabre印花夹克 男装', 'Spere LT西装外套 男装', 'Macai外套夹克 男装', 'Alpha 夹克 男装', 'Monitor大衣 男装', 'Rush夹克 男装']
2026-04-04 09:03:36,417 [INFO] 推送结果: {"code":200,"message":"success","timestamp":1775293416}
2026-04-04 09:03:36,418 [INFO] 商品标题已保存到文件: /home/runner/work/good-monitor/good-monitor/tmp/good-monitor/arcteryx_official_titles.json
2026-04-04 10:00:38,266 [INFO] 日志系统初始化完成
2026-04-04 10:00:38,266 [INFO] === 开始一次商品监控 ===
2026-04-04 10:00:38,842 [INFO] 打开页面: https://outlet.arcteryx.com/ca/zh/c/mens/shell-jackets
2026-04-04 10:00:41,525 [INFO] 等待首屏商品渲染…
2026-04-04 10:00:43,165 [INFO] 开始自动滚动加载所有商品…
2026-04-04 10:00:45,032 [INFO] 抓取到 10 个商品名称
2026-04-04 10:00:45,032 [INFO] 从文件加载商品标题，共 10 项
2026-04-04 10:00:45,033 [INFO] 商品标题已保存到文件: /home/runner/work/good-monitor/good-monitor/tmp/good-monitor/arcteryx_official_titles.json
2026-04-04 11:00:35,185 [INFO] 日志系统初始化完成
2026-04-04 11:00:35,185 [INFO] === 开始一次商品监控 ===
2026-04-04 11:00:36,675 [INFO] 打开页面: https://outlet.arcteryx.com/ca/zh/c/mens/shell-jackets
2026-04-04 11:00:38,724 [INFO] 等待首屏商品渲染…
2026-04-04 11:00:40,354 [INFO] 开始自动滚动加载所有商品…
2026-04-04 11:00:42,218 [INFO] 抓取到 10 个商品名称
2026-04-04 11:00:42,218 [INFO] 从文件加载商品标题，共 10 项
2026-04-04 11:00:42,218 [INFO] 商品标题已保存到文件: /home/runner/work/good-monitor/good-monitor/tmp/good-monitor/arcteryx_official_titles.json
2026-04-04 12:00:34,146 [INFO] 日志系统初始化完成
2026-04-04 12:00:34,146 [INFO] === 开始一次商品监控 ===
2026-04-04 12:00:34,725 [INFO] 打开页面: https://outlet.arcteryx.com/ca/zh/c/mens/shell-jackets
2026-04-04 12:00:36,217 [INFO] 等待首屏商品渲染…
2026-04-04 12:00:39,886 [INFO] 开始自动滚动加载所有商品…
2026-04-04 12:00:42,456 [INFO] 抓取到 10 个商品名称
2026-04-04 12:00:42,456 [INFO] 从文件加载商品标题，共 10 项
2026-04-04 12:00:42,457 [INFO] 商品标题已保存到文件: /home/runner/work/good-monitor/good-monitor/tmp/good-monitor/arcteryx_official_titles.json
2026-04-04 13:00:38,308 [INFO] 日志系统初始化完成
2026-04-04 13:00:38,309 [INFO] === 开始一次商品监控 ===
2026-04-04 13:00:39,630 [INFO] 打开页面: https://outlet.arcteryx.com/ca/zh/c/mens/shell-jackets
2026-04-04 13:00:43,255 [INFO] 等待首屏商品渲染…
2026-04-04 13:00:44,128 [INFO] 开始自动滚动加载所有商品…
2026-04-04 13:00:45,794 [INFO] 抓取到 10 个商品名称
2026-04-04 13:00:45,794 [INFO] 从文件加载商品标题，共 10 项
2026-04-04 13:00:45,794 [INFO] 商品标题已保存到文件: /home/runner/work/good-monitor/good-monitor/tmp/good-monitor/arcteryx_official_titles.json
2026-04-04 14:00:39,679 [INFO] 日志系统初始化完成
2026-04-04 14:00:39,679 [INFO] === 开始一次商品监控 ===
2026-04-04 14:00:41,696 [INFO] 打开页面: https://outlet.arcteryx.com/ca/zh/c/mens/shell-jackets
2026-04-04 14:00:45,040 [INFO] 等待首屏商品渲染…
2026-04-04 14:00:47,432 [INFO] 开始自动滚动加载所有商品…
2026-04-04 14:00:49,985 [INFO] 抓取到 10 个商品名称
2026-04-04 14:00:49,985 [INFO] 从文件加载商品标题，共 10 项
2026-04-04 14:00:49,986 [INFO] 商品标题已保存到文件: /home/runner/work/good-monitor/good-monitor/tmp/good-monitor/arcteryx_official_titles.json
2026-04-04 15:00:36,237 [INFO] 日志系统初始化完成
2026-04-04 15:00:36,237 [INFO] === 开始一次商品监控 ===
2026-04-04 15:00:37,730 [INFO] 打开页面: https://outlet.arcteryx.com/ca/zh/c/mens/shell-jackets
2026-04-04 15:00:39,715 [INFO] 等待首屏商品渲染…
2026-04-04 15:00:42,666 [INFO] 开始自动滚动加载所有商品…
2026-04-04 15:00:45,252 [INFO] 抓取到 10 个商品名称
2026-04-04 15:00:45,252 [INFO] 从文件加载商品标题，共 10 项
2026-04-04 15:00:45,252 [INFO] 商品标题已保存到文件: /home/runner/work/good-monitor/good-monitor/tmp/good-monitor/arcteryx_official_titles.json
2026-04-04 16:00:40,255 [INFO] 日志系统初始化完成
2026-04-04 16:00:40,255 [INFO] === 开始一次商品监控 ===
2026-04-04 16:00:41,800 [INFO] 打开页面: https://outlet.arcteryx.com/ca/zh/c/mens/shell-jackets
2026-04-04 16:00:44,944 [INFO] 等待首屏商品渲染…
2026-04-04 16:00:46,095 [INFO] 开始自动滚动加载所有商品…
2026-04-04 16:00:47,831 [INFO] 抓取到 10 个商品名称
2026-04-04 16:00:47,831 [INFO] 从文件加载商品标题，共 10 项
2026-04-04 16:00:47,831 [INFO] 商品标题已保存到文件: /home/runner/work/good-monitor/good-monitor/tmp/good-monitor/arcteryx_official_titles.json
2026-04-04 17:00:38,451 [INFO] 日志系统初始化完成
2026-04-04 17:00:38,451 [INFO] === 开始一次商品监控 ===
2026-04-04 17:00:39,028 [INFO] 打开页面: https://outlet.arcteryx.com/ca/zh/c/mens/shell-jackets
2026-04-04 17:00:40,698 [INFO] 等待首屏商品渲染…
2026-04-04 17:00:43,832 [INFO] 开始自动滚动加载所有商品…
2026-04-04 17:00:46,426 [INFO] 抓取到 10 个商品名称
2026-04-04 17:00:46,426 [INFO] 从文件加载商品标题，共 10 项
2026-04-04 17:00:46,427 [INFO] 商品标题已保存到文件: /home/runner/work/good-monitor/good-monitor/tmp/good-monitor/arcteryx_official_titles.json
2026-04-04 18:00:46,380 [INFO] 日志系统初始化完成
2026-04-04 18:00:46,380 [INFO] === 开始一次商品监控 ===
2026-04-04 18:00:46,938 [INFO] 打开页面: https://outlet.arcteryx.com/ca/zh/c/mens/shell-jackets
2026-04-04 18:00:50,220 [INFO] 等待首屏商品渲染…
2026-04-04 18:00:57,323 [INFO] 开始自动滚动加载所有商品…
2026-04-04 18:00:58,986 [INFO] 抓取到 10 个商品名称
2026-04-04 18:00:58,986 [INFO] 从文件加载商品标题，共 10 项
2026-04-04 18:00:58,986 [INFO] 商品标题已保存到文件: /home/runner/work/good-monitor/good-monitor/tmp/good-monitor/arcteryx_official_titles.json
2026-04-04 19:00:40,413 [INFO] 日志系统初始化完成
2026-04-04 19:00:40,413 [INFO] === 开始一次商品监控 ===
2026-04-04 19:00:42,371 [INFO] 打开页面: https://outlet.arcteryx.com/ca/zh/c/mens/shell-jackets
2026-04-04 19:00:45,240 [INFO] 等待首屏商品渲染…
2026-04-04 19:00:47,355 [INFO] 开始自动滚动加载所有商品…
2026-04-04 19:00:49,858 [INFO] 抓取到 10 个商品名称
2026-04-04 19:00:49,858 [INFO] 从文件加载商品标题，共 10 项
2026-04-04 19:00:49,859 [INFO] 商品标题已保存到文件: /home/runner/work/good-monitor/good-monitor/tmp/good-monitor/arcteryx_official_titles.json
2026-04-04 20:00:30,868 [INFO] 日志系统初始化完成
2026-04-04 20:00:30,868 [INFO] === 开始一次商品监控 ===
2026-04-04 20:00:31,379 [INFO] 打开页面: https://outlet.arcteryx.com/ca/zh/c/mens/shell-jackets
2026-04-04 20:00:33,367 [INFO] 等待首屏商品渲染…
2026-04-04 20:00:34,986 [INFO] 开始自动滚动加载所有商品…
2026-04-04 20:00:36,679 [INFO] 抓取到 10 个商品名称
2026-04-04 20:00:36,679 [INFO] 从文件加载商品标题，共 10 项
2026-04-04 20:00:36,679 [INFO] 商品标题已保存到文件: /home/runner/work/good-monitor/good-monitor/tmp/good-monitor/arcteryx_official_titles.json
2026-04-04 21:00:35,447 [INFO] 日志系统初始化完成
2026-04-04 21:00:35,447 [INFO] === 开始一次商品监控 ===
2026-04-04 21:00:37,241 [INFO] 打开页面: https://outlet.arcteryx.com/ca/zh/c/mens/shell-jackets
2026-04-04 21:00:38,873 [INFO] 等待首屏商品渲染…
2026-04-04 21:00:42,501 [INFO] 开始自动滚动加载所有商品…
2026-04-04 21:00:44,281 [INFO] 抓取到 10 个商品名称
2026-04-04 21:00:44,282 [INFO] 从文件加载商品标题，共 10 项
2026-04-04 21:00:44,282 [INFO] 商品标题已保存到文件: /home/runner/work/good-monitor/good-monitor/tmp/good-monitor/arcteryx_official_titles.json
2026-04-04 22:00:44,806 [INFO] 日志系统初始化完成
2026-04-04 22:00:44,806 [INFO] === 开始一次商品监控 ===
2026-04-04 22:00:45,433 [INFO] 打开页面: https://outlet.arcteryx.com/ca/zh/c/mens/shell-jackets
2026-04-04 22:00:47,290 [INFO] 等待首屏商品渲染…
2026-04-04 22:00:50,565 [INFO] 开始自动滚动加载所有商品…
2026-04-04 22:00:52,290 [INFO] 抓取到 10 个商品名称
2026-04-04 22:00:52,290 [INFO] 从文件加载商品标题，共 10 项
2026-04-04 22:00:52,291 [INFO] 商品标题已保存到文件: /home/runner/work/good-monitor/good-monitor/tmp/good-monitor/arcteryx_official_titles.json
2026-04-04 23:00:40,765 [INFO] 日志系统初始化完成
2026-04-04 23:00:40,765 [INFO] === 开始一次商品监控 ===
2026-04-04 23:00:41,315 [INFO] 打开页面: https://outlet.arcteryx.com/ca/zh/c/mens/shell-jackets
2026-04-04 23:00:43,750 [INFO] 等待首屏商品渲染…
2026-04-04 23:00:44,920 [INFO] 开始自动滚动加载所有商品…
2026-04-04 23:00:46,621 [INFO] 抓取到 10 个商品名称
2026-04-04 23:00:46,621 [INFO] 从文件加载商品标题，共 10 项
2026-04-04 23:00:46,622 [INFO] 商品标题已保存到文件: /home/runner/work/good-monitor/good-monitor/tmp/good-monitor/arcteryx_official_titles.json
2026-04-05 00:00:39,877 [INFO] 日志系统初始化完成
2026-04-05 00:00:39,877 [INFO] === 开始一次商品监控 ===
2026-04-05 00:00:40,427 [INFO] 打开页面: https://outlet.arcteryx.com/ca/zh/c/mens/shell-jackets
2026-04-05 00:00:43,461 [INFO] 等待首屏商品渲染…
2026-04-05 00:00:45,588 [INFO] 开始自动滚动加载所有商品…
2026-04-05 00:00:47,272 [INFO] 抓取到 10 个商品名称
2026-04-05 00:00:47,272 [INFO] 从文件加载商品标题，共 10 项
2026-04-05 00:00:47,272 [INFO] 商品标题已保存到文件: /home/runner/work/good-monitor/good-monitor/tmp/good-monitor/arcteryx_official_titles.json
2026-04-05 01:00:41,516 [INFO] 日志系统初始化完成
2026-04-05 01:00:41,516 [INFO] === 开始一次商品监控 ===
2026-04-05 01:00:42,888 [INFO] 打开页面: https://outlet.arcteryx.com/ca/zh/c/mens/shell-jackets
2026-04-05 01:00:44,773 [INFO] 等待首屏商品渲染…
2026-04-05 01:00:46,924 [INFO] 开始自动滚动加载所有商品…
2026-04-05 01:00:48,619 [INFO] 抓取到 10 个商品名称
2026-04-05 01:00:48,620 [INFO] 从文件加载商品标题，共 10 项
2026-04-05 01:00:48,620 [INFO] 商品标题已保存到文件: /home/runner/work/good-monitor/good-monitor/tmp/good-monitor/arcteryx_official_titles.json
2026-04-05 02:00:47,773 [INFO] 日志系统初始化完成
2026-04-05 02:00:47,773 [INFO] === 开始一次商品监控 ===
2026-04-05 02:00:49,531 [INFO] 打开页面: https://outlet.arcteryx.com/ca/zh/c/mens/shell-jackets
2026-04-05 02:00:52,959 [INFO] 等待首屏商品渲染…
2026-04-05 02:00:54,628 [INFO] 开始自动滚动加载所有商品…
2026-04-05 02:00:57,124 [INFO] 抓取到 10 个商品名称
2026-04-05 02:00:57,124 [INFO] 从文件加载商品标题，共 10 项
2026-04-05 02:00:57,125 [INFO] 商品标题已保存到文件: /home/runner/work/good-monitor/good-monitor/tmp/good-monitor/arcteryx_official_titles.json
2026-04-05 03:00:35,922 [INFO] 日志系统初始化完成
2026-04-05 03:00:35,922 [INFO] === 开始一次商品监控 ===
2026-04-05 03:00:36,487 [INFO] 打开页面: https://outlet.arcteryx.com/ca/zh/c/mens/shell-jackets
2026-04-05 03:00:39,372 [INFO] 等待首屏商品渲染…
2026-04-05 03:00:41,050 [INFO] 开始自动滚动加载所有商品…
2026-04-05 03:00:43,543 [INFO] 抓取到 10 个商品名称
2026-04-05 03:00:43,543 [INFO] 从文件加载商品标题，共 10 项
2026-04-05 03:00:43,544 [INFO] 商品标题已保存到文件: /home/runner/work/good-monitor/good-monitor/tmp/good-monitor/arcteryx_official_titles.json
2026-04-05 04:00:38,476 [INFO] 日志系统初始化完成
2026-04-05 04:00:38,476 [INFO] === 开始一次商品监控 ===
2026-04-05 04:00:40,486 [INFO] 打开页面: https://outlet.arcteryx.com/ca/zh/c/mens/shell-jackets
2026-04-05 04:00:43,698 [INFO] 等待首屏商品渲染…
2026-04-05 04:00:45,907 [INFO] 开始自动滚动加载所有商品…
2026-04-05 04:00:48,391 [INFO] 抓取到 10 个商品名称
2026-04-05 04:00:48,391 [INFO] 从文件加载商品标题，共 10 项
2026-04-05 04:00:48,392 [INFO] 商品标题已保存到文件: /home/runner/work/good-monitor/good-monitor/tmp/good-monitor/arcteryx_official_titles.json
2026-04-05 05:00:35,469 [INFO] 日志系统初始化完成
2026-04-05 05:00:35,469 [INFO] === 开始一次商品监控 ===
2026-04-05 05:00:35,964 [INFO] 打开页面: https://outlet.arcteryx.com/ca/zh/c/mens/shell-jackets
2026-04-05 05:00:38,674 [INFO] 等待首屏商品渲染…
2026-04-05 05:00:40,429 [INFO] 开始自动滚动加载所有商品…
2026-04-05 05:00:42,158 [INFO] 抓取到 10 个商品名称
2026-04-05 05:00:42,158 [INFO] 从文件加载商品标题，共 10 项
2026-04-05 05:00:42,158 [INFO] 商品标题已保存到文件: /home/runner/work/good-monitor/good-monitor/tmp/good-monitor/arcteryx_official_titles.json
2026-04-05 06:00:40,135 [INFO] 日志系统初始化完成
2026-04-05 06:00:40,136 [INFO] === 开始一次商品监控 ===
2026-04-05 06:00:41,679 [INFO] 打开页面: https://outlet.arcteryx.com/ca/zh/c/mens/shell-jackets
2026-04-05 06:00:43,856 [INFO] 等待首屏商品渲染…
2026-04-05 06:00:45,562 [INFO] 开始自动滚动加载所有商品…
2026-04-05 06:00:47,397 [INFO] 抓取到 10 个商品名称
2026-04-05 06:00:47,397 [INFO] 从文件加载商品标题，共 10 项
2026-04-05 06:00:47,397 [INFO] 商品标题已保存到文件: /home/runner/work/good-monitor/good-monitor/tmp/good-monitor/arcteryx_official_titles.json
2026-04-05 07:00:33,759 [INFO] 日志系统初始化完成
2026-04-05 07:00:33,759 [INFO] === 开始一次商品监控 ===
2026-04-05 07:00:34,986 [INFO] 打开页面: https://outlet.arcteryx.com/ca/zh/c/mens/shell-jackets
2026-04-05 07:00:38,111 [INFO] 等待首屏商品渲染…
2026-04-05 07:00:39,830 [INFO] 开始自动滚动加载所有商品…
2026-04-05 07:00:42,396 [INFO] 抓取到 10 个商品名称
2026-04-05 07:00:42,396 [INFO] 从文件加载商品标题，共 10 项
2026-04-05 07:00:42,397 [INFO] 商品标题已保存到文件: /home/runner/work/good-monitor/good-monitor/tmp/good-monitor/arcteryx_official_titles.json
2026-04-05 08:00:34,240 [INFO] 日志系统初始化完成
2026-04-05 08:00:34,241 [INFO] === 开始一次商品监控 ===
2026-04-05 08:00:34,819 [INFO] 打开页面: https://outlet.arcteryx.com/ca/zh/c/mens/shell-jackets
2026-04-05 08:00:37,907 [INFO] 等待首屏商品渲染…
2026-04-05 08:00:40,015 [INFO] 开始自动滚动加载所有商品…
2026-04-05 08:00:42,495 [INFO] 抓取到 10 个商品名称
2026-04-05 08:00:42,496 [INFO] 从文件加载商品标题，共 10 项
2026-04-05 08:00:42,496 [INFO] 商品标题已保存到文件: /home/runner/work/good-monitor/good-monitor/tmp/good-monitor/arcteryx_official_titles.json
2026-04-05 09:00:32,405 [INFO] 日志系统初始化完成
2026-04-05 09:00:32,405 [INFO] === 开始一次商品监控 ===
2026-04-05 09:00:33,016 [INFO] 打开页面: https://outlet.arcteryx.com/ca/zh/c/mens/shell-jackets
2026-04-05 09:00:35,776 [INFO] 等待首屏商品渲染…
2026-04-05 09:00:38,177 [INFO] 开始自动滚动加载所有商品…
2026-04-05 09:00:40,818 [INFO] 抓取到 10 个商品名称
2026-04-05 09:00:40,819 [INFO] 从文件加载商品标题，共 10 项
2026-04-05 09:00:40,819 [INFO] 商品标题已保存到文件: /home/runner/work/good-monitor/good-monitor/tmp/good-monitor/arcteryx_official_titles.json
2026-04-05 10:00:36,943 [INFO] 日志系统初始化完成
2026-04-05 10:00:36,943 [INFO] === 开始一次商品监控 ===
2026-04-05 10:00:38,426 [INFO] 打开页面: https://outlet.arcteryx.com/ca/zh/c/mens/shell-jackets
2026-04-05 10:00:41,967 [INFO] 等待首屏商品渲染…
2026-04-05 10:00:43,142 [INFO] 开始自动滚动加载所有商品…
2026-04-05 10:00:45,631 [INFO] 抓取到 10 个商品名称
2026-04-05 10:00:45,631 [INFO] 从文件加载商品标题，共 10 项
2026-04-05 10:00:45,632 [INFO] 商品标题已保存到文件: /home/runner/work/good-monitor/good-monitor/tmp/good-monitor/arcteryx_official_titles.json
2026-04-05 11:00:34,305 [INFO] 日志系统初始化完成
2026-04-05 11:00:34,305 [INFO] === 开始一次商品监控 ===
2026-04-05 11:00:34,883 [INFO] 打开页面: https://outlet.arcteryx.com/ca/zh/c/mens/shell-jackets
2026-04-05 11:00:36,545 [INFO] 等待首屏商品渲染…
2026-04-05 11:00:39,265 [INFO] 开始自动滚动加载所有商品…
2026-04-05 11:00:41,759 [INFO] 抓取到 10 个商品名称
2026-04-05 11:00:41,759 [INFO] 从文件加载商品标题，共 10 项
2026-04-05 11:00:41,760 [INFO] 商品标题已保存到文件: /home/runner/work/good-monitor/good-monitor/tmp/good-monitor/arcteryx_official_titles.json
2026-04-05 12:00:47,864 [INFO] 日志系统初始化完成
2026-04-05 12:00:47,864 [INFO] === 开始一次商品监控 ===
2026-04-05 12:00:48,436 [INFO] 打开页面: https://outlet.arcteryx.com/ca/zh/c/mens/shell-jackets
2026-04-05 12:00:51,205 [INFO] 等待首屏商品渲染…
2026-04-05 12:00:52,622 [INFO] 开始自动滚动加载所有商品…
2026-04-05 12:00:54,348 [INFO] 抓取到 10 个商品名称
2026-04-05 12:00:54,348 [INFO] 从文件加载商品标题，共 10 项
2026-04-05 12:00:54,349 [INFO] 商品标题已保存到文件: /home/runner/work/good-monitor/good-monitor/tmp/good-monitor/arcteryx_official_titles.json
2026-04-05 13:00:36,387 [INFO] 日志系统初始化完成
2026-04-05 13:00:36,388 [INFO] === 开始一次商品监控 ===
2026-04-05 13:00:36,956 [INFO] 打开页面: https://outlet.arcteryx.com/ca/zh/c/mens/shell-jackets
2026-04-05 13:00:39,837 [INFO] 等待首屏商品渲染…
2026-04-05 13:00:41,938 [INFO] 开始自动滚动加载所有商品…
2026-04-05 13:00:43,622 [INFO] 抓取到 10 个商品名称
2026-04-05 13:00:43,622 [INFO] 从文件加载商品标题，共 10 项
2026-04-05 13:00:43,623 [INFO] 商品标题已保存到文件: /home/runner/work/good-monitor/good-monitor/tmp/good-monitor/arcteryx_official_titles.json
2026-04-05 14:00:35,758 [INFO] 日志系统初始化完成
2026-04-05 14:00:35,758 [INFO] === 开始一次商品监控 ===
2026-04-05 14:00:36,283 [INFO] 打开页面: https://outlet.arcteryx.com/ca/zh/c/mens/shell-jackets
2026-04-05 14:00:39,508 [INFO] 等待首屏商品渲染…
2026-04-05 14:00:42,400 [INFO] 开始自动滚动加载所有商品…
2026-04-05 14:00:44,284 [INFO] 抓取到 10 个商品名称
2026-04-05 14:00:44,284 [INFO] 从文件加载商品标题，共 10 项
2026-04-05 14:00:44,285 [INFO] 商品标题已保存到文件: /home/runner/work/good-monitor/good-monitor/tmp/good-monitor/arcteryx_official_titles.json
2026-04-05 15:00:38,361 [INFO] 日志系统初始化完成
2026-04-05 15:00:38,361 [INFO] === 开始一次商品监控 ===
2026-04-05 15:00:39,852 [INFO] 打开页面: https://outlet.arcteryx.com/ca/zh/c/mens/shell-jackets
2026-04-05 15:00:42,719 [INFO] 等待首屏商品渲染…
2026-04-05 15:00:44,369 [INFO] 开始自动滚动加载所有商品…
2026-04-05 15:00:46,928 [INFO] 抓取到 10 个商品名称
2026-04-05 15:00:46,928 [INFO] 从文件加载商品标题，共 10 项
2026-04-05 15:00:46,929 [INFO] 商品标题已保存到文件: /home/runner/work/good-monitor/good-monitor/tmp/good-monitor/arcteryx_official_titles.json
2026-04-05 17:00:34,929 [INFO] 日志系统初始化完成
2026-04-05 17:00:34,929 [INFO] === 开始一次商品监控 ===
2026-04-05 17:00:37,621 [INFO] 打开页面: https://outlet.arcteryx.com/ca/zh/c/mens/shell-jackets
2026-04-05 17:00:40,370 [INFO] 等待首屏商品渲染…
2026-04-05 17:00:42,509 [INFO] 开始自动滚动加载所有商品…
2026-04-05 17:00:44,210 [INFO] 抓取到 10 个商品名称
2026-04-05 17:00:44,210 [INFO] 从文件加载商品标题，共 10 项
2026-04-05 17:00:44,211 [INFO] 商品标题已保存到文件: /home/runner/work/good-monitor/good-monitor/tmp/good-monitor/arcteryx_official_titles.json
2026-04-05 18:00:45,461 [INFO] 日志系统初始化完成
2026-04-05 18:00:45,462 [INFO] === 开始一次商品监控 ===
2026-04-05 18:00:46,052 [INFO] 打开页面: https://outlet.arcteryx.com/ca/zh/c/mens/shell-jackets
2026-04-05 18:00:48,733 [INFO] 等待首屏商品渲染…
2026-04-05 18:00:49,933 [INFO] 开始自动滚动加载所有商品…
2026-04-05 18:00:51,815 [INFO] 抓取到 10 个商品名称
2026-04-05 18:00:51,815 [INFO] 从文件加载商品标题，共 10 项
2026-04-05 18:00:51,815 [INFO] 商品标题已保存到文件: /home/runner/work/good-monitor/good-monitor/tmp/good-monitor/arcteryx_official_titles.json
2026-04-05 19:00:37,301 [INFO] 日志系统初始化完成
2026-04-05 19:00:37,301 [INFO] === 开始一次商品监控 ===
2026-04-05 19:00:37,805 [INFO] 打开页面: https://outlet.arcteryx.com/ca/zh/c/mens/shell-jackets
2026-04-05 19:00:40,929 [INFO] 等待首屏商品渲染…
2026-04-05 19:00:43,124 [INFO] 开始自动滚动加载所有商品…
2026-04-05 19:00:44,794 [INFO] 抓取到 10 个商品名称
2026-04-05 19:00:44,794 [INFO] 从文件加载商品标题，共 10 项
2026-04-05 19:00:44,795 [INFO] 商品标题已保存到文件: /home/runner/work/good-monitor/good-monitor/tmp/good-monitor/arcteryx_official_titles.json
2026-04-05 20:00:35,581 [INFO] 日志系统初始化完成
2026-04-05 20:00:35,581 [INFO] === 开始一次商品监控 ===
2026-04-05 20:00:36,199 [INFO] 打开页面: https://outlet.arcteryx.com/ca/zh/c/mens/shell-jackets
2026-04-05 20:00:38,883 [INFO] 等待首屏商品渲染…
2026-04-05 20:00:40,025 [INFO] 开始自动滚动加载所有商品…
2026-04-05 20:00:41,808 [INFO] 抓取到 10 个商品名称
2026-04-05 20:00:41,808 [INFO] 从文件加载商品标题，共 10 项
2026-04-05 20:00:41,809 [INFO] 商品标题已保存到文件: /home/runner/work/good-monitor/good-monitor/tmp/good-monitor/arcteryx_official_titles.json
2026-04-05 21:00:42,878 [INFO] 日志系统初始化完成
2026-04-05 21:00:42,878 [INFO] === 开始一次商品监控 ===
2026-04-05 21:00:43,439 [INFO] 打开页面: https://outlet.arcteryx.com/ca/zh/c/mens/shell-jackets
2026-04-05 21:00:45,351 [INFO] 等待首屏商品渲染…
2026-04-05 21:00:46,468 [INFO] 开始自动滚动加载所有商品…
2026-04-05 21:00:48,948 [INFO] 抓取到 10 个商品名称
2026-04-05 21:00:48,949 [INFO] 从文件加载商品标题，共 10 项
2026-04-05 21:00:48,949 [INFO] 商品标题已保存到文件: /home/runner/work/good-monitor/good-monitor/tmp/good-monitor/arcteryx_official_titles.json
2026-04-05 22:00:37,802 [INFO] 日志系统初始化完成
2026-04-05 22:00:37,802 [INFO] === 开始一次商品监控 ===
2026-04-05 22:00:38,375 [INFO] 打开页面: https://outlet.arcteryx.com/ca/zh/c/mens/shell-jackets
2026-04-05 22:00:40,305 [INFO] 等待首屏商品渲染…
2026-04-05 22:00:41,443 [INFO] 开始自动滚动加载所有商品…
2026-04-05 22:00:43,135 [INFO] 抓取到 10 个商品名称
2026-04-05 22:00:43,135 [INFO] 从文件加载商品标题，共 10 项
2026-04-05 22:00:43,136 [INFO] 商品标题已保存到文件: /home/runner/work/good-monitor/good-monitor/tmp/good-monitor/arcteryx_official_titles.json
2026-04-05 23:00:33,841 [INFO] 日志系统初始化完成
2026-04-05 23:00:33,841 [INFO] === 开始一次商品监控 ===
2026-04-05 23:00:34,399 [INFO] 打开页面: https://outlet.arcteryx.com/ca/zh/c/mens/shell-jackets
2026-04-05 23:00:37,004 [INFO] 等待首屏商品渲染…
2026-04-05 23:00:38,678 [INFO] 开始自动滚动加载所有商品…
2026-04-05 23:00:40,461 [INFO] 抓取到 10 个商品名称
2026-04-05 23:00:40,461 [INFO] 从文件加载商品标题，共 10 项
2026-04-05 23:00:40,461 [INFO] 商品标题已保存到文件: /home/runner/work/good-monitor/good-monitor/tmp/good-monitor/arcteryx_official_titles.json
2026-04-06 00:00:40,368 [INFO] 日志系统初始化完成
2026-04-06 00:00:40,368 [INFO] === 开始一次商品监控 ===
2026-04-06 00:00:40,941 [INFO] 打开页面: https://outlet.arcteryx.com/ca/zh/c/mens/shell-jackets
2026-04-06 00:00:42,832 [INFO] 等待首屏商品渲染…
2026-04-06 00:00:45,491 [INFO] 开始自动滚动加载所有商品…
2026-04-06 00:00:48,106 [INFO] 抓取到 10 个商品名称
2026-04-06 00:00:48,106 [INFO] 从文件加载商品标题，共 10 项
2026-04-06 00:00:48,106 [INFO] 商品标题已保存到文件: /home/runner/work/good-monitor/good-monitor/tmp/good-monitor/arcteryx_official_titles.json
2026-04-06 01:00:38,304 [INFO] 日志系统初始化完成
2026-04-06 01:00:38,304 [INFO] === 开始一次商品监控 ===
2026-04-06 01:00:39,404 [INFO] 打开页面: https://outlet.arcteryx.com/ca/zh/c/mens/shell-jackets
2026-04-06 01:00:42,759 [INFO] 等待首屏商品渲染…
2026-04-06 01:00:44,360 [INFO] 开始自动滚动加载所有商品…
2026-04-06 01:00:46,091 [INFO] 抓取到 10 个商品名称
2026-04-06 01:00:46,091 [INFO] 从文件加载商品标题，共 10 项
2026-04-06 01:00:46,091 [INFO] 商品标题已保存到文件: /home/runner/work/good-monitor/good-monitor/tmp/good-monitor/arcteryx_official_titles.json
2026-04-06 02:00:37,236 [INFO] 日志系统初始化完成
2026-04-06 02:00:37,237 [INFO] === 开始一次商品监控 ===
2026-04-06 02:00:37,784 [INFO] 打开页面: https://outlet.arcteryx.com/ca/zh/c/mens/shell-jackets
2026-04-06 02:00:41,064 [INFO] 等待首屏商品渲染…
2026-04-06 02:00:43,229 [INFO] 开始自动滚动加载所有商品…
2026-04-06 02:00:45,184 [INFO] 抓取到 10 个商品名称
2026-04-06 02:00:45,185 [INFO] 从文件加载商品标题，共 10 项
2026-04-06 02:00:45,185 [INFO] 商品标题已保存到文件: /home/runner/work/good-monitor/good-monitor/tmp/good-monitor/arcteryx_official_titles.json
2026-04-06 03:00:35,409 [INFO] 日志系统初始化完成
2026-04-06 03:00:35,409 [INFO] === 开始一次商品监控 ===
2026-04-06 03:00:35,957 [INFO] 打开页面: https://outlet.arcteryx.com/ca/zh/c/mens/shell-jackets
2026-04-06 03:00:37,997 [INFO] 等待首屏商品渲染…
2026-04-06 03:00:41,938 [INFO] 开始自动滚动加载所有商品…
2026-04-06 03:00:44,661 [INFO] 抓取到 10 个商品名称
2026-04-06 03:00:44,661 [INFO] 从文件加载商品标题，共 10 项
2026-04-06 03:00:44,661 [INFO] 商品标题已保存到文件: /home/runner/work/good-monitor/good-monitor/tmp/good-monitor/arcteryx_official_titles.json
2026-04-06 04:00:40,838 [INFO] 日志系统初始化完成
2026-04-06 04:00:40,838 [INFO] === 开始一次商品监控 ===
2026-04-06 04:00:41,828 [INFO] 打开页面: https://outlet.arcteryx.com/ca/zh/c/mens/shell-jackets
2026-04-06 04:00:45,260 [INFO] 等待首屏商品渲染…
2026-04-06 04:00:47,518 [INFO] 开始自动滚动加载所有商品…
2026-04-06 04:00:49,445 [INFO] 抓取到 10 个商品名称
2026-04-06 04:00:49,445 [INFO] 从文件加载商品标题，共 10 项
2026-04-06 04:00:49,446 [INFO] 商品标题已保存到文件: /home/runner/work/good-monitor/good-monitor/tmp/good-monitor/arcteryx_official_titles.json
2026-04-06 05:00:36,989 [INFO] 日志系统初始化完成
2026-04-06 05:00:36,989 [INFO] === 开始一次商品监控 ===
2026-04-06 05:00:39,041 [INFO] 打开页面: https://outlet.arcteryx.com/ca/zh/c/mens/shell-jackets
2026-04-06 05:00:41,792 [INFO] 等待首屏商品渲染…
2026-04-06 05:00:43,877 [INFO] 开始自动滚动加载所有商品…
2026-04-06 05:00:46,352 [INFO] 抓取到 10 个商品名称
2026-04-06 05:00:46,352 [INFO] 从文件加载商品标题，共 10 项
2026-04-06 05:00:46,352 [INFO] 商品标题已保存到文件: /home/runner/work/good-monitor/good-monitor/tmp/good-monitor/arcteryx_official_titles.json
2026-04-06 06:00:41,027 [INFO] 日志系统初始化完成
2026-04-06 06:00:41,027 [INFO] === 开始一次商品监控 ===
2026-04-06 06:00:43,495 [INFO] 打开页面: https://outlet.arcteryx.com/ca/zh/c/mens/shell-jackets
2026-04-06 06:00:46,105 [INFO] 等待首屏商品渲染…
2026-04-06 06:00:48,705 [INFO] 开始自动滚动加载所有商品…
2026-04-06 06:00:50,381 [INFO] 抓取到 10 个商品名称
2026-04-06 06:00:50,382 [INFO] 从文件加载商品标题，共 10 项
2026-04-06 06:00:50,382 [INFO] 商品标题已保存到文件: /home/runner/work/good-monitor/good-monitor/tmp/good-monitor/arcteryx_official_titles.json
2026-04-06 07:00:32,546 [INFO] 日志系统初始化完成
2026-04-06 07:00:32,546 [INFO] === 开始一次商品监控 ===
2026-04-06 07:00:33,079 [INFO] 打开页面: https://outlet.arcteryx.com/ca/zh/c/mens/shell-jackets
2026-04-06 07:00:36,031 [INFO] 等待首屏商品渲染…
2026-04-06 07:00:38,450 [INFO] 开始自动滚动加载所有商品…
2026-04-06 07:00:41,053 [INFO] 抓取到 10 个商品名称
2026-04-06 07:00:41,053 [INFO] 从文件加载商品标题，共 10 项
2026-04-06 07:00:41,054 [INFO] 商品标题已保存到文件: /home/runner/work/good-monitor/good-monitor/tmp/good-monitor/arcteryx_official_titles.json
2026-04-06 08:00:34,987 [INFO] 日志系统初始化完成
2026-04-06 08:00:34,987 [INFO] === 开始一次商品监控 ===
2026-04-06 08:00:36,299 [INFO] 打开页面: https://outlet.arcteryx.com/ca/zh/c/mens/shell-jackets
2026-04-06 08:00:39,362 [INFO] 等待首屏商品渲染…
2026-04-06 08:00:41,872 [INFO] 开始自动滚动加载所有商品…
2026-04-06 08:00:44,501 [INFO] 抓取到 10 个商品名称
2026-04-06 08:00:44,501 [INFO] 从文件加载商品标题，共 10 项
2026-04-06 08:00:44,501 [INFO] 商品标题已保存到文件: /home/runner/work/good-monitor/good-monitor/tmp/good-monitor/arcteryx_official_titles.json
2026-04-06 09:00:37,806 [INFO] 日志系统初始化完成
2026-04-06 09:00:37,806 [INFO] === 开始一次商品监控 ===
2026-04-06 09:00:40,141 [INFO] 打开页面: https://outlet.arcteryx.com/ca/zh/c/mens/shell-jackets
2026-04-06 09:00:43,502 [INFO] 等待首屏商品渲染…
2026-04-06 09:00:45,213 [INFO] 开始自动滚动加载所有商品…
2026-04-06 09:00:47,836 [INFO] 抓取到 10 个商品名称
2026-04-06 09:00:47,836 [INFO] 从文件加载商品标题，共 10 项
2026-04-06 09:00:47,836 [INFO] 商品标题已保存到文件: /home/runner/work/good-monitor/good-monitor/tmp/good-monitor/arcteryx_official_titles.json
2026-04-06 10:00:37,297 [INFO] 日志系统初始化完成
2026-04-06 10:00:37,297 [INFO] === 开始一次商品监控 ===
2026-04-06 10:00:38,767 [INFO] 打开页面: https://outlet.arcteryx.com/ca/zh/c/mens/shell-jackets
2026-04-06 10:00:40,601 [INFO] 等待首屏商品渲染…
2026-04-06 10:00:43,846 [INFO] 开始自动滚动加载所有商品…
2026-04-06 10:00:45,560 [INFO] 抓取到 10 个商品名称
2026-04-06 10:00:45,561 [INFO] 从文件加载商品标题，共 10 项
2026-04-06 10:00:45,561 [INFO] 商品标题已保存到文件: /home/runner/work/good-monitor/good-monitor/tmp/good-monitor/arcteryx_official_titles.json
2026-04-06 11:00:44,945 [INFO] 日志系统初始化完成
2026-04-06 11:00:44,945 [INFO] === 开始一次商品监控 ===
2026-04-06 11:00:46,479 [INFO] 打开页面: https://outlet.arcteryx.com/ca/zh/c/mens/shell-jackets
2026-04-06 11:00:50,198 [INFO] 等待首屏商品渲染…
2026-04-06 11:00:51,316 [INFO] 开始自动滚动加载所有商品…
2026-04-06 11:00:53,979 [INFO] 抓取到 10 个商品名称
2026-04-06 11:00:53,979 [INFO] 从文件加载商品标题，共 10 项
2026-04-06 11:00:53,979 [INFO] 商品标题已保存到文件: /home/runner/work/good-monitor/good-monitor/tmp/good-monitor/arcteryx_official_titles.json
2026-04-06 12:00:37,894 [INFO] 日志系统初始化完成
2026-04-06 12:00:37,894 [INFO] === 开始一次商品监控 ===
2026-04-06 12:00:38,498 [INFO] 打开页面: https://outlet.arcteryx.com/ca/zh/c/mens/shell-jackets
2026-04-06 12:00:39,798 [INFO] 等待首屏商品渲染…
2026-04-06 12:00:42,291 [INFO] 开始自动滚动加载所有商品…
2026-04-06 12:00:43,987 [INFO] 抓取到 10 个商品名称
2026-04-06 12:00:43,988 [INFO] 从文件加载商品标题，共 10 项
2026-04-06 12:00:43,988 [INFO] 商品标题已保存到文件: /home/runner/work/good-monitor/good-monitor/tmp/good-monitor/arcteryx_official_titles.json
2026-04-06 13:00:36,422 [INFO] 日志系统初始化完成
2026-04-06 13:00:36,422 [INFO] === 开始一次商品监控 ===
2026-04-06 13:00:36,985 [INFO] 打开页面: https://outlet.arcteryx.com/ca/zh/c/mens/shell-jackets
2026-04-06 13:00:39,550 [INFO] 等待首屏商品渲染…
2026-04-06 13:00:40,702 [INFO] 开始自动滚动加载所有商品…
2026-04-06 13:00:42,529 [INFO] 抓取到 10 个商品名称
2026-04-06 13:00:42,529 [INFO] 从文件加载商品标题，共 10 项
2026-04-06 13:00:42,530 [INFO] 商品标题已保存到文件: /home/runner/work/good-monitor/good-monitor/tmp/good-monitor/arcteryx_official_titles.json
2026-04-06 14:00:39,235 [INFO] 日志系统初始化完成
2026-04-06 14:00:39,235 [INFO] === 开始一次商品监控 ===
2026-04-06 14:00:40,454 [INFO] 打开页面: https://outlet.arcteryx.com/ca/zh/c/mens/shell-jackets
2026-04-06 14:00:41,873 [INFO] 等待首屏商品渲染…
2026-04-06 14:00:45,620 [INFO] 开始自动滚动加载所有商品…
2026-04-06 14:00:47,363 [INFO] 抓取到 10 个商品名称
2026-04-06 14:00:47,363 [INFO] 从文件加载商品标题，共 10 项
2026-04-06 14:00:47,364 [INFO] 商品标题已保存到文件: /home/runner/work/good-monitor/good-monitor/tmp/good-monitor/arcteryx_official_titles.json
2026-04-06 15:00:41,853 [INFO] 日志系统初始化完成
2026-04-06 15:00:41,853 [INFO] === 开始一次商品监控 ===
2026-04-06 15:00:42,474 [INFO] 打开页面: https://outlet.arcteryx.com/ca/zh/c/mens/shell-jackets
2026-04-06 15:00:44,357 [INFO] 等待首屏商品渲染…
2026-04-06 15:00:50,065 [INFO] 开始自动滚动加载所有商品…
2026-04-06 15:00:52,619 [INFO] 抓取到 10 个商品名称
2026-04-06 15:00:52,620 [INFO] 从文件加载商品标题，共 10 项
2026-04-06 15:00:52,620 [INFO] 商品标题已保存到文件: /home/runner/work/good-monitor/good-monitor/tmp/good-monitor/arcteryx_official_titles.json
2026-04-06 16:00:39,829 [INFO] 日志系统初始化完成
2026-04-06 16:00:39,829 [INFO] === 开始一次商品监控 ===
2026-04-06 16:00:40,377 [INFO] 打开页面: https://outlet.arcteryx.com/ca/zh/c/mens/shell-jackets
2026-04-06 16:00:43,422 [INFO] 等待首屏商品渲染…
2026-04-06 16:00:45,099 [INFO] 开始自动滚动加载所有商品…
2026-04-06 16:00:46,830 [INFO] 抓取到 10 个商品名称
2026-04-06 16:00:46,830 [INFO] 从文件加载商品标题，共 10 项
2026-04-06 16:00:46,831 [INFO] 商品标题已保存到文件: /home/runner/work/good-monitor/good-monitor/tmp/good-monitor/arcteryx_official_titles.json
2026-04-06 17:00:44,315 [INFO] 日志系统初始化完成
2026-04-06 17:00:44,315 [INFO] === 开始一次商品监控 ===
2026-04-06 17:00:44,905 [INFO] 打开页面: https://outlet.arcteryx.com/ca/zh/c/mens/shell-jackets
2026-04-06 17:00:48,070 [INFO] 等待首屏商品渲染…
2026-04-06 17:00:49,173 [INFO] 开始自动滚动加载所有商品…
2026-04-06 17:00:50,869 [INFO] 抓取到 10 个商品名称
2026-04-06 17:00:50,869 [INFO] 从文件加载商品标题，共 10 项
2026-04-06 17:00:50,869 [INFO] 商品标题已保存到文件: /home/runner/work/good-monitor/good-monitor/tmp/good-monitor/arcteryx_official_titles.json
2026-04-06 18:00:36,958 [INFO] 日志系统初始化完成
2026-04-06 18:00:36,959 [INFO] === 开始一次商品监控 ===
2026-04-06 18:00:38,340 [INFO] 打开页面: https://outlet.arcteryx.com/ca/zh/c/mens/shell-jackets
2026-04-06 18:00:39,878 [INFO] 等待首屏商品渲染…
2026-04-06 18:00:42,921 [INFO] 开始自动滚动加载所有商品…
2026-04-06 18:00:45,505 [INFO] 抓取到 10 个商品名称
2026-04-06 18:00:45,505 [INFO] 从文件加载商品标题，共 10 项
2026-04-06 18:00:45,506 [INFO] 商品标题已保存到文件: /home/runner/work/good-monitor/good-monitor/tmp/good-monitor/arcteryx_official_titles.json
2026-04-06 19:00:36,028 [INFO] 日志系统初始化完成
2026-04-06 19:00:36,029 [INFO] === 开始一次商品监控 ===
2026-04-06 19:00:36,595 [INFO] 打开页面: https://outlet.arcteryx.com/ca/zh/c/mens/shell-jackets
2026-04-06 19:00:39,229 [INFO] 等待首屏商品渲染…
2026-04-06 19:00:40,339 [INFO] 开始自动滚动加载所有商品…
2026-04-06 19:00:42,108 [INFO] 抓取到 10 个商品名称
2026-04-06 19:00:42,108 [INFO] 从文件加载商品标题，共 10 项
2026-04-06 19:00:42,108 [INFO] 商品标题已保存到文件: /home/runner/work/good-monitor/good-monitor/tmp/good-monitor/arcteryx_official_titles.json
2026-04-06 20:00:46,543 [INFO] 日志系统初始化完成
2026-04-06 20:00:46,543 [INFO] === 开始一次商品监控 ===
2026-04-06 20:00:48,210 [INFO] 打开页面: https://outlet.arcteryx.com/ca/zh/c/mens/shell-jackets
2026-04-06 20:00:50,758 [INFO] 等待首屏商品渲染…
2026-04-06 20:00:51,882 [INFO] 开始自动滚动加载所有商品…
2026-04-06 20:00:54,388 [INFO] 抓取到 10 个商品名称
2026-04-06 20:00:54,388 [INFO] 从文件加载商品标题，共 10 项
2026-04-06 20:00:54,388 [INFO] 商品标题已保存到文件: /home/runner/work/good-monitor/good-monitor/tmp/good-monitor/arcteryx_official_titles.json
2026-04-06 21:00:34,360 [INFO] 日志系统初始化完成
2026-04-06 21:00:34,360 [INFO] === 开始一次商品监控 ===
2026-04-06 21:00:35,048 [INFO] 打开页面: https://outlet.arcteryx.com/ca/zh/c/mens/shell-jackets
2026-04-06 21:00:37,350 [INFO] 等待首屏商品渲染…
2026-04-06 21:00:42,429 [INFO] 开始自动滚动加载所有商品…
2026-04-06 21:00:45,018 [INFO] 抓取到 10 个商品名称
2026-04-06 21:00:45,019 [INFO] 从文件加载商品标题，共 10 项
2026-04-06 21:00:45,019 [INFO] 商品标题已保存到文件: /home/runner/work/good-monitor/good-monitor/tmp/good-monitor/arcteryx_official_titles.json
2026-04-06 22:00:39,191 [INFO] 日志系统初始化完成
2026-04-06 22:00:39,191 [INFO] === 开始一次商品监控 ===
2026-04-06 22:00:41,421 [INFO] 打开页面: https://outlet.arcteryx.com/ca/zh/c/mens/shell-jackets
2026-04-06 22:00:44,838 [INFO] 等待首屏商品渲染…
2026-04-06 22:00:47,416 [INFO] 开始自动滚动加载所有商品…
2026-04-06 22:00:49,889 [INFO] 抓取到 10 个商品名称
2026-04-06 22:00:49,889 [INFO] 从文件加载商品标题，共 10 项
2026-04-06 22:00:49,890 [INFO] 商品标题已保存到文件: /home/runner/work/good-monitor/good-monitor/tmp/good-monitor/arcteryx_official_titles.json
2026-04-06 23:00:36,501 [INFO] 日志系统初始化完成
2026-04-06 23:00:36,501 [INFO] === 开始一次商品监控 ===
2026-04-06 23:00:37,064 [INFO] 打开页面: https://outlet.arcteryx.com/ca/zh/c/mens/shell-jackets
2026-04-06 23:00:38,731 [INFO] 等待首屏商品渲染…
2026-04-06 23:00:42,493 [INFO] 开始自动滚动加载所有商品…
2026-04-06 23:00:44,193 [INFO] 抓取到 10 个商品名称
2026-04-06 23:00:44,193 [INFO] 从文件加载商品标题，共 10 项
2026-04-06 23:00:44,193 [INFO] 商品标题已保存到文件: /home/runner/work/good-monitor/good-monitor/tmp/good-monitor/arcteryx_official_titles.json
2026-04-07 00:00:38,064 [INFO] 日志系统初始化完成
2026-04-07 00:00:38,064 [INFO] === 开始一次商品监控 ===
2026-04-07 00:00:38,657 [INFO] 打开页面: https://outlet.arcteryx.com/ca/zh/c/mens/shell-jackets
2026-04-07 00:00:43,473 [INFO] 等待首屏商品渲染…
2026-04-07 00:00:45,832 [INFO] 开始自动滚动加载所有商品…
2026-04-07 00:00:47,594 [INFO] 抓取到 10 个商品名称
2026-04-07 00:00:47,594 [INFO] 从文件加载商品标题，共 10 项
2026-04-07 00:00:47,594 [INFO] 商品标题已保存到文件: /home/runner/work/good-monitor/good-monitor/tmp/good-monitor/arcteryx_official_titles.json
2026-04-07 01:00:38,322 [INFO] 日志系统初始化完成
2026-04-07 01:00:38,322 [INFO] === 开始一次商品监控 ===
2026-04-07 01:00:39,214 [INFO] 打开页面: https://outlet.arcteryx.com/ca/zh/c/mens/shell-jackets
2026-04-07 01:00:43,778 [INFO] 等待首屏商品渲染…
2026-04-07 01:00:48,167 [INFO] 开始自动滚动加载所有商品…
2026-04-07 01:00:49,968 [INFO] 抓取到 10 个商品名称
2026-04-07 01:00:49,968 [INFO] 从文件加载商品标题，共 10 项
2026-04-07 01:00:49,969 [INFO] 商品标题已保存到文件: /home/runner/work/good-monitor/good-monitor/tmp/good-monitor/arcteryx_official_titles.json
2026-04-07 03:00:38,534 [INFO] 日志系统初始化完成
2026-04-07 03:00:38,534 [INFO] === 开始一次商品监控 ===
2026-04-07 03:00:39,103 [INFO] 打开页面: https://outlet.arcteryx.com/ca/zh/c/mens/shell-jackets
2026-04-07 03:00:43,062 [INFO] 等待首屏商品渲染…
2026-04-07 03:00:44,676 [INFO] 开始自动滚动加载所有商品…
2026-04-07 03:00:46,381 [INFO] 抓取到 10 个商品名称
2026-04-07 03:00:46,382 [INFO] 从文件加载商品标题，共 10 项
2026-04-07 03:00:46,382 [INFO] 商品标题已保存到文件: /home/runner/work/good-monitor/good-monitor/tmp/good-monitor/arcteryx_official_titles.json
2026-04-07 04:00:35,118 [INFO] 日志系统初始化完成
2026-04-07 04:00:35,118 [INFO] === 开始一次商品监控 ===
2026-04-07 04:00:36,023 [INFO] 打开页面: https://outlet.arcteryx.com/ca/zh/c/mens/shell-jackets
2026-04-07 04:00:38,857 [INFO] 等待首屏商品渲染…
2026-04-07 04:00:40,518 [INFO] 开始自动滚动加载所有商品…
2026-04-07 04:00:42,258 [INFO] 抓取到 10 个商品名称
2026-04-07 04:00:42,258 [INFO] 从文件加载商品标题，共 10 项
2026-04-07 04:00:42,259 [INFO] 商品标题已保存到文件: /home/runner/work/good-monitor/good-monitor/tmp/good-monitor/arcteryx_official_titles.json
2026-04-07 05:00:34,956 [INFO] 日志系统初始化完成
2026-04-07 05:00:34,957 [INFO] === 开始一次商品监控 ===
2026-04-07 05:00:35,446 [INFO] 打开页面: https://outlet.arcteryx.com/ca/zh/c/mens/shell-jackets
2026-04-07 05:00:38,023 [INFO] 等待首屏商品渲染…
2026-04-07 05:00:40,447 [INFO] 开始自动滚动加载所有商品…
2026-04-07 05:00:42,153 [INFO] 抓取到 10 个商品名称
2026-04-07 05:00:42,153 [INFO] 从文件加载商品标题，共 10 项
2026-04-07 05:00:42,154 [INFO] 商品标题已保存到文件: /home/runner/work/good-monitor/good-monitor/tmp/good-monitor/arcteryx_official_titles.json
2026-04-07 06:00:47,776 [INFO] 日志系统初始化完成
2026-04-07 06:00:47,776 [INFO] === 开始一次商品监控 ===
2026-04-07 06:00:49,500 [INFO] 打开页面: https://outlet.arcteryx.com/ca/zh/c/mens/shell-jackets
2026-04-07 06:00:52,639 [INFO] 等待首屏商品渲染…
2026-04-07 06:00:53,598 [INFO] 开始自动滚动加载所有商品…
2026-04-07 06:00:55,316 [INFO] 抓取到 10 个商品名称
2026-04-07 06:00:55,316 [INFO] 从文件加载商品标题，共 10 项
2026-04-07 06:00:55,317 [INFO] 商品标题已保存到文件: /home/runner/work/good-monitor/good-monitor/tmp/good-monitor/arcteryx_official_titles.json
2026-04-07 07:00:43,544 [INFO] 日志系统初始化完成
2026-04-07 07:00:43,544 [INFO] === 开始一次商品监控 ===
2026-04-07 07:00:45,241 [INFO] 打开页面: https://outlet.arcteryx.com/ca/zh/c/mens/shell-jackets
2026-04-07 07:00:47,840 [INFO] 等待首屏商品渲染…
2026-04-07 07:00:49,030 [INFO] 开始自动滚动加载所有商品…
2026-04-07 07:00:51,621 [INFO] 抓取到 10 个商品名称
2026-04-07 07:00:51,621 [INFO] 从文件加载商品标题，共 10 项
2026-04-07 07:00:51,621 [INFO] 商品标题已保存到文件: /home/runner/work/good-monitor/good-monitor/tmp/good-monitor/arcteryx_official_titles.json
2026-04-07 08:00:46,199 [INFO] 日志系统初始化完成
2026-04-07 08:00:46,199 [INFO] === 开始一次商品监控 ===
2026-04-07 08:00:46,735 [INFO] 打开页面: https://outlet.arcteryx.com/ca/zh/c/mens/shell-jackets
2026-04-07 08:00:49,958 [INFO] 等待首屏商品渲染…
2026-04-07 08:00:52,231 [INFO] 开始自动滚动加载所有商品…
2026-04-07 08:00:54,769 [INFO] 抓取到 10 个商品名称
2026-04-07 08:00:54,769 [INFO] 从文件加载商品标题，共 10 项
2026-04-07 08:00:54,769 [INFO] 商品标题已保存到文件: /home/runner/work/good-monitor/good-monitor/tmp/good-monitor/arcteryx_official_titles.json
2026-04-07 09:00:40,557 [INFO] 日志系统初始化完成
2026-04-07 09:00:40,557 [INFO] === 开始一次商品监控 ===
2026-04-07 09:00:41,165 [INFO] 打开页面: https://outlet.arcteryx.com/ca/zh/c/mens/shell-jackets
2026-04-07 09:00:43,179 [INFO] 等待首屏商品渲染…
2026-04-07 09:00:44,354 [INFO] 开始自动滚动加载所有商品…
2026-04-07 09:00:46,919 [INFO] 抓取到 10 个商品名称
2026-04-07 09:00:46,919 [INFO] 从文件加载商品标题，共 10 项
2026-04-07 09:00:46,919 [INFO] 商品标题已保存到文件: /home/runner/work/good-monitor/good-monitor/tmp/good-monitor/arcteryx_official_titles.json
2026-04-07 10:00:39,124 [INFO] 日志系统初始化完成
2026-04-07 10:00:39,124 [INFO] === 开始一次商品监控 ===
2026-04-07 10:00:39,709 [INFO] 打开页面: https://outlet.arcteryx.com/ca/zh/c/mens/shell-jackets
2026-04-07 10:00:41,551 [INFO] 等待首屏商品渲染…
2026-04-07 10:00:42,653 [INFO] 开始自动滚动加载所有商品…
2026-04-07 10:00:44,445 [INFO] 抓取到 10 个商品名称
2026-04-07 10:00:44,446 [INFO] 从文件加载商品标题，共 10 项
2026-04-07 10:00:44,446 [INFO] 商品标题已保存到文件: /home/runner/work/good-monitor/good-monitor/tmp/good-monitor/arcteryx_official_titles.json
2026-04-07 11:00:38,586 [INFO] 日志系统初始化完成
2026-04-07 11:00:38,586 [INFO] === 开始一次商品监控 ===
2026-04-07 11:00:40,380 [INFO] 打开页面: https://outlet.arcteryx.com/ca/zh/c/mens/shell-jackets
2026-04-07 11:00:42,962 [INFO] 等待首屏商品渲染…
2026-04-07 11:00:45,062 [INFO] 开始自动滚动加载所有商品…
2026-04-07 11:00:47,531 [INFO] 抓取到 10 个商品名称
2026-04-07 11:00:47,531 [INFO] 从文件加载商品标题，共 10 项
2026-04-07 11:00:47,532 [INFO] 商品标题已保存到文件: /home/runner/work/good-monitor/good-monitor/tmp/good-monitor/arcteryx_official_titles.json
2026-04-07 12:00:39,454 [INFO] 日志系统初始化完成
2026-04-07 12:00:39,454 [INFO] === 开始一次商品监控 ===
2026-04-07 12:00:40,015 [INFO] 打开页面: https://outlet.arcteryx.com/ca/zh/c/mens/shell-jackets
2026-04-07 12:00:43,169 [INFO] 等待首屏商品渲染…
2026-04-07 12:00:45,269 [INFO] 开始自动滚动加载所有商品…
2026-04-07 12:00:47,762 [INFO] 抓取到 10 个商品名称
2026-04-07 12:00:47,762 [INFO] 从文件加载商品标题，共 10 项
2026-04-07 12:00:47,762 [INFO] 商品标题已保存到文件: /home/runner/work/good-monitor/good-monitor/tmp/good-monitor/arcteryx_official_titles.json
2026-04-07 13:00:42,683 [INFO] 日志系统初始化完成
2026-04-07 13:00:42,683 [INFO] === 开始一次商品监控 ===
2026-04-07 13:00:44,091 [INFO] 打开页面: https://outlet.arcteryx.com/ca/zh/c/mens/shell-jackets
2026-04-07 13:00:46,423 [INFO] 等待首屏商品渲染…
2026-04-07 13:00:48,098 [INFO] 开始自动滚动加载所有商品…
2026-04-07 13:00:49,909 [INFO] 抓取到 10 个商品名称
2026-04-07 13:00:49,909 [INFO] 从文件加载商品标题，共 10 项
2026-04-07 13:00:49,910 [INFO] 商品标题已保存到文件: /home/runner/work/good-monitor/good-monitor/tmp/good-monitor/arcteryx_official_titles.json
2026-04-07 15:00:41,405 [INFO] 日志系统初始化完成
2026-04-07 15:00:41,405 [INFO] === 开始一次商品监控 ===
2026-04-07 15:00:41,969 [INFO] 打开页面: https://outlet.arcteryx.com/ca/zh/c/mens/shell-jackets
2026-04-07 15:00:45,286 [INFO] 等待首屏商品渲染…
2026-04-07 15:00:47,431 [INFO] 开始自动滚动加载所有商品…
2026-04-07 15:00:49,115 [INFO] 抓取到 10 个商品名称
2026-04-07 15:00:49,115 [INFO] 从文件加载商品标题，共 10 项
2026-04-07 15:00:49,115 [INFO] 商品标题已保存到文件: /home/runner/work/good-monitor/good-monitor/tmp/good-monitor/arcteryx_official_titles.json
2026-04-07 16:00:44,747 [INFO] 日志系统初始化完成
2026-04-07 16:00:44,747 [INFO] === 开始一次商品监控 ===
2026-04-07 16:00:46,856 [INFO] 打开页面: https://outlet.arcteryx.com/ca/zh/c/mens/shell-jackets
2026-04-07 16:00:49,567 [INFO] 等待首屏商品渲染…
2026-04-07 16:00:51,229 [INFO] 开始自动滚动加载所有商品…
2026-04-07 16:00:52,916 [INFO] 抓取到 10 个商品名称
2026-04-07 16:00:52,916 [INFO] 从文件加载商品标题，共 10 项
2026-04-07 16:00:52,917 [INFO] 商品标题已保存到文件: /home/runner/work/good-monitor/good-monitor/tmp/good-monitor/arcteryx_official_titles.json
2026-04-07 17:00:43,282 [INFO] 日志系统初始化完成
2026-04-07 17:00:43,282 [INFO] === 开始一次商品监控 ===
2026-04-07 17:00:43,847 [INFO] 打开页面: https://outlet.arcteryx.com/ca/zh/c/mens/shell-jackets
2026-04-07 17:00:46,614 [INFO] 等待首屏商品渲染…
2026-04-07 17:00:47,433 [INFO] 开始自动滚动加载所有商品…
2026-04-07 17:00:49,198 [INFO] 抓取到 10 个商品名称
2026-04-07 17:00:49,198 [INFO] 从文件加载商品标题，共 10 项
2026-04-07 17:00:49,198 [INFO] 商品标题已保存到文件: /home/runner/work/good-monitor/good-monitor/tmp/good-monitor/arcteryx_official_titles.json
2026-04-07 18:00:37,595 [INFO] 日志系统初始化完成
2026-04-07 18:00:37,595 [INFO] === 开始一次商品监控 ===
2026-04-07 18:00:38,091 [INFO] 打开页面: https://outlet.arcteryx.com/ca/zh/c/mens/shell-jackets
2026-04-07 18:00:40,933 [INFO] 等待首屏商品渲染…
2026-04-07 18:00:42,623 [INFO] 开始自动滚动加载所有商品…
2026-04-07 18:00:44,324 [INFO] 抓取到 10 个商品名称
2026-04-07 18:00:44,324 [INFO] 从文件加载商品标题，共 10 项
2026-04-07 18:00:44,325 [INFO] 商品标题已保存到文件: /home/runner/work/good-monitor/good-monitor/tmp/good-monitor/arcteryx_official_titles.json
2026-04-07 19:00:40,350 [INFO] 日志系统初始化完成
2026-04-07 19:00:40,351 [INFO] === 开始一次商品监控 ===
2026-04-07 19:00:42,660 [INFO] 打开页面: https://outlet.arcteryx.com/ca/zh/c/mens/shell-jackets
2026-04-07 19:00:47,125 [INFO] 等待首屏商品渲染…
2026-04-07 19:00:47,165 [INFO] 开始自动滚动加载所有商品…
2026-04-07 19:00:48,861 [INFO] 抓取到 10 个商品名称
2026-04-07 19:00:48,862 [INFO] 从文件加载商品标题，共 10 项
2026-04-07 19:00:48,862 [INFO] 商品标题已保存到文件: /home/runner/work/good-monitor/good-monitor/tmp/good-monitor/arcteryx_official_titles.json
2026-04-07 20:00:39,179 [INFO] 日志系统初始化完成
2026-04-07 20:00:39,179 [INFO] === 开始一次商品监控 ===
2026-04-07 20:00:39,749 [INFO] 打开页面: https://outlet.arcteryx.com/ca/zh/c/mens/shell-jackets
2026-04-07 20:00:43,371 [INFO] 等待首屏商品渲染…
2026-04-07 20:00:43,411 [INFO] 开始自动滚动加载所有商品…
2026-04-07 20:00:45,105 [INFO] 抓取到 10 个商品名称
2026-04-07 20:00:45,106 [INFO] 从文件加载商品标题，共 10 项
2026-04-07 20:00:45,106 [INFO] 商品标题已保存到文件: /home/runner/work/good-monitor/good-monitor/tmp/good-monitor/arcteryx_official_titles.json
2026-04-07 21:00:36,768 [INFO] 日志系统初始化完成
2026-04-07 21:00:36,768 [INFO] === 开始一次商品监控 ===
2026-04-07 21:00:39,123 [INFO] 打开页面: https://outlet.arcteryx.com/ca/zh/c/mens/shell-jackets
2026-04-07 21:00:41,964 [INFO] 等待首屏商品渲染…
2026-04-07 21:00:43,629 [INFO] 开始自动滚动加载所有商品…
2026-04-07 21:00:46,103 [INFO] 抓取到 10 个商品名称
2026-04-07 21:00:46,103 [INFO] 从文件加载商品标题，共 10 项
2026-04-07 21:00:46,103 [INFO] 商品标题已保存到文件: /home/runner/work/good-monitor/good-monitor/tmp/good-monitor/arcteryx_official_titles.json
2026-04-07 22:00:36,207 [INFO] 日志系统初始化完成
2026-04-07 22:00:36,207 [INFO] === 开始一次商品监控 ===
2026-04-07 22:00:37,141 [INFO] 打开页面: https://outlet.arcteryx.com/ca/zh/c/mens/shell-jackets
2026-04-07 22:00:39,812 [INFO] 等待首屏商品渲染…
2026-04-07 22:00:41,611 [INFO] 开始自动滚动加载所有商品…
2026-04-07 22:00:44,258 [INFO] 抓取到 10 个商品名称
2026-04-07 22:00:44,258 [INFO] 从文件加载商品标题，共 10 项
2026-04-07 22:00:44,259 [INFO] 商品标题已保存到文件: /home/runner/work/good-monitor/good-monitor/tmp/good-monitor/arcteryx_official_titles.json
2026-04-07 23:00:36,779 [INFO] 日志系统初始化完成
2026-04-07 23:00:36,779 [INFO] === 开始一次商品监控 ===
2026-04-07 23:00:37,338 [INFO] 打开页面: https://outlet.arcteryx.com/ca/zh/c/mens/shell-jackets
2026-04-07 23:00:40,132 [INFO] 等待首屏商品渲染…
2026-04-07 23:00:41,732 [INFO] 开始自动滚动加载所有商品…
2026-04-07 23:00:43,483 [INFO] 抓取到 10 个商品名称
2026-04-07 23:00:43,483 [INFO] 从文件加载商品标题，共 10 项
2026-04-07 23:00:43,484 [INFO] 商品标题已保存到文件: /home/runner/work/good-monitor/good-monitor/tmp/good-monitor/arcteryx_official_titles.json
2026-04-08 00:00:39,126 [INFO] 日志系统初始化完成
2026-04-08 00:00:39,126 [INFO] === 开始一次商品监控 ===
2026-04-08 00:00:39,700 [INFO] 打开页面: https://outlet.arcteryx.com/ca/zh/c/mens/shell-jackets
2026-04-08 00:00:43,182 [INFO] 等待首屏商品渲染…
2026-04-08 00:00:44,839 [INFO] 开始自动滚动加载所有商品…
2026-04-08 00:00:46,603 [INFO] 抓取到 10 个商品名称
2026-04-08 00:00:46,603 [INFO] 从文件加载商品标题，共 10 项
2026-04-08 00:00:46,604 [INFO] 商品标题已保存到文件: /home/runner/work/good-monitor/good-monitor/tmp/good-monitor/arcteryx_official_titles.json
2026-04-08 01:00:37,916 [INFO] 日志系统初始化完成
2026-04-08 01:00:37,916 [INFO] === 开始一次商品监控 ===
2026-04-08 01:00:38,489 [INFO] 打开页面: https://outlet.arcteryx.com/ca/zh/c/mens/shell-jackets
2026-04-08 01:00:40,768 [INFO] 等待首屏商品渲染…
2026-04-08 01:00:41,943 [INFO] 开始自动滚动加载所有商品…
2026-04-08 01:00:43,624 [INFO] 抓取到 10 个商品名称
2026-04-08 01:00:43,624 [INFO] 从文件加载商品标题，共 10 项
2026-04-08 01:00:43,625 [INFO] 商品标题已保存到文件: /home/runner/work/good-monitor/good-monitor/tmp/good-monitor/arcteryx_official_titles.json
2026-04-08 02:00:39,276 [INFO] 日志系统初始化完成
2026-04-08 02:00:39,276 [INFO] === 开始一次商品监控 ===
2026-04-08 02:00:40,461 [INFO] 打开页面: https://outlet.arcteryx.com/ca/zh/c/mens/shell-jackets
2026-04-08 02:00:43,828 [INFO] 等待首屏商品渲染…
2026-04-08 02:00:45,674 [INFO] 开始自动滚动加载所有商品…
2026-04-08 02:00:48,225 [INFO] 抓取到 10 个商品名称
2026-04-08 02:00:48,225 [INFO] 从文件加载商品标题，共 10 项
2026-04-08 02:00:48,225 [INFO] 商品标题已保存到文件: /home/runner/work/good-monitor/good-monitor/tmp/good-monitor/arcteryx_official_titles.json
2026-04-08 03:00:37,011 [INFO] 日志系统初始化完成
2026-04-08 03:00:37,011 [INFO] === 开始一次商品监控 ===
2026-04-08 03:00:38,435 [INFO] 打开页面: https://outlet.arcteryx.com/ca/zh/c/mens/shell-jackets
2026-04-08 03:00:41,133 [INFO] 等待首屏商品渲染…
2026-04-08 03:00:45,237 [INFO] 开始自动滚动加载所有商品…
2026-04-08 03:00:46,904 [INFO] 抓取到 10 个商品名称
2026-04-08 03:00:46,904 [INFO] 从文件加载商品标题，共 10 项
2026-04-08 03:00:46,904 [INFO] 商品标题已保存到文件: /home/runner/work/good-monitor/good-monitor/tmp/good-monitor/arcteryx_official_titles.json
2026-04-08 04:00:41,882 [INFO] 日志系统初始化完成
2026-04-08 04:00:41,882 [INFO] === 开始一次商品监控 ===
2026-04-08 04:00:42,451 [INFO] 打开页面: https://outlet.arcteryx.com/ca/zh/c/mens/shell-jackets
2026-04-08 04:00:46,380 [INFO] 等待首屏商品渲染…
2026-04-08 04:00:46,418 [INFO] 开始自动滚动加载所有商品…
2026-04-08 04:00:48,106 [INFO] 抓取到 10 个商品名称
2026-04-08 04:00:48,106 [INFO] 从文件加载商品标题，共 10 项
2026-04-08 04:00:48,106 [INFO] 商品标题已保存到文件: /home/runner/work/good-monitor/good-monitor/tmp/good-monitor/arcteryx_official_titles.json
2026-04-08 05:00:37,458 [INFO] 日志系统初始化完成
2026-04-08 05:00:37,458 [INFO] === 开始一次商品监控 ===
2026-04-08 05:00:39,464 [INFO] 打开页面: https://outlet.arcteryx.com/ca/zh/c/mens/shell-jackets
2026-04-08 05:00:42,339 [INFO] 等待首屏商品渲染…
2026-04-08 05:00:43,445 [INFO] 开始自动滚动加载所有商品…
2026-04-08 05:00:45,231 [INFO] 抓取到 10 个商品名称
2026-04-08 05:00:45,231 [INFO] 从文件加载商品标题，共 10 项
2026-04-08 05:00:45,231 [INFO] 商品标题已保存到文件: /home/runner/work/good-monitor/good-monitor/tmp/good-monitor/arcteryx_official_titles.json
2026-04-08 06:00:40,228 [INFO] 日志系统初始化完成
2026-04-08 06:00:40,228 [INFO] === 开始一次商品监控 ===
2026-04-08 06:00:41,483 [INFO] 打开页面: https://outlet.arcteryx.com/ca/zh/c/mens/shell-jackets
2026-04-08 06:00:44,427 [INFO] 等待首屏商品渲染…
2026-04-08 06:00:45,293 [INFO] 开始自动滚动加载所有商品…
2026-04-08 06:00:47,031 [INFO] 抓取到 10 个商品名称
2026-04-08 06:00:47,032 [INFO] 从文件加载商品标题，共 10 项
2026-04-08 06:00:47,032 [INFO] 商品标题已保存到文件: /home/runner/work/good-monitor/good-monitor/tmp/good-monitor/arcteryx_official_titles.json
2026-04-08 07:00:38,725 [INFO] 日志系统初始化完成
2026-04-08 07:00:38,725 [INFO] === 开始一次商品监控 ===
2026-04-08 07:00:39,333 [INFO] 打开页面: https://outlet.arcteryx.com/ca/zh/c/mens/shell-jackets
2026-04-08 07:00:41,072 [INFO] 等待首屏商品渲染…
2026-04-08 07:00:42,229 [INFO] 开始自动滚动加载所有商品…
2026-04-08 07:00:43,933 [INFO] 抓取到 10 个商品名称
2026-04-08 07:00:43,933 [INFO] 从文件加载商品标题，共 10 项
2026-04-08 07:00:43,933 [INFO] 商品标题已保存到文件: /home/runner/work/good-monitor/good-monitor/tmp/good-monitor/arcteryx_official_titles.json
2026-04-08 08:00:43,090 [INFO] 日志系统初始化完成
2026-04-08 08:00:43,090 [INFO] === 开始一次商品监控 ===
2026-04-08 08:00:44,432 [INFO] 打开页面: https://outlet.arcteryx.com/ca/zh/c/mens/shell-jackets
2026-04-08 08:00:46,991 [INFO] 等待首屏商品渲染…
2026-04-08 08:00:48,171 [INFO] 开始自动滚动加载所有商品…
2026-04-08 08:00:50,035 [INFO] 抓取到 10 个商品名称
2026-04-08 08:00:50,035 [INFO] 从文件加载商品标题，共 10 项
2026-04-08 08:00:50,036 [INFO] 商品标题已保存到文件: /home/runner/work/good-monitor/good-monitor/tmp/good-monitor/arcteryx_official_titles.json
2026-04-08 09:00:41,336 [INFO] 日志系统初始化完成
2026-04-08 09:00:41,336 [INFO] === 开始一次商品监控 ===
2026-04-08 09:00:43,060 [INFO] 打开页面: https://outlet.arcteryx.com/ca/zh/c/mens/shell-jackets
2026-04-08 09:00:46,429 [INFO] 等待首屏商品渲染…
2026-04-08 09:00:47,568 [INFO] 开始自动滚动加载所有商品…
2026-04-08 09:00:49,299 [INFO] 抓取到 10 个商品名称
2026-04-08 09:00:49,299 [INFO] 从文件加载商品标题，共 10 项
2026-04-08 09:00:49,299 [INFO] 商品标题已保存到文件: /home/runner/work/good-monitor/good-monitor/tmp/good-monitor/arcteryx_official_titles.json
2026-04-08 10:00:37,728 [INFO] 日志系统初始化完成
2026-04-08 10:00:37,728 [INFO] === 开始一次商品监控 ===
2026-04-08 10:00:38,313 [INFO] 打开页面: https://outlet.arcteryx.com/ca/zh/c/mens/shell-jackets
2026-04-08 10:00:41,485 [INFO] 等待首屏商品渲染…
2026-04-08 10:00:41,904 [INFO] 开始自动滚动加载所有商品…
2026-04-08 10:00:44,393 [INFO] 抓取到 10 个商品名称
2026-04-08 10:00:44,393 [INFO] 从文件加载商品标题，共 10 项
2026-04-08 10:00:44,394 [INFO] 商品标题已保存到文件: /home/runner/work/good-monitor/good-monitor/tmp/good-monitor/arcteryx_official_titles.json
2026-04-08 11:00:44,998 [INFO] 日志系统初始化完成
2026-04-08 11:00:44,998 [INFO] === 开始一次商品监控 ===
2026-04-08 11:00:47,589 [INFO] 打开页面: https://outlet.arcteryx.com/ca/zh/c/mens/shell-jackets
2026-04-08 11:00:50,931 [INFO] 等待首屏商品渲染…
2026-04-08 11:00:51,036 [INFO] 开始自动滚动加载所有商品…
2026-04-08 11:00:52,732 [INFO] 抓取到 10 个商品名称
2026-04-08 11:00:52,732 [INFO] 从文件加载商品标题，共 10 项
2026-04-08 11:00:52,732 [INFO] 商品标题已保存到文件: /home/runner/work/good-monitor/good-monitor/tmp/good-monitor/arcteryx_official_titles.json
2026-04-08 12:00:38,111 [INFO] 日志系统初始化完成
2026-04-08 12:00:38,111 [INFO] === 开始一次商品监控 ===
2026-04-08 12:00:39,684 [INFO] 打开页面: https://outlet.arcteryx.com/ca/zh/c/mens/shell-jackets
2026-04-08 12:00:42,200 [INFO] 等待首屏商品渲染…
2026-04-08 12:00:43,375 [INFO] 开始自动滚动加载所有商品…
2026-04-08 12:00:45,161 [INFO] 抓取到 10 个商品名称
2026-04-08 12:00:45,161 [INFO] 从文件加载商品标题，共 10 项
2026-04-08 12:00:45,161 [INFO] 商品标题已保存到文件: /home/runner/work/good-monitor/good-monitor/tmp/good-monitor/arcteryx_official_titles.json
2026-04-08 13:00:41,598 [INFO] 日志系统初始化完成
2026-04-08 13:00:41,598 [INFO] === 开始一次商品监控 ===
2026-04-08 13:00:42,525 [INFO] 打开页面: https://outlet.arcteryx.com/ca/zh/c/mens/shell-jackets
2026-04-08 13:00:45,617 [INFO] 等待首屏商品渲染…
2026-04-08 13:00:46,702 [INFO] 开始自动滚动加载所有商品…
2026-04-08 13:00:48,432 [INFO] 抓取到 10 个商品名称
2026-04-08 13:00:48,432 [INFO] 从文件加载商品标题，共 10 项
2026-04-08 13:00:48,432 [INFO] 商品标题已保存到文件: /home/runner/work/good-monitor/good-monitor/tmp/good-monitor/arcteryx_official_titles.json
2026-04-08 14:00:39,888 [INFO] 日志系统初始化完成
2026-04-08 14:00:39,888 [INFO] === 开始一次商品监控 ===
2026-04-08 14:00:40,437 [INFO] 打开页面: https://outlet.arcteryx.com/ca/zh/c/mens/shell-jackets
2026-04-08 14:00:43,308 [INFO] 等待首屏商品渲染…
2026-04-08 14:00:50,949 [INFO] 开始自动滚动加载所有商品…
2026-04-08 14:00:53,424 [INFO] 抓取到 10 个商品名称
2026-04-08 14:00:53,424 [INFO] 从文件加载商品标题，共 10 项
2026-04-08 14:00:53,425 [INFO] 商品标题已保存到文件: /home/runner/work/good-monitor/good-monitor/tmp/good-monitor/arcteryx_official_titles.json
2026-04-08 15:00:47,712 [INFO] 日志系统初始化完成
2026-04-08 15:00:47,712 [INFO] === 开始一次商品监控 ===
2026-04-08 15:00:49,681 [INFO] 打开页面: https://outlet.arcteryx.com/ca/zh/c/mens/shell-jackets
2026-04-08 15:00:51,506 [INFO] 等待首屏商品渲染…
2026-04-08 15:00:51,782 [INFO] 开始自动滚动加载所有商品…
2026-04-08 15:00:54,391 [INFO] 抓取到 10 个商品名称
2026-04-08 15:00:54,391 [INFO] 从文件加载商品标题，共 10 项
2026-04-08 15:00:54,391 [INFO] 商品标题已保存到文件: /home/runner/work/good-monitor/good-monitor/tmp/good-monitor/arcteryx_official_titles.json
2026-04-08 16:00:54,209 [INFO] 日志系统初始化完成
2026-04-08 16:00:54,209 [INFO] === 开始一次商品监控 ===
2026-04-08 16:00:56,926 [INFO] 打开页面: https://outlet.arcteryx.com/ca/zh/c/mens/shell-jackets
2026-04-08 16:00:59,464 [INFO] 等待首屏商品渲染…
2026-04-08 16:01:01,120 [INFO] 开始自动滚动加载所有商品…
2026-04-08 16:01:03,620 [INFO] 抓取到 10 个商品名称
2026-04-08 16:01:03,621 [INFO] 从文件加载商品标题，共 10 项
2026-04-08 16:01:03,621 [INFO] 商品标题已保存到文件: /home/runner/work/good-monitor/good-monitor/tmp/good-monitor/arcteryx_official_titles.json
2026-04-08 17:00:42,494 [INFO] 日志系统初始化完成
2026-04-08 17:00:42,494 [INFO] === 开始一次商品监控 ===
2026-04-08 17:00:43,056 [INFO] 打开页面: https://outlet.arcteryx.com/ca/zh/c/mens/shell-jackets
2026-04-08 17:00:46,045 [INFO] 等待首屏商品渲染…
2026-04-08 17:00:47,669 [INFO] 开始自动滚动加载所有商品…
2026-04-08 17:00:50,308 [INFO] 抓取到 10 个商品名称
2026-04-08 17:00:50,308 [INFO] 从文件加载商品标题，共 10 项
2026-04-08 17:00:50,308 [INFO] 商品标题已保存到文件: /home/runner/work/good-monitor/good-monitor/tmp/good-monitor/arcteryx_official_titles.json
2026-04-08 18:01:03,977 [INFO] 日志系统初始化完成
2026-04-08 18:01:03,977 [INFO] === 开始一次商品监控 ===
2026-04-08 18:01:04,546 [INFO] 打开页面: https://outlet.arcteryx.com/ca/zh/c/mens/shell-jackets
2026-04-08 18:01:08,247 [INFO] 等待首屏商品渲染…
2026-04-08 18:01:09,898 [INFO] 开始自动滚动加载所有商品…
2026-04-08 18:01:11,694 [INFO] 抓取到 10 个商品名称
2026-04-08 18:01:11,695 [INFO] 从文件加载商品标题，共 10 项
2026-04-08 18:01:11,695 [INFO] 商品标题已保存到文件: /home/runner/work/good-monitor/good-monitor/tmp/good-monitor/arcteryx_official_titles.json
2026-04-08 19:00:53,463 [INFO] 日志系统初始化完成
2026-04-08 19:00:53,463 [INFO] === 开始一次商品监控 ===
2026-04-08 19:00:55,515 [INFO] 打开页面: https://outlet.arcteryx.com/ca/zh/c/mens/shell-jackets
2026-04-08 19:00:58,421 [INFO] 等待首屏商品渲染…
2026-04-08 19:00:59,997 [INFO] 开始自动滚动加载所有商品…
2026-04-08 19:01:01,696 [INFO] 抓取到 10 个商品名称
2026-04-08 19:01:01,696 [INFO] 从文件加载商品标题，共 10 项
2026-04-08 19:01:01,696 [INFO] 商品标题已保存到文件: /home/runner/work/good-monitor/good-monitor/tmp/good-monitor/arcteryx_official_titles.json
2026-04-09 01:27:39,830 [INFO] 日志系统初始化完成
2026-04-09 01:27:39,830 [INFO] === 开始一次商品监控 ===
2026-04-09 01:27:40,308 [INFO] 打开页面: https://outlet.arcteryx.com/ca/zh/c/mens/shell-jackets
2026-04-09 01:27:44,059 [INFO] 等待首屏商品渲染…
2026-04-09 01:27:44,100 [INFO] 开始自动滚动加载所有商品…
2026-04-09 01:27:45,776 [INFO] 抓取到 10 个商品名称
2026-04-09 01:27:45,776 [INFO] 从文件加载商品标题，共 10 项
2026-04-09 01:27:45,777 [INFO] 商品标题已保存到文件: /home/runner/work/good-monitor/good-monitor/tmp/good-monitor/arcteryx_official_titles.json
2026-04-09 02:00:43,765 [INFO] 日志系统初始化完成
2026-04-09 02:00:43,765 [INFO] === 开始一次商品监控 ===
2026-04-09 02:00:44,259 [INFO] 打开页面: https://outlet.arcteryx.com/ca/zh/c/mens/shell-jackets
2026-04-09 02:00:48,481 [INFO] 等待首屏商品渲染…
2026-04-09 02:00:48,519 [INFO] 开始自动滚动加载所有商品…
2026-04-09 02:00:50,248 [INFO] 抓取到 10 个商品名称
2026-04-09 02:00:50,248 [INFO] 从文件加载商品标题，共 10 项
2026-04-09 02:00:50,248 [INFO] 商品标题已保存到文件: /home/runner/work/good-monitor/good-monitor/tmp/good-monitor/arcteryx_official_titles.json
2026-04-09 03:00:44,057 [INFO] 日志系统初始化完成
2026-04-09 03:00:44,057 [INFO] === 开始一次商品监控 ===
2026-04-09 03:00:44,558 [INFO] 打开页面: https://outlet.arcteryx.com/ca/zh/c/mens/shell-jackets
2026-04-09 03:00:47,501 [INFO] 等待首屏商品渲染…
2026-04-09 03:00:48,659 [INFO] 开始自动滚动加载所有商品…
2026-04-09 03:00:50,369 [INFO] 抓取到 10 个商品名称
2026-04-09 03:00:50,369 [INFO] 从文件加载商品标题，共 10 项
2026-04-09 03:00:50,369 [INFO] 商品标题已保存到文件: /home/runner/work/good-monitor/good-monitor/tmp/good-monitor/arcteryx_official_titles.json
2026-04-09 04:00:44,555 [INFO] 日志系统初始化完成
2026-04-09 04:00:44,555 [INFO] === 开始一次商品监控 ===
2026-04-09 04:00:45,059 [INFO] 打开页面: https://outlet.arcteryx.com/ca/zh/c/mens/shell-jackets
2026-04-09 04:00:48,337 [INFO] 等待首屏商品渲染…
2026-04-09 04:00:49,599 [INFO] 开始自动滚动加载所有商品…
2026-04-09 04:00:51,319 [INFO] 抓取到 10 个商品名称
2026-04-09 04:00:51,319 [INFO] 从文件加载商品标题，共 10 项
2026-04-09 04:00:51,320 [INFO] 商品标题已保存到文件: /home/runner/work/good-monitor/good-monitor/tmp/good-monitor/arcteryx_official_titles.json
2026-04-09 05:00:49,817 [INFO] 日志系统初始化完成
2026-04-09 05:00:49,817 [INFO] === 开始一次商品监控 ===
2026-04-09 05:00:50,294 [INFO] 打开页面: https://outlet.arcteryx.com/ca/zh/c/mens/shell-jackets
2026-04-09 05:00:54,289 [INFO] 等待首屏商品渲染…
2026-04-09 05:00:54,372 [INFO] 开始自动滚动加载所有商品…
2026-04-09 05:00:56,086 [INFO] 抓取到 10 个商品名称
2026-04-09 05:00:56,087 [INFO] 从文件加载商品标题，共 10 项
2026-04-09 05:00:56,087 [INFO] 商品标题已保存到文件: /home/runner/work/good-monitor/good-monitor/tmp/good-monitor/arcteryx_official_titles.json
2026-04-09 06:00:46,782 [INFO] 日志系统初始化完成
2026-04-09 06:00:46,782 [INFO] === 开始一次商品监控 ===
2026-04-09 06:00:47,277 [INFO] 打开页面: https://outlet.arcteryx.com/ca/zh/c/mens/shell-jackets
2026-04-09 06:00:50,466 [INFO] 等待首屏商品渲染…
2026-04-09 06:00:52,114 [INFO] 开始自动滚动加载所有商品…
2026-04-09 06:00:54,713 [INFO] 抓取到 10 个商品名称
2026-04-09 06:00:54,713 [INFO] 从文件加载商品标题，共 10 项
2026-04-09 06:00:54,714 [INFO] 商品标题已保存到文件: /home/runner/work/good-monitor/good-monitor/tmp/good-monitor/arcteryx_official_titles.json
2026-04-09 07:00:44,686 [INFO] 日志系统初始化完成
2026-04-09 07:00:44,686 [INFO] === 开始一次商品监控 ===
2026-04-09 07:00:45,212 [INFO] 打开页面: https://outlet.arcteryx.com/ca/zh/c/mens/shell-jackets
2026-04-09 07:00:48,082 [INFO] 等待首屏商品渲染…
2026-04-09 07:00:49,286 [INFO] 开始自动滚动加载所有商品…
2026-04-09 07:00:51,779 [INFO] 抓取到 10 个商品名称
2026-04-09 07:00:51,779 [INFO] 从文件加载商品标题，共 10 项
2026-04-09 07:00:51,780 [INFO] 商品标题已保存到文件: /home/runner/work/good-monitor/good-monitor/tmp/good-monitor/arcteryx_official_titles.json
2026-04-09 08:00:45,745 [INFO] 日志系统初始化完成
2026-04-09 08:00:45,745 [INFO] === 开始一次商品监控 ===
2026-04-09 08:00:46,178 [INFO] 打开页面: https://outlet.arcteryx.com/ca/zh/c/mens/shell-jackets
2026-04-09 08:00:50,120 [INFO] 等待首屏商品渲染…
2026-04-09 08:00:50,169 [INFO] 开始自动滚动加载所有商品…
2026-04-09 08:00:51,896 [INFO] 抓取到 10 个商品名称
2026-04-09 08:00:51,896 [INFO] 从文件加载商品标题，共 10 项
2026-04-09 08:00:51,897 [INFO] 商品标题已保存到文件: /home/runner/work/good-monitor/good-monitor/tmp/good-monitor/arcteryx_official_titles.json
2026-04-09 09:00:45,938 [INFO] 日志系统初始化完成
2026-04-09 09:00:45,938 [INFO] === 开始一次商品监控 ===
2026-04-09 09:00:46,433 [INFO] 打开页面: https://outlet.arcteryx.com/ca/zh/c/mens/shell-jackets
2026-04-09 09:00:50,103 [INFO] 等待首屏商品渲染…
2026-04-09 09:00:50,169 [INFO] 开始自动滚动加载所有商品…
2026-04-09 09:00:51,860 [INFO] 抓取到 10 个商品名称
2026-04-09 09:00:51,860 [INFO] 从文件加载商品标题，共 10 项
2026-04-09 09:00:51,860 [INFO] 商品标题已保存到文件: /home/runner/work/good-monitor/good-monitor/tmp/good-monitor/arcteryx_official_titles.json
2026-04-09 10:00:45,355 [INFO] 日志系统初始化完成
2026-04-09 10:00:45,355 [INFO] === 开始一次商品监控 ===
2026-04-09 10:00:45,840 [INFO] 打开页面: https://outlet.arcteryx.com/ca/zh/c/mens/shell-jackets
2026-04-09 10:00:48,665 [INFO] 等待首屏商品渲染…
2026-04-09 10:00:48,731 [INFO] 开始自动滚动加载所有商品…
2026-04-09 10:00:50,414 [INFO] 抓取到 10 个商品名称
2026-04-09 10:00:50,414 [INFO] 从文件加载商品标题，共 10 项
2026-04-09 10:00:50,415 [INFO] 商品标题已保存到文件: /home/runner/work/good-monitor/good-monitor/tmp/good-monitor/arcteryx_official_titles.json
2026-04-09 11:00:43,049 [INFO] 日志系统初始化完成
2026-04-09 11:00:43,049 [INFO] === 开始一次商品监控 ===
2026-04-09 11:00:43,526 [INFO] 打开页面: https://outlet.arcteryx.com/ca/zh/c/mens/shell-jackets
2026-04-09 11:00:46,680 [INFO] 等待首屏商品渲染…
2026-04-09 11:00:48,301 [INFO] 开始自动滚动加载所有商品…
2026-04-09 11:00:50,806 [INFO] 抓取到 10 个商品名称
2026-04-09 11:00:50,807 [INFO] 从文件加载商品标题，共 10 项
2026-04-09 11:00:50,807 [INFO] 商品标题已保存到文件: /home/runner/work/good-monitor/good-monitor/tmp/good-monitor/arcteryx_official_titles.json
2026-04-09 12:00:40,039 [INFO] 日志系统初始化完成
2026-04-09 12:00:40,039 [INFO] === 开始一次商品监控 ===
2026-04-09 12:00:40,559 [INFO] 打开页面: https://outlet.arcteryx.com/ca/zh/c/mens/shell-jackets
2026-04-09 12:00:44,475 [INFO] 等待首屏商品渲染…
2026-04-09 12:00:44,612 [INFO] 开始自动滚动加载所有商品…
2026-04-09 12:00:47,091 [INFO] 抓取到 10 个商品名称
2026-04-09 12:00:47,091 [INFO] 从文件加载商品标题，共 10 项
2026-04-09 12:00:47,091 [INFO] 商品标题已保存到文件: /home/runner/work/good-monitor/good-monitor/tmp/good-monitor/arcteryx_official_titles.json
2026-04-09 13:00:45,868 [INFO] 日志系统初始化完成
2026-04-09 13:00:45,868 [INFO] === 开始一次商品监控 ===
2026-04-09 13:00:46,355 [INFO] 打开页面: https://outlet.arcteryx.com/ca/zh/c/mens/shell-jackets
2026-04-09 13:00:49,366 [INFO] 等待首屏商品渲染…
2026-04-09 13:00:51,486 [INFO] 开始自动滚动加载所有商品…
2026-04-09 13:00:54,110 [INFO] 抓取到 10 个商品名称
2026-04-09 13:00:54,110 [INFO] 从文件加载商品标题，共 10 项
2026-04-09 13:00:54,111 [INFO] 商品标题已保存到文件: /home/runner/work/good-monitor/good-monitor/tmp/good-monitor/arcteryx_official_titles.json
2026-04-09 14:00:44,031 [INFO] 日志系统初始化完成
2026-04-09 14:00:44,031 [INFO] === 开始一次商品监控 ===
2026-04-09 14:00:44,506 [INFO] 打开页面: https://outlet.arcteryx.com/ca/zh/c/mens/shell-jackets
2026-04-09 14:00:47,499 [INFO] 等待首屏商品渲染…
2026-04-09 14:00:48,364 [INFO] 开始自动滚动加载所有商品…
2026-04-09 14:00:50,102 [INFO] 抓取到 10 个商品名称
2026-04-09 14:00:50,103 [INFO] 从文件加载商品标题，共 10 项
2026-04-09 14:00:50,103 [INFO] 商品标题已保存到文件: /home/runner/work/good-monitor/good-monitor/tmp/good-monitor/arcteryx_official_titles.json
2026-04-09 15:00:53,481 [INFO] 日志系统初始化完成
2026-04-09 15:00:53,481 [INFO] === 开始一次商品监控 ===
2026-04-09 15:00:53,982 [INFO] 打开页面: https://outlet.arcteryx.com/ca/zh/c/mens/shell-jackets
2026-04-09 15:00:57,620 [INFO] 等待首屏商品渲染…
2026-04-09 15:00:59,523 [INFO] 开始自动滚动加载所有商品…
2026-04-09 15:01:02,153 [INFO] 抓取到 10 个商品名称
2026-04-09 15:01:02,153 [INFO] 从文件加载商品标题，共 10 项
2026-04-09 15:01:02,153 [INFO] 商品标题已保存到文件: /home/runner/work/good-monitor/good-monitor/tmp/good-monitor/arcteryx_official_titles.json
2026-04-09 16:00:49,717 [INFO] 日志系统初始化完成
2026-04-09 16:00:49,717 [INFO] === 开始一次商品监控 ===
2026-04-09 16:00:50,199 [INFO] 打开页面: https://outlet.arcteryx.com/ca/zh/c/mens/shell-jackets
2026-04-09 16:00:53,651 [INFO] 等待首屏商品渲染…
2026-04-09 16:00:53,714 [INFO] 开始自动滚动加载所有商品…
2026-04-09 16:00:55,403 [INFO] 抓取到 10 个商品名称
2026-04-09 16:00:55,403 [INFO] 从文件加载商品标题，共 10 项
2026-04-09 16:00:55,404 [INFO] 商品标题已保存到文件: /home/runner/work/good-monitor/good-monitor/tmp/good-monitor/arcteryx_official_titles.json
2026-04-09 17:00:49,126 [INFO] 日志系统初始化完成
2026-04-09 17:00:49,126 [INFO] === 开始一次商品监控 ===
2026-04-09 17:00:49,569 [INFO] 打开页面: https://outlet.arcteryx.com/ca/zh/c/mens/shell-jackets
2026-04-09 17:00:52,741 [INFO] 等待首屏商品渲染…
2026-04-09 17:00:59,855 [INFO] 开始自动滚动加载所有商品…
2026-04-09 17:01:01,520 [INFO] 抓取到 10 个商品名称
2026-04-09 17:01:01,520 [INFO] 从文件加载商品标题，共 10 项
2026-04-09 17:01:01,520 [INFO] 商品标题已保存到文件: /home/runner/work/good-monitor/good-monitor/tmp/good-monitor/arcteryx_official_titles.json
2026-04-09 18:00:48,406 [INFO] 日志系统初始化完成
2026-04-09 18:00:48,406 [INFO] === 开始一次商品监控 ===
2026-04-09 18:00:48,887 [INFO] 打开页面: https://outlet.arcteryx.com/ca/zh/c/mens/shell-jackets
2026-04-09 18:00:52,169 [INFO] 等待首屏商品渲染…
2026-04-09 18:00:54,010 [INFO] 开始自动滚动加载所有商品…
2026-04-09 18:00:55,731 [INFO] 抓取到 10 个商品名称
2026-04-09 18:00:55,731 [INFO] 从文件加载商品标题，共 10 项
2026-04-09 18:00:55,732 [INFO] 商品标题已保存到文件: /home/runner/work/good-monitor/good-monitor/tmp/good-monitor/arcteryx_official_titles.json
2026-04-09 19:00:51,465 [INFO] 日志系统初始化完成
2026-04-09 19:00:51,465 [INFO] === 开始一次商品监控 ===
2026-04-09 19:00:51,991 [INFO] 打开页面: https://outlet.arcteryx.com/ca/zh/c/mens/shell-jackets
2026-04-09 19:00:55,187 [INFO] 等待首屏商品渲染…
2026-04-09 19:00:56,818 [INFO] 开始自动滚动加载所有商品…
2026-04-09 19:00:59,316 [INFO] 抓取到 10 个商品名称
2026-04-09 19:00:59,317 [INFO] 从文件加载商品标题，共 10 项
2026-04-09 19:00:59,317 [INFO] 商品标题已保存到文件: /home/runner/work/good-monitor/good-monitor/tmp/good-monitor/arcteryx_official_titles.json
2026-04-09 20:00:50,453 [INFO] 日志系统初始化完成
2026-04-09 20:00:50,453 [INFO] === 开始一次商品监控 ===
2026-04-09 20:00:50,942 [INFO] 打开页面: https://outlet.arcteryx.com/ca/zh/c/mens/shell-jackets
2026-04-09 20:00:53,591 [INFO] 等待首屏商品渲染…
2026-04-09 20:00:54,763 [INFO] 开始自动滚动加载所有商品…
2026-04-09 20:00:56,458 [INFO] 抓取到 8 个商品名称
2026-04-09 20:00:56,459 [INFO] 从文件加载商品标题，共 10 项
2026-04-09 20:00:56,459 [INFO] 下架商品: ['Sabre夹克 男装', 'Rush夹克 男装']
2026-04-09 20:00:56,833 [INFO] 推送结果: {"code":200,"message":"success","timestamp":1775764856}
2026-04-09 20:00:56,835 [INFO] 商品标题已保存到文件: /home/runner/work/good-monitor/good-monitor/tmp/good-monitor/arcteryx_official_titles.json
2026-04-10 10:00:43,366 [INFO] 日志系统初始化完成
2026-04-10 10:00:43,366 [INFO] === 开始一次商品监控 ===
2026-04-10 10:00:43,848 [INFO] 打开页面: https://outlet.arcteryx.com/ca/zh/c/mens/shell-jackets
2026-04-10 10:00:48,050 [INFO] 等待首屏商品渲染…
2026-04-10 10:00:48,128 [INFO] 开始自动滚动加载所有商品…
2026-04-10 10:00:49,844 [INFO] 抓取到 8 个商品名称
2026-04-10 10:00:49,844 [INFO] 从文件加载商品标题，共 8 项
2026-04-10 10:00:49,845 [INFO] 商品标题已保存到文件: /home/runner/work/good-monitor/good-monitor/tmp/good-monitor/arcteryx_official_titles.json
2026-04-10 11:01:34,727 [INFO] 日志系统初始化完成
2026-04-10 11:01:34,727 [INFO] === 开始一次商品监控 ===
2026-04-10 11:01:35,188 [INFO] 打开页面: https://outlet.arcteryx.com/ca/zh/c/mens/shell-jackets
2026-04-10 11:01:39,036 [INFO] 等待首屏商品渲染…
2026-04-10 11:01:39,094 [INFO] 开始自动滚动加载所有商品…
2026-04-10 11:01:40,779 [INFO] 抓取到 8 个商品名称
2026-04-10 11:01:40,779 [INFO] 从文件加载商品标题，共 8 项
2026-04-10 11:01:40,779 [INFO] 商品标题已保存到文件: /home/runner/work/good-monitor/good-monitor/tmp/good-monitor/arcteryx_official_titles.json
2026-04-10 12:00:55,709 [INFO] 日志系统初始化完成
2026-04-10 12:00:55,709 [INFO] === 开始一次商品监控 ===
2026-04-10 12:00:56,197 [INFO] 打开页面: https://outlet.arcteryx.com/ca/zh/c/mens/shell-jackets
2026-04-10 12:00:59,794 [INFO] 等待首屏商品渲染…
2026-04-10 12:00:59,831 [INFO] 开始自动滚动加载所有商品…
2026-04-10 12:01:01,517 [INFO] 抓取到 8 个商品名称
2026-04-10 12:01:01,517 [INFO] 从文件加载商品标题，共 8 项
2026-04-10 12:01:01,517 [INFO] 商品标题已保存到文件: /home/runner/work/good-monitor/good-monitor/tmp/good-monitor/arcteryx_official_titles.json
2026-04-10 13:00:40,225 [INFO] 日志系统初始化完成
2026-04-10 13:00:40,225 [INFO] === 开始一次商品监控 ===
2026-04-10 13:00:40,666 [INFO] 打开页面: https://outlet.arcteryx.com/ca/zh/c/mens/shell-jackets
2026-04-10 13:00:44,135 [INFO] 等待首屏商品渲染…
2026-04-10 13:00:45,261 [INFO] 开始自动滚动加载所有商品…
2026-04-10 13:00:46,943 [INFO] 抓取到 8 个商品名称
2026-04-10 13:00:46,943 [INFO] 从文件加载商品标题，共 8 项
2026-04-10 13:00:46,943 [INFO] 商品标题已保存到文件: /home/runner/work/good-monitor/good-monitor/tmp/good-monitor/arcteryx_official_titles.json
2026-04-10 14:00:51,206 [INFO] 日志系统初始化完成
2026-04-10 14:00:51,206 [INFO] === 开始一次商品监控 ===
2026-04-10 14:00:51,699 [INFO] 打开页面: https://outlet.arcteryx.com/ca/zh/c/mens/shell-jackets
2026-04-10 14:01:04,970 [INFO] 等待首屏商品渲染…
2026-04-10 14:01:05,042 [INFO] 开始自动滚动加载所有商品…
2026-04-10 14:01:06,772 [INFO] 抓取到 8 个商品名称
2026-04-10 14:01:06,773 [INFO] 从文件加载商品标题，共 8 项
2026-04-10 14:01:06,773 [INFO] 商品标题已保存到文件: /home/runner/work/good-monitor/good-monitor/tmp/good-monitor/arcteryx_official_titles.json
2026-04-10 14:21:42,397 [INFO] 日志系统初始化完成
2026-04-10 14:21:42,397 [INFO] === 开始一次商品监控 ===
2026-04-10 14:21:42,867 [INFO] 打开页面: https://outlet.arcteryx.com/ca/zh/c/mens/shell-jackets
2026-04-10 14:21:45,131 [INFO] 等待首屏商品渲染…
2026-04-10 14:21:45,532 [INFO] 开始自动滚动加载所有商品…
2026-04-10 14:21:48,035 [INFO] 抓取到 8 个商品名称
2026-04-10 14:21:48,036 [INFO] 从文件加载商品标题，共 8 项
2026-04-10 14:21:48,036 [INFO] 商品标题已保存到文件: /home/runner/work/good-monitor/good-monitor/tmp/good-monitor/arcteryx_official_titles.json
2026-04-10 14:41:23,002 [INFO] 日志系统初始化完成
2026-04-10 14:41:23,003 [INFO] === 开始一次商品监控 ===
2026-04-10 14:41:23,481 [INFO] 打开页面: https://outlet.arcteryx.com/ca/zh/c/mens/shell-jackets
2026-04-10 14:41:26,891 [INFO] 等待首屏商品渲染…
2026-04-10 14:41:27,998 [INFO] 开始自动滚动加载所有商品…
2026-04-10 14:41:30,498 [INFO] 抓取到 8 个商品名称
2026-04-10 14:41:30,498 [INFO] 从文件加载商品标题，共 8 项
2026-04-10 14:41:30,498 [INFO] 商品标题已保存到文件: /home/runner/work/good-monitor/good-monitor/tmp/good-monitor/arcteryx_official_titles.json
2026-04-10 16:00:46,495 [INFO] 日志系统初始化完成
2026-04-10 16:00:46,496 [INFO] === 开始一次商品监控 ===
2026-04-10 16:00:46,968 [INFO] 打开页面: https://outlet.arcteryx.com/ca/zh/c/mens/shell-jackets
2026-04-10 16:00:50,833 [INFO] 等待首屏商品渲染…
2026-04-10 16:00:50,894 [INFO] 开始自动滚动加载所有商品…
2026-04-10 16:00:52,586 [INFO] 抓取到 8 个商品名称
2026-04-10 16:00:52,586 [INFO] 从文件加载商品标题，共 8 项
2026-04-10 16:00:52,587 [INFO] 商品标题已保存到文件: /home/runner/work/good-monitor/good-monitor/tmp/good-monitor/arcteryx_official_titles.json
2026-04-10 17:00:47,413 [INFO] 日志系统初始化完成
2026-04-10 17:00:47,413 [INFO] === 开始一次商品监控 ===
2026-04-10 17:00:47,944 [INFO] 打开页面: https://outlet.arcteryx.com/ca/zh/c/mens/shell-jackets
2026-04-10 17:00:52,174 [INFO] 等待首屏商品渲染…
2026-04-10 17:00:52,211 [INFO] 开始自动滚动加载所有商品…
2026-04-10 17:00:53,895 [INFO] 抓取到 8 个商品名称
2026-04-10 17:00:53,895 [INFO] 从文件加载商品标题，共 8 项
2026-04-10 17:00:53,896 [INFO] 商品标题已保存到文件: /home/runner/work/good-monitor/good-monitor/tmp/good-monitor/arcteryx_official_titles.json
2026-04-10 18:00:43,237 [INFO] 日志系统初始化完成
2026-04-10 18:00:43,237 [INFO] === 开始一次商品监控 ===
2026-04-10 18:00:43,715 [INFO] 打开页面: https://outlet.arcteryx.com/ca/zh/c/mens/shell-jackets
2026-04-10 18:00:46,164 [INFO] 等待首屏商品渲染…
2026-04-10 18:00:47,361 [INFO] 开始自动滚动加载所有商品…
2026-04-10 18:00:49,148 [INFO] 抓取到 8 个商品名称
2026-04-10 18:00:49,148 [INFO] 从文件加载商品标题，共 8 项
2026-04-10 18:00:49,148 [INFO] 商品标题已保存到文件: /home/runner/work/good-monitor/good-monitor/tmp/good-monitor/arcteryx_official_titles.json
2026-04-10 19:00:44,100 [INFO] 日志系统初始化完成
2026-04-10 19:00:44,100 [INFO] === 开始一次商品监控 ===
2026-04-10 19:00:44,583 [INFO] 打开页面: https://outlet.arcteryx.com/ca/zh/c/mens/shell-jackets
2026-04-10 19:00:47,632 [INFO] 等待首屏商品渲染…
2026-04-10 19:00:49,236 [INFO] 开始自动滚动加载所有商品…
2026-04-10 19:00:51,726 [INFO] 抓取到 8 个商品名称
2026-04-10 19:00:51,726 [INFO] 从文件加载商品标题，共 8 项
2026-04-10 19:00:51,726 [INFO] 商品标题已保存到文件: /home/runner/work/good-monitor/good-monitor/tmp/good-monitor/arcteryx_official_titles.json
2026-04-10 20:00:41,781 [INFO] 日志系统初始化完成
2026-04-10 20:00:41,781 [INFO] === 开始一次商品监控 ===
2026-04-10 20:00:42,264 [INFO] 打开页面: https://outlet.arcteryx.com/ca/zh/c/mens/shell-jackets
2026-04-10 20:00:45,298 [INFO] 等待首屏商品渲染…
2026-04-10 20:00:46,456 [INFO] 开始自动滚动加载所有商品…
2026-04-10 20:00:48,210 [INFO] 抓取到 8 个商品名称
2026-04-10 20:00:48,210 [INFO] 从文件加载商品标题，共 8 项
2026-04-10 20:00:48,210 [INFO] 商品标题已保存到文件: /home/runner/work/good-monitor/good-monitor/tmp/good-monitor/arcteryx_official_titles.json
2026-04-10 21:00:41,465 [INFO] 日志系统初始化完成
2026-04-10 21:00:41,465 [INFO] === 开始一次商品监控 ===
2026-04-10 21:00:41,967 [INFO] 打开页面: https://outlet.arcteryx.com/ca/zh/c/mens/shell-jackets
2026-04-10 21:00:45,260 [INFO] 等待首屏商品渲染…
2026-04-10 21:00:46,355 [INFO] 开始自动滚动加载所有商品…
2026-04-10 21:00:49,032 [INFO] 抓取到 8 个商品名称
2026-04-10 21:00:49,033 [INFO] 从文件加载商品标题，共 8 项
2026-04-10 21:00:49,033 [INFO] 商品标题已保存到文件: /home/runner/work/good-monitor/good-monitor/tmp/good-monitor/arcteryx_official_titles.json
2026-04-10 22:00:42,112 [INFO] 日志系统初始化完成
2026-04-10 22:00:42,113 [INFO] === 开始一次商品监控 ===
2026-04-10 22:00:42,600 [INFO] 打开页面: https://outlet.arcteryx.com/ca/zh/c/mens/shell-jackets
2026-04-10 22:00:46,130 [INFO] 等待首屏商品渲染…
2026-04-10 22:00:46,225 [INFO] 开始自动滚动加载所有商品…
2026-04-10 22:00:47,956 [INFO] 抓取到 8 个商品名称
2026-04-10 22:00:47,956 [INFO] 从文件加载商品标题，共 8 项
2026-04-10 22:00:47,957 [INFO] 商品标题已保存到文件: /home/runner/work/good-monitor/good-monitor/tmp/good-monitor/arcteryx_official_titles.json
2026-04-10 23:00:49,626 [INFO] 日志系统初始化完成
2026-04-10 23:00:49,626 [INFO] === 开始一次商品监控 ===
2026-04-10 23:00:50,116 [INFO] 打开页面: https://outlet.arcteryx.com/ca/zh/c/mens/shell-jackets
2026-04-10 23:00:53,794 [INFO] 等待首屏商品渲染…
2026-04-10 23:00:53,842 [INFO] 开始自动滚动加载所有商品…
2026-04-10 23:00:55,535 [INFO] 抓取到 8 个商品名称
2026-04-10 23:00:55,535 [INFO] 从文件加载商品标题，共 8 项
2026-04-10 23:00:55,535 [INFO] 商品标题已保存到文件: /home/runner/work/good-monitor/good-monitor/tmp/good-monitor/arcteryx_official_titles.json
2026-04-11 00:00:40,247 [INFO] 日志系统初始化完成
2026-04-11 00:00:40,247 [INFO] === 开始一次商品监控 ===
2026-04-11 00:00:40,730 [INFO] 打开页面: https://outlet.arcteryx.com/ca/zh/c/mens/shell-jackets
2026-04-11 00:00:42,470 [INFO] 等待首屏商品渲染…
2026-04-11 00:00:43,403 [INFO] 开始自动滚动加载所有商品…
2026-04-11 00:00:44,492 [INFO] 抓取到 8 个商品名称
2026-04-11 00:00:44,492 [INFO] 从文件加载商品标题，共 8 项
2026-04-11 00:00:44,493 [INFO] 商品标题已保存到文件: /home/runner/work/good-monitor/good-monitor/tmp/good-monitor/arcteryx_official_titles.json
2026-04-11 02:00:40,842 [INFO] 日志系统初始化完成
2026-04-11 02:00:40,842 [INFO] === 开始一次商品监控 ===
2026-04-11 02:00:41,284 [INFO] 打开页面: https://outlet.arcteryx.com/ca/zh/c/mens/shell-jackets
2026-04-11 02:00:44,322 [INFO] 等待首屏商品渲染…
2026-04-11 02:00:46,929 [INFO] 开始自动滚动加载所有商品…
2026-04-11 02:00:48,621 [INFO] 抓取到 8 个商品名称
2026-04-11 02:00:48,621 [INFO] 从文件加载商品标题，共 8 项
2026-04-11 02:00:48,621 [INFO] 商品标题已保存到文件: /home/runner/work/good-monitor/good-monitor/tmp/good-monitor/arcteryx_official_titles.json
2026-04-11 03:00:43,634 [INFO] 日志系统初始化完成
2026-04-11 03:00:43,634 [INFO] === 开始一次商品监控 ===
2026-04-11 03:00:44,146 [INFO] 打开页面: https://outlet.arcteryx.com/ca/zh/c/mens/shell-jackets
2026-04-11 03:00:47,117 [INFO] 等待首屏商品渲染…
2026-04-11 03:00:48,356 [INFO] 开始自动滚动加载所有商品…
2026-04-11 03:00:50,059 [INFO] 抓取到 8 个商品名称
2026-04-11 03:00:50,059 [INFO] 从文件加载商品标题，共 8 项
2026-04-11 03:00:50,059 [INFO] 商品标题已保存到文件: /home/runner/work/good-monitor/good-monitor/tmp/good-monitor/arcteryx_official_titles.json
2026-04-11 04:00:42,746 [INFO] 日志系统初始化完成
2026-04-11 04:00:42,746 [INFO] === 开始一次商品监控 ===
2026-04-11 04:00:43,282 [INFO] 打开页面: https://outlet.arcteryx.com/ca/zh/c/mens/shell-jackets
2026-04-11 04:00:46,357 [INFO] 等待首屏商品渲染…
2026-04-11 04:00:48,155 [INFO] 开始自动滚动加载所有商品…
2026-04-11 04:00:49,852 [INFO] 抓取到 8 个商品名称
2026-04-11 04:00:49,853 [INFO] 从文件加载商品标题，共 8 项
2026-04-11 04:00:49,853 [INFO] 商品标题已保存到文件: /home/runner/work/good-monitor/good-monitor/tmp/good-monitor/arcteryx_official_titles.json
2026-04-11 05:00:45,751 [INFO] 日志系统初始化完成
2026-04-11 05:00:45,751 [INFO] === 开始一次商品监控 ===
2026-04-11 05:00:46,295 [INFO] 打开页面: https://outlet.arcteryx.com/ca/zh/c/mens/shell-jackets
2026-04-11 05:00:49,141 [INFO] 等待首屏商品渲染…
2026-04-11 05:00:50,242 [INFO] 开始自动滚动加载所有商品…
2026-04-11 05:00:51,918 [INFO] 抓取到 8 个商品名称
2026-04-11 05:00:51,918 [INFO] 从文件加载商品标题，共 8 项
2026-04-11 05:00:51,918 [INFO] 商品标题已保存到文件: /home/runner/work/good-monitor/good-monitor/tmp/good-monitor/arcteryx_official_titles.json
2026-04-11 06:00:43,023 [INFO] 日志系统初始化完成
2026-04-11 06:00:43,023 [INFO] === 开始一次商品监控 ===
2026-04-11 06:00:43,501 [INFO] 打开页面: https://outlet.arcteryx.com/ca/zh/c/mens/shell-jackets
2026-04-11 06:00:47,051 [INFO] 等待首屏商品渲染…
2026-04-11 06:00:47,123 [INFO] 开始自动滚动加载所有商品…
2026-04-11 06:00:48,805 [INFO] 抓取到 8 个商品名称
2026-04-11 06:00:48,805 [INFO] 从文件加载商品标题，共 8 项
2026-04-11 06:00:48,805 [INFO] 商品标题已保存到文件: /home/runner/work/good-monitor/good-monitor/tmp/good-monitor/arcteryx_official_titles.json
2026-04-11 07:00:42,093 [INFO] 日志系统初始化完成
2026-04-11 07:00:42,093 [INFO] === 开始一次商品监控 ===
2026-04-11 07:00:42,596 [INFO] 打开页面: https://outlet.arcteryx.com/ca/zh/c/mens/shell-jackets
2026-04-11 07:00:46,110 [INFO] 等待首屏商品渲染…
2026-04-11 07:00:46,182 [INFO] 开始自动滚动加载所有商品…
2026-04-11 07:00:47,919 [INFO] 抓取到 8 个商品名称
2026-04-11 07:00:47,920 [INFO] 从文件加载商品标题，共 8 项
2026-04-11 07:00:47,920 [INFO] 商品标题已保存到文件: /home/runner/work/good-monitor/good-monitor/tmp/good-monitor/arcteryx_official_titles.json
2026-04-11 08:00:40,249 [INFO] 日志系统初始化完成
2026-04-11 08:00:40,249 [INFO] === 开始一次商品监控 ===
2026-04-11 08:00:40,720 [INFO] 打开页面: https://outlet.arcteryx.com/ca/zh/c/mens/shell-jackets
2026-04-11 08:00:42,526 [INFO] 等待首屏商品渲染…
2026-04-11 08:00:49,141 [INFO] 开始自动滚动加载所有商品…
2026-04-11 08:00:50,803 [INFO] 抓取到 9 个商品名称
2026-04-11 08:00:50,803 [INFO] 从文件加载商品标题，共 8 项
2026-04-11 08:00:50,803 [INFO] 发现新品: ['Sabre夹克 男装']
2026-04-11 08:00:51,997 [INFO] 推送结果: {"code":200,"message":"success","timestamp":1775894451}
2026-04-11 08:00:51,999 [INFO] 商品标题已保存到文件: /home/runner/work/good-monitor/good-monitor/tmp/good-monitor/arcteryx_official_titles.json
2026-04-11 09:00:42,766 [INFO] 日志系统初始化完成
2026-04-11 09:00:42,766 [INFO] === 开始一次商品监控 ===
2026-04-11 09:00:43,244 [INFO] 打开页面: https://outlet.arcteryx.com/ca/zh/c/mens/shell-jackets
2026-04-11 09:00:46,011 [INFO] 等待首屏商品渲染…
2026-04-11 09:00:46,071 [INFO] 开始自动滚动加载所有商品…
2026-04-11 09:00:47,752 [INFO] 抓取到 8 个商品名称
2026-04-11 09:00:47,752 [INFO] 从文件加载商品标题，共 9 项
2026-04-11 09:00:47,752 [INFO] 下架商品: ['Sabre夹克 男装']
2026-04-11 09:00:49,034 [INFO] 推送结果: {"code":200,"message":"success","timestamp":1775898049}
2026-04-11 09:00:49,036 [INFO] 商品标题已保存到文件: /home/runner/work/good-monitor/good-monitor/tmp/good-monitor/arcteryx_official_titles.json
2026-04-11 10:00:43,348 [INFO] 日志系统初始化完成
2026-04-11 10:00:43,348 [INFO] === 开始一次商品监控 ===
2026-04-11 10:00:43,874 [INFO] 打开页面: https://outlet.arcteryx.com/ca/zh/c/mens/shell-jackets
2026-04-11 10:00:46,859 [INFO] 等待首屏商品渲染…
2026-04-11 10:00:48,721 [INFO] 开始自动滚动加载所有商品…
2026-04-11 10:00:50,403 [INFO] 抓取到 8 个商品名称
2026-04-11 10:00:50,403 [INFO] 从文件加载商品标题，共 8 项
2026-04-11 10:00:50,403 [INFO] 商品标题已保存到文件: /home/runner/work/good-monitor/good-monitor/tmp/good-monitor/arcteryx_official_titles.json
2026-04-11 11:00:42,606 [INFO] 日志系统初始化完成
2026-04-11 11:00:42,606 [INFO] === 开始一次商品监控 ===
2026-04-11 11:00:43,150 [INFO] 打开页面: https://outlet.arcteryx.com/ca/zh/c/mens/shell-jackets
2026-04-11 11:00:46,407 [INFO] 等待首屏商品渲染…
2026-04-11 11:00:48,052 [INFO] 开始自动滚动加载所有商品…
2026-04-11 11:00:50,543 [INFO] 抓取到 8 个商品名称
2026-04-11 11:00:50,543 [INFO] 从文件加载商品标题，共 8 项
2026-04-11 11:00:50,543 [INFO] 商品标题已保存到文件: /home/runner/work/good-monitor/good-monitor/tmp/good-monitor/arcteryx_official_titles.json
2026-04-11 12:00:40,394 [INFO] 日志系统初始化完成
2026-04-11 12:00:40,394 [INFO] === 开始一次商品监控 ===
2026-04-11 12:00:40,898 [INFO] 打开页面: https://outlet.arcteryx.com/ca/zh/c/mens/shell-jackets
2026-04-11 12:00:43,570 [INFO] 等待首屏商品渲染…
2026-04-11 12:00:50,247 [INFO] 开始自动滚动加载所有商品…
2026-04-11 12:00:52,717 [INFO] 抓取到 9 个商品名称
2026-04-11 12:00:52,717 [INFO] 从文件加载商品标题，共 8 项
2026-04-11 12:00:52,717 [INFO] 发现新品: ['Sabre夹克 男装']
2026-04-11 12:00:53,711 [INFO] 推送结果: {"code":200,"message":"success","timestamp":1775908853}
2026-04-11 12:00:53,712 [INFO] 商品标题已保存到文件: /home/runner/work/good-monitor/good-monitor/tmp/good-monitor/arcteryx_official_titles.json
2026-04-11 13:00:42,227 [INFO] 日志系统初始化完成
2026-04-11 13:00:42,227 [INFO] === 开始一次商品监控 ===
2026-04-11 13:00:42,719 [INFO] 打开页面: https://outlet.arcteryx.com/ca/zh/c/mens/shell-jackets
2026-04-11 13:00:44,919 [INFO] 等待首屏商品渲染…
2026-04-11 13:00:46,634 [INFO] 开始自动滚动加载所有商品…
2026-04-11 13:00:48,326 [INFO] 抓取到 8 个商品名称
2026-04-11 13:00:48,326 [INFO] 从文件加载商品标题，共 9 项
2026-04-11 13:00:48,326 [INFO] 下架商品: ['Sabre夹克 男装']
2026-04-11 13:00:49,831 [INFO] 推送结果: {"code":200,"message":"success","timestamp":1775912449}
2026-04-11 13:00:49,833 [INFO] 商品标题已保存到文件: /home/runner/work/good-monitor/good-monitor/tmp/good-monitor/arcteryx_official_titles.json
2026-04-11 14:00:46,177 [INFO] 日志系统初始化完成
2026-04-11 14:00:46,177 [INFO] === 开始一次商品监控 ===
2026-04-11 14:00:46,655 [INFO] 打开页面: https://outlet.arcteryx.com/ca/zh/c/mens/shell-jackets
2026-04-11 14:00:50,518 [INFO] 等待首屏商品渲染…
2026-04-11 14:00:50,567 [INFO] 开始自动滚动加载所有商品…
2026-04-11 14:00:52,253 [INFO] 抓取到 8 个商品名称
2026-04-11 14:00:52,253 [INFO] 从文件加载商品标题，共 8 项
2026-04-11 14:00:52,254 [INFO] 商品标题已保存到文件: /home/runner/work/good-monitor/good-monitor/tmp/good-monitor/arcteryx_official_titles.json
2026-04-11 15:00:48,941 [INFO] 日志系统初始化完成
2026-04-11 15:00:48,941 [INFO] === 开始一次商品监控 ===
2026-04-11 15:00:49,431 [INFO] 打开页面: https://outlet.arcteryx.com/ca/zh/c/mens/shell-jackets
2026-04-11 15:00:52,547 [INFO] 等待首屏商品渲染…
2026-04-11 15:00:52,933 [INFO] 开始自动滚动加载所有商品…
2026-04-11 15:00:54,627 [INFO] 抓取到 8 个商品名称
2026-04-11 15:00:54,627 [INFO] 从文件加载商品标题，共 8 项
2026-04-11 15:00:54,628 [INFO] 商品标题已保存到文件: /home/runner/work/good-monitor/good-monitor/tmp/good-monitor/arcteryx_official_titles.json
2026-04-11 16:00:36,258 [INFO] 日志系统初始化完成
2026-04-11 16:00:36,258 [INFO] === 开始一次商品监控 ===
2026-04-11 16:00:36,735 [INFO] 打开页面: https://outlet.arcteryx.com/ca/zh/c/mens/shell-jackets
2026-04-11 16:00:38,767 [INFO] 等待首屏商品渲染…
2026-04-11 16:00:39,917 [INFO] 开始自动滚动加载所有商品…
2026-04-11 16:00:41,715 [INFO] 抓取到 8 个商品名称
2026-04-11 16:00:41,715 [INFO] 从文件加载商品标题，共 8 项
2026-04-11 16:00:41,716 [INFO] 商品标题已保存到文件: /home/runner/work/good-monitor/good-monitor/tmp/good-monitor/arcteryx_official_titles.json
2026-04-11 17:00:42,552 [INFO] 日志系统初始化完成
2026-04-11 17:00:42,552 [INFO] === 开始一次商品监控 ===
2026-04-11 17:00:43,033 [INFO] 打开页面: https://outlet.arcteryx.com/ca/zh/c/mens/shell-jackets
2026-04-11 17:00:45,877 [INFO] 等待首屏商品渲染…
2026-04-11 17:00:47,018 [INFO] 开始自动滚动加载所有商品…
2026-04-11 17:00:48,837 [INFO] 抓取到 8 个商品名称
2026-04-11 17:00:48,837 [INFO] 从文件加载商品标题，共 8 项
2026-04-11 17:00:48,838 [INFO] 商品标题已保存到文件: /home/runner/work/good-monitor/good-monitor/tmp/good-monitor/arcteryx_official_titles.json
2026-04-11 18:00:48,543 [INFO] 日志系统初始化完成
2026-04-11 18:00:48,543 [INFO] === 开始一次商品监控 ===
2026-04-11 18:00:49,024 [INFO] 打开页面: https://outlet.arcteryx.com/ca/zh/c/mens/shell-jackets
2026-04-11 18:00:52,820 [INFO] 等待首屏商品渲染…
2026-04-11 18:00:52,855 [INFO] 开始自动滚动加载所有商品…
2026-04-11 18:00:54,549 [INFO] 抓取到 8 个商品名称
2026-04-11 18:00:54,549 [INFO] 从文件加载商品标题，共 8 项
2026-04-11 18:00:54,549 [INFO] 商品标题已保存到文件: /home/runner/work/good-monitor/good-monitor/tmp/good-monitor/arcteryx_official_titles.json
2026-04-11 19:00:39,898 [INFO] 日志系统初始化完成
2026-04-11 19:00:39,898 [INFO] === 开始一次商品监控 ===
2026-04-11 19:00:40,318 [INFO] 打开页面: https://outlet.arcteryx.com/ca/zh/c/mens/shell-jackets
2026-04-11 19:00:42,625 [INFO] 等待首屏商品渲染…
2026-04-11 19:00:44,151 [INFO] 开始自动滚动加载所有商品…
2026-04-11 19:00:45,834 [INFO] 抓取到 8 个商品名称
2026-04-11 19:00:45,834 [INFO] 从文件加载商品标题，共 8 项
2026-04-11 19:00:45,834 [INFO] 商品标题已保存到文件: /home/runner/work/good-monitor/good-monitor/tmp/good-monitor/arcteryx_official_titles.json
2026-04-11 20:00:41,256 [INFO] 日志系统初始化完成
2026-04-11 20:00:41,256 [INFO] === 开始一次商品监控 ===
2026-04-11 20:00:41,799 [INFO] 打开页面: https://outlet.arcteryx.com/ca/zh/c/mens/shell-jackets
2026-04-11 20:00:45,556 [INFO] 等待首屏商品渲染…
2026-04-11 20:00:45,883 [INFO] 开始自动滚动加载所有商品…
2026-04-11 20:00:46,805 [INFO] 抓取到 8 个商品名称
2026-04-11 20:00:46,805 [INFO] 从文件加载商品标题，共 8 项
2026-04-11 20:00:46,806 [INFO] 商品标题已保存到文件: /home/runner/work/good-monitor/good-monitor/tmp/good-monitor/arcteryx_official_titles.json
2026-04-11 21:00:43,904 [INFO] 日志系统初始化完成
2026-04-11 21:00:43,905 [INFO] === 开始一次商品监控 ===
2026-04-11 21:00:44,388 [INFO] 打开页面: https://outlet.arcteryx.com/ca/zh/c/mens/shell-jackets
2026-04-11 21:00:46,956 [INFO] 等待首屏商品渲染…
2026-04-11 21:00:48,109 [INFO] 开始自动滚动加载所有商品…
2026-04-11 21:00:49,832 [INFO] 抓取到 8 个商品名称
2026-04-11 21:00:49,833 [INFO] 从文件加载商品标题，共 8 项
2026-04-11 21:00:49,833 [INFO] 商品标题已保存到文件: /home/runner/work/good-monitor/good-monitor/tmp/good-monitor/arcteryx_official_titles.json
2026-04-11 22:00:37,851 [INFO] 日志系统初始化完成
2026-04-11 22:00:37,851 [INFO] === 开始一次商品监控 ===
2026-04-11 22:00:38,374 [INFO] 打开页面: https://outlet.arcteryx.com/ca/zh/c/mens/shell-jackets
2026-04-11 22:00:42,036 [INFO] 等待首屏商品渲染…
2026-04-11 22:00:43,708 [INFO] 开始自动滚动加载所有商品…
2026-04-11 22:00:45,428 [INFO] 抓取到 8 个商品名称
2026-04-11 22:00:45,428 [INFO] 从文件加载商品标题，共 8 项
2026-04-11 22:00:45,429 [INFO] 商品标题已保存到文件: /home/runner/work/good-monitor/good-monitor/tmp/good-monitor/arcteryx_official_titles.json
2026-04-11 23:00:45,370 [INFO] 日志系统初始化完成
2026-04-11 23:00:45,370 [INFO] === 开始一次商品监控 ===
2026-04-11 23:00:45,852 [INFO] 打开页面: https://outlet.arcteryx.com/ca/zh/c/mens/shell-jackets
2026-04-11 23:00:48,826 [INFO] 等待首屏商品渲染…
2026-04-11 23:00:48,884 [INFO] 开始自动滚动加载所有商品…
2026-04-11 23:00:50,584 [INFO] 抓取到 8 个商品名称
2026-04-11 23:00:50,585 [INFO] 从文件加载商品标题，共 8 项
2026-04-11 23:00:50,585 [INFO] 商品标题已保存到文件: /home/runner/work/good-monitor/good-monitor/tmp/good-monitor/arcteryx_official_titles.json
2026-04-12 00:00:37,990 [INFO] 日志系统初始化完成
2026-04-12 00:00:37,990 [INFO] === 开始一次商品监控 ===
2026-04-12 00:00:38,480 [INFO] 打开页面: https://outlet.arcteryx.com/ca/zh/c/mens/shell-jackets
2026-04-12 00:00:40,652 [INFO] 等待首屏商品渲染…
2026-04-12 00:00:41,653 [INFO] 开始自动滚动加载所有商品…
2026-04-12 00:00:44,307 [INFO] 抓取到 8 个商品名称
2026-04-12 00:00:44,307 [INFO] 从文件加载商品标题，共 8 项
2026-04-12 00:00:44,307 [INFO] 商品标题已保存到文件: /home/runner/work/good-monitor/good-monitor/tmp/good-monitor/arcteryx_official_titles.json
2026-04-12 01:00:40,447 [INFO] 日志系统初始化完成
2026-04-12 01:00:40,447 [INFO] === 开始一次商品监控 ===
2026-04-12 01:00:40,989 [INFO] 打开页面: https://outlet.arcteryx.com/ca/zh/c/mens/shell-jackets
2026-04-12 01:00:43,921 [INFO] 等待首屏商品渲染…
2026-04-12 01:00:45,558 [INFO] 开始自动滚动加载所有商品…
2026-04-12 01:00:47,311 [INFO] 抓取到 8 个商品名称
2026-04-12 01:00:47,311 [INFO] 从文件加载商品标题，共 8 项
2026-04-12 01:00:47,312 [INFO] 商品标题已保存到文件: /home/runner/work/good-monitor/good-monitor/tmp/good-monitor/arcteryx_official_titles.json
2026-04-12 02:00:41,424 [INFO] 日志系统初始化完成
2026-04-12 02:00:41,424 [INFO] === 开始一次商品监控 ===
2026-04-12 02:00:41,943 [INFO] 打开页面: https://outlet.arcteryx.com/ca/zh/c/mens/shell-jackets
2026-04-12 02:00:44,931 [INFO] 等待首屏商品渲染…
2026-04-12 02:00:47,563 [INFO] 开始自动滚动加载所有商品…
2026-04-12 02:00:49,301 [INFO] 抓取到 8 个商品名称
2026-04-12 02:00:49,301 [INFO] 从文件加载商品标题，共 8 项
2026-04-12 02:00:49,301 [INFO] 商品标题已保存到文件: /home/runner/work/good-monitor/good-monitor/tmp/good-monitor/arcteryx_official_titles.json
2026-04-12 03:00:45,114 [INFO] 日志系统初始化完成
2026-04-12 03:00:45,114 [INFO] === 开始一次商品监控 ===
2026-04-12 03:00:45,578 [INFO] 打开页面: https://outlet.arcteryx.com/ca/zh/c/mens/shell-jackets
2026-04-12 03:00:49,719 [INFO] 等待首屏商品渲染…
2026-04-12 03:00:49,778 [INFO] 开始自动滚动加载所有商品…
2026-04-12 03:00:51,470 [INFO] 抓取到 8 个商品名称
2026-04-12 03:00:51,470 [INFO] 从文件加载商品标题，共 8 项
2026-04-12 03:00:51,477 [INFO] 商品标题已保存到文件: /home/runner/work/good-monitor/good-monitor/tmp/good-monitor/arcteryx_official_titles.json
2026-04-12 04:00:42,629 [INFO] 日志系统初始化完成
2026-04-12 04:00:42,629 [INFO] === 开始一次商品监控 ===
2026-04-12 04:00:43,112 [INFO] 打开页面: https://outlet.arcteryx.com/ca/zh/c/mens/shell-jackets
2026-04-12 04:00:43,869 [INFO] 等待首屏商品渲染…
2026-04-12 04:00:46,104 [INFO] 开始自动滚动加载所有商品…
2026-04-12 04:00:47,895 [INFO] 抓取到 8 个商品名称
2026-04-12 04:00:47,895 [INFO] 从文件加载商品标题，共 8 项
2026-04-12 04:00:47,895 [INFO] 商品标题已保存到文件: /home/runner/work/good-monitor/good-monitor/tmp/good-monitor/arcteryx_official_titles.json
2026-04-12 05:00:39,524 [INFO] 日志系统初始化完成
2026-04-12 05:00:39,524 [INFO] === 开始一次商品监控 ===
2026-04-12 05:00:40,009 [INFO] 打开页面: https://outlet.arcteryx.com/ca/zh/c/mens/shell-jackets
2026-04-12 05:00:43,537 [INFO] 等待首屏商品渲染…
2026-04-12 05:00:43,939 [INFO] 开始自动滚动加载所有商品…
2026-04-12 05:00:45,634 [INFO] 抓取到 8 个商品名称
2026-04-12 05:00:45,634 [INFO] 从文件加载商品标题，共 8 项
2026-04-12 05:00:45,634 [INFO] 商品标题已保存到文件: /home/runner/work/good-monitor/good-monitor/tmp/good-monitor/arcteryx_official_titles.json
2026-04-12 06:00:43,784 [INFO] 日志系统初始化完成
2026-04-12 06:00:43,784 [INFO] === 开始一次商品监控 ===
2026-04-12 06:00:44,269 [INFO] 打开页面: https://outlet.arcteryx.com/ca/zh/c/mens/shell-jackets
2026-04-12 06:00:46,887 [INFO] 等待首屏商品渲染…
2026-04-12 06:00:48,062 [INFO] 开始自动滚动加载所有商品…
2026-04-12 06:00:49,766 [INFO] 抓取到 8 个商品名称
2026-04-12 06:00:49,766 [INFO] 从文件加载商品标题，共 8 项
2026-04-12 06:00:49,766 [INFO] 商品标题已保存到文件: /home/runner/work/good-monitor/good-monitor/tmp/good-monitor/arcteryx_official_titles.json
2026-04-12 07:00:38,620 [INFO] 日志系统初始化完成
2026-04-12 07:00:38,620 [INFO] === 开始一次商品监控 ===
2026-04-12 07:00:39,116 [INFO] 打开页面: https://outlet.arcteryx.com/ca/zh/c/mens/shell-jackets
2026-04-12 07:00:40,817 [INFO] 等待首屏商品渲染…
2026-04-12 07:00:41,115 [INFO] 开始自动滚动加载所有商品…
2026-04-12 07:00:43,773 [INFO] 抓取到 8 个商品名称
2026-04-12 07:00:43,773 [INFO] 从文件加载商品标题，共 8 项
2026-04-12 07:00:43,774 [INFO] 商品标题已保存到文件: /home/runner/work/good-monitor/good-monitor/tmp/good-monitor/arcteryx_official_titles.json
2026-04-12 08:00:43,707 [INFO] 日志系统初始化完成
2026-04-12 08:00:43,707 [INFO] === 开始一次商品监控 ===
2026-04-12 08:00:44,267 [INFO] 打开页面: https://outlet.arcteryx.com/ca/zh/c/mens/shell-jackets
2026-04-12 08:00:47,487 [INFO] 等待首屏商品渲染…
2026-04-12 08:00:48,646 [INFO] 开始自动滚动加载所有商品…
2026-04-12 08:00:51,218 [INFO] 抓取到 8 个商品名称
2026-04-12 08:00:51,218 [INFO] 从文件加载商品标题，共 8 项
2026-04-12 08:00:51,218 [INFO] 商品标题已保存到文件: /home/runner/work/good-monitor/good-monitor/tmp/good-monitor/arcteryx_official_titles.json
2026-04-12 09:00:38,882 [INFO] 日志系统初始化完成
2026-04-12 09:00:38,882 [INFO] === 开始一次商品监控 ===
2026-04-12 09:00:39,387 [INFO] 打开页面: https://outlet.arcteryx.com/ca/zh/c/mens/shell-jackets
2026-04-12 09:00:43,735 [INFO] 等待首屏商品渲染…
2026-04-12 09:00:43,812 [INFO] 开始自动滚动加载所有商品…
2026-04-12 09:00:44,684 [INFO] 抓取到 8 个商品名称
2026-04-12 09:00:44,684 [INFO] 从文件加载商品标题，共 8 项
2026-04-12 09:00:44,684 [INFO] 商品标题已保存到文件: /home/runner/work/good-monitor/good-monitor/tmp/good-monitor/arcteryx_official_titles.json
2026-04-12 10:00:38,384 [INFO] 日志系统初始化完成
2026-04-12 10:00:38,384 [INFO] === 开始一次商品监控 ===
2026-04-12 10:00:38,870 [INFO] 打开页面: https://outlet.arcteryx.com/ca/zh/c/mens/shell-jackets
2026-04-12 10:00:40,515 [INFO] 等待首屏商品渲染…
2026-04-12 10:00:40,887 [INFO] 开始自动滚动加载所有商品…
2026-04-12 10:00:43,669 [INFO] 抓取到 8 个商品名称
2026-04-12 10:00:43,670 [INFO] 从文件加载商品标题，共 8 项
2026-04-12 10:00:43,670 [INFO] 商品标题已保存到文件: /home/runner/work/good-monitor/good-monitor/tmp/good-monitor/arcteryx_official_titles.json
2026-04-12 11:00:37,530 [INFO] 日志系统初始化完成
2026-04-12 11:00:37,530 [INFO] === 开始一次商品监控 ===
2026-04-12 11:00:38,011 [INFO] 打开页面: https://outlet.arcteryx.com/ca/zh/c/mens/shell-jackets
2026-04-12 11:00:40,749 [INFO] 等待首屏商品渲染…
2026-04-12 11:00:42,449 [INFO] 开始自动滚动加载所有商品…
2026-04-12 11:00:44,229 [INFO] 抓取到 8 个商品名称
2026-04-12 11:00:44,230 [INFO] 从文件加载商品标题，共 8 项
2026-04-12 11:00:44,230 [INFO] 商品标题已保存到文件: /home/runner/work/good-monitor/good-monitor/tmp/good-monitor/arcteryx_official_titles.json
2026-04-12 12:00:38,243 [INFO] 日志系统初始化完成
2026-04-12 12:00:38,243 [INFO] === 开始一次商品监控 ===
2026-04-12 12:00:38,763 [INFO] 打开页面: https://outlet.arcteryx.com/ca/zh/c/mens/shell-jackets
2026-04-12 12:00:42,122 [INFO] 等待首屏商品渲染…
2026-04-12 12:00:42,204 [INFO] 开始自动滚动加载所有商品…
2026-04-12 12:00:43,987 [INFO] 抓取到 8 个商品名称
2026-04-12 12:00:43,988 [INFO] 从文件加载商品标题，共 8 项
2026-04-12 12:00:43,988 [INFO] 商品标题已保存到文件: /home/runner/work/good-monitor/good-monitor/tmp/good-monitor/arcteryx_official_titles.json
2026-04-12 13:00:44,657 [INFO] 日志系统初始化完成
2026-04-12 13:00:44,658 [INFO] === 开始一次商品监控 ===
2026-04-12 13:00:45,139 [INFO] 打开页面: https://outlet.arcteryx.com/ca/zh/c/mens/shell-jackets
2026-04-12 13:00:49,028 [INFO] 等待首屏商品渲染…
2026-04-12 13:00:49,066 [INFO] 开始自动滚动加载所有商品…
2026-04-12 13:00:50,747 [INFO] 抓取到 8 个商品名称
2026-04-12 13:00:50,747 [INFO] 从文件加载商品标题，共 8 项
2026-04-12 13:00:50,747 [INFO] 商品标题已保存到文件: /home/runner/work/good-monitor/good-monitor/tmp/good-monitor/arcteryx_official_titles.json
2026-04-12 14:00:40,283 [INFO] 日志系统初始化完成
2026-04-12 14:00:40,283 [INFO] === 开始一次商品监控 ===
2026-04-12 14:00:40,798 [INFO] 打开页面: https://outlet.arcteryx.com/ca/zh/c/mens/shell-jackets
2026-04-12 14:00:44,726 [INFO] 等待首屏商品渲染…
2026-04-12 14:00:44,812 [INFO] 开始自动滚动加载所有商品…
2026-04-12 14:00:45,702 [INFO] 抓取到 8 个商品名称
2026-04-12 14:00:45,702 [INFO] 从文件加载商品标题，共 8 项
2026-04-12 14:00:45,702 [INFO] 商品标题已保存到文件: /home/runner/work/good-monitor/good-monitor/tmp/good-monitor/arcteryx_official_titles.json
2026-04-12 15:00:44,900 [INFO] 日志系统初始化完成
2026-04-12 15:00:44,900 [INFO] === 开始一次商品监控 ===
2026-04-12 15:00:45,429 [INFO] 打开页面: https://outlet.arcteryx.com/ca/zh/c/mens/shell-jackets
2026-04-12 15:00:48,591 [INFO] 等待首屏商品渲染…
2026-04-12 15:00:49,717 [INFO] 开始自动滚动加载所有商品…
2026-04-12 15:00:51,394 [INFO] 抓取到 8 个商品名称
2026-04-12 15:00:51,394 [INFO] 从文件加载商品标题，共 8 项
2026-04-12 15:00:51,394 [INFO] 商品标题已保存到文件: /home/runner/work/good-monitor/good-monitor/tmp/good-monitor/arcteryx_official_titles.json
2026-04-12 16:00:40,534 [INFO] 日志系统初始化完成
2026-04-12 16:00:40,535 [INFO] === 开始一次商品监控 ===
2026-04-12 16:00:40,972 [INFO] 打开页面: https://outlet.arcteryx.com/ca/zh/c/mens/shell-jackets
2026-04-12 16:00:43,717 [INFO] 等待首屏商品渲染…
2026-04-12 16:00:44,793 [INFO] 开始自动滚动加载所有商品…
2026-04-12 16:00:46,512 [INFO] 抓取到 8 个商品名称
2026-04-12 16:00:46,512 [INFO] 从文件加载商品标题，共 8 项
2026-04-12 16:00:46,513 [INFO] 商品标题已保存到文件: /home/runner/work/good-monitor/good-monitor/tmp/good-monitor/arcteryx_official_titles.json
2026-04-12 17:00:55,125 [INFO] 日志系统初始化完成
2026-04-12 17:00:55,125 [INFO] === 开始一次商品监控 ===
2026-04-12 17:00:55,597 [INFO] 打开页面: https://outlet.arcteryx.com/ca/zh/c/mens/shell-jackets
2026-04-12 17:00:59,266 [INFO] 等待首屏商品渲染…
2026-04-12 17:00:59,304 [INFO] 开始自动滚动加载所有商品…
2026-04-12 17:01:00,999 [INFO] 抓取到 8 个商品名称
2026-04-12 17:01:01,000 [INFO] 从文件加载商品标题，共 8 项
2026-04-12 17:01:01,000 [INFO] 商品标题已保存到文件: /home/runner/work/good-monitor/good-monitor/tmp/good-monitor/arcteryx_official_titles.json
2026-04-12 18:00:40,086 [INFO] 日志系统初始化完成
2026-04-12 18:00:40,086 [INFO] === 开始一次商品监控 ===
2026-04-12 18:00:40,585 [INFO] 打开页面: https://outlet.arcteryx.com/ca/zh/c/mens/shell-jackets
2026-04-12 18:00:43,194 [INFO] 等待首屏商品渲染…
2026-04-12 18:00:44,815 [INFO] 开始自动滚动加载所有商品…
2026-04-12 18:00:46,599 [INFO] 抓取到 8 个商品名称
2026-04-12 18:00:46,600 [INFO] 从文件加载商品标题，共 8 项
2026-04-12 18:00:46,600 [INFO] 商品标题已保存到文件: /home/runner/work/good-monitor/good-monitor/tmp/good-monitor/arcteryx_official_titles.json
2026-04-12 19:00:42,024 [INFO] 日志系统初始化完成
2026-04-12 19:00:42,024 [INFO] === 开始一次商品监控 ===
2026-04-12 19:00:42,585 [INFO] 打开页面: https://outlet.arcteryx.com/ca/zh/c/mens/shell-jackets
2026-04-12 19:00:45,815 [INFO] 等待首屏商品渲染…
2026-04-12 19:00:46,702 [INFO] 开始自动滚动加载所有商品…
2026-04-12 19:00:48,441 [INFO] 抓取到 8 个商品名称
2026-04-12 19:00:48,441 [INFO] 从文件加载商品标题，共 8 项
2026-04-12 19:00:48,442 [INFO] 商品标题已保存到文件: /home/runner/work/good-monitor/good-monitor/tmp/good-monitor/arcteryx_official_titles.json
2026-04-12 21:00:41,368 [INFO] 日志系统初始化完成
2026-04-12 21:00:41,368 [INFO] === 开始一次商品监控 ===
2026-04-12 21:00:41,851 [INFO] 打开页面: https://outlet.arcteryx.com/ca/zh/c/mens/shell-jackets
2026-04-12 21:00:45,234 [INFO] 等待首屏商品渲染…
2026-04-12 21:00:45,658 [INFO] 开始自动滚动加载所有商品…
2026-04-12 21:00:46,549 [INFO] 抓取到 8 个商品名称
2026-04-12 21:00:46,550 [INFO] 从文件加载商品标题，共 8 项
2026-04-12 21:00:46,550 [INFO] 商品标题已保存到文件: /home/runner/work/good-monitor/good-monitor/tmp/good-monitor/arcteryx_official_titles.json
2026-04-12 22:00:39,651 [INFO] 日志系统初始化完成
2026-04-12 22:00:39,651 [INFO] === 开始一次商品监控 ===
2026-04-12 22:00:40,157 [INFO] 打开页面: https://outlet.arcteryx.com/ca/zh/c/mens/shell-jackets
2026-04-12 22:00:43,458 [INFO] 等待首屏商品渲染…
2026-04-12 22:00:45,462 [INFO] 开始自动滚动加载所有商品…
2026-04-12 22:00:46,335 [INFO] 抓取到 8 个商品名称
2026-04-12 22:00:46,335 [INFO] 从文件加载商品标题，共 8 项
2026-04-12 22:00:46,336 [INFO] 商品标题已保存到文件: /home/runner/work/good-monitor/good-monitor/tmp/good-monitor/arcteryx_official_titles.json
2026-04-12 23:00:39,025 [INFO] 日志系统初始化完成
2026-04-12 23:00:39,025 [INFO] === 开始一次商品监控 ===
2026-04-12 23:00:39,512 [INFO] 打开页面: https://outlet.arcteryx.com/ca/zh/c/mens/shell-jackets
2026-04-12 23:00:42,984 [INFO] 等待首屏商品渲染…
2026-04-12 23:00:43,284 [INFO] 开始自动滚动加载所有商品…
2026-04-12 23:00:44,977 [INFO] 抓取到 8 个商品名称
2026-04-12 23:00:44,977 [INFO] 从文件加载商品标题，共 8 项
2026-04-12 23:00:44,977 [INFO] 商品标题已保存到文件: /home/runner/work/good-monitor/good-monitor/tmp/good-monitor/arcteryx_official_titles.json
2026-04-13 00:00:46,199 [INFO] 日志系统初始化完成
2026-04-13 00:00:46,200 [INFO] === 开始一次商品监控 ===
2026-04-13 00:00:46,697 [INFO] 打开页面: https://outlet.arcteryx.com/ca/zh/c/mens/shell-jackets
2026-04-13 00:00:48,755 [INFO] 等待首屏商品渲染…
2026-04-13 00:00:49,231 [INFO] 开始自动滚动加载所有商品…
2026-04-13 00:00:52,135 [INFO] 抓取到 8 个商品名称
2026-04-13 00:00:52,135 [INFO] 从文件加载商品标题，共 8 项
2026-04-13 00:00:52,136 [INFO] 商品标题已保存到文件: /home/runner/work/good-monitor/good-monitor/tmp/good-monitor/arcteryx_official_titles.json
2026-04-13 02:00:39,277 [INFO] 日志系统初始化完成
2026-04-13 02:00:39,277 [INFO] === 开始一次商品监控 ===
2026-04-13 02:00:39,785 [INFO] 打开页面: https://outlet.arcteryx.com/ca/zh/c/mens/shell-jackets
2026-04-13 02:00:42,523 [INFO] 等待首屏商品渲染…
2026-04-13 02:00:45,191 [INFO] 开始自动滚动加载所有商品…
2026-04-13 02:00:46,900 [INFO] 抓取到 8 个商品名称
2026-04-13 02:00:46,900 [INFO] 从文件加载商品标题，共 8 项
2026-04-13 02:00:46,900 [INFO] 商品标题已保存到文件: /home/runner/work/good-monitor/good-monitor/tmp/good-monitor/arcteryx_official_titles.json
2026-04-13 03:00:47,886 [INFO] 日志系统初始化完成
2026-04-13 03:00:47,886 [INFO] === 开始一次商品监控 ===
2026-04-13 03:00:48,368 [INFO] 打开页面: https://outlet.arcteryx.com/ca/zh/c/mens/shell-jackets
2026-04-13 03:00:52,218 [INFO] 等待首屏商品渲染…
2026-04-13 03:00:52,257 [INFO] 开始自动滚动加载所有商品…
2026-04-13 03:00:53,940 [INFO] 抓取到 8 个商品名称
2026-04-13 03:00:53,940 [INFO] 从文件加载商品标题，共 8 项
2026-04-13 03:00:53,941 [INFO] 商品标题已保存到文件: /home/runner/work/good-monitor/good-monitor/tmp/good-monitor/arcteryx_official_titles.json
2026-04-13 04:00:47,809 [INFO] 日志系统初始化完成
2026-04-13 04:00:47,809 [INFO] === 开始一次商品监控 ===
2026-04-13 04:00:48,301 [INFO] 打开页面: https://outlet.arcteryx.com/ca/zh/c/mens/shell-jackets
2026-04-13 04:00:49,901 [INFO] 等待首屏商品渲染…
2026-04-13 04:00:52,073 [INFO] 开始自动滚动加载所有商品…
2026-04-13 04:00:53,749 [INFO] 抓取到 8 个商品名称
2026-04-13 04:00:53,750 [INFO] 从文件加载商品标题，共 8 项
2026-04-13 04:00:53,750 [INFO] 商品标题已保存到文件: /home/runner/work/good-monitor/good-monitor/tmp/good-monitor/arcteryx_official_titles.json
2026-04-13 05:00:44,121 [INFO] 日志系统初始化完成
2026-04-13 05:00:44,121 [INFO] === 开始一次商品监控 ===
2026-04-13 05:00:44,615 [INFO] 打开页面: https://outlet.arcteryx.com/ca/zh/c/mens/shell-jackets
2026-04-13 05:00:49,325 [INFO] 等待首屏商品渲染…
2026-04-13 05:00:49,372 [INFO] 开始自动滚动加载所有商品…
2026-04-13 05:00:51,071 [INFO] 抓取到 8 个商品名称
2026-04-13 05:00:51,072 [INFO] 从文件加载商品标题，共 8 项
2026-04-13 05:00:51,072 [INFO] 商品标题已保存到文件: /home/runner/work/good-monitor/good-monitor/tmp/good-monitor/arcteryx_official_titles.json
2026-04-13 06:00:43,719 [INFO] 日志系统初始化完成
2026-04-13 06:00:43,719 [INFO] === 开始一次商品监控 ===
2026-04-13 06:00:44,155 [INFO] 打开页面: https://outlet.arcteryx.com/ca/zh/c/mens/shell-jackets
2026-04-13 06:00:47,255 [INFO] 等待首屏商品渲染…
2026-04-13 06:00:47,310 [INFO] 开始自动滚动加载所有商品…
2026-04-13 06:00:48,983 [INFO] 抓取到 8 个商品名称
2026-04-13 06:00:48,983 [INFO] 从文件加载商品标题，共 8 项
2026-04-13 06:00:48,983 [INFO] 商品标题已保存到文件: /home/runner/work/good-monitor/good-monitor/tmp/good-monitor/arcteryx_official_titles.json
2026-04-13 07:00:44,204 [INFO] 日志系统初始化完成
2026-04-13 07:00:44,204 [INFO] === 开始一次商品监控 ===
2026-04-13 07:00:44,689 [INFO] 打开页面: https://outlet.arcteryx.com/ca/zh/c/mens/shell-jackets
2026-04-13 07:00:47,779 [INFO] 等待首屏商品渲染…
2026-04-13 07:00:49,432 [INFO] 开始自动滚动加载所有商品…
2026-04-13 07:00:51,952 [INFO] 抓取到 8 个商品名称
2026-04-13 07:00:51,952 [INFO] 从文件加载商品标题，共 8 项
2026-04-13 07:00:51,952 [INFO] 商品标题已保存到文件: /home/runner/work/good-monitor/good-monitor/tmp/good-monitor/arcteryx_official_titles.json
2026-04-13 08:00:41,075 [INFO] 日志系统初始化完成
2026-04-13 08:00:41,075 [INFO] === 开始一次商品监控 ===
2026-04-13 08:00:41,589 [INFO] 打开页面: https://outlet.arcteryx.com/ca/zh/c/mens/shell-jackets
2026-04-13 08:00:44,384 [INFO] 等待首屏商品渲染…
2026-04-13 08:00:45,968 [INFO] 开始自动滚动加载所有商品…
2026-04-13 08:00:48,465 [INFO] 抓取到 8 个商品名称
2026-04-13 08:00:48,465 [INFO] 从文件加载商品标题，共 8 项
2026-04-13 08:00:48,465 [INFO] 商品标题已保存到文件: /home/runner/work/good-monitor/good-monitor/tmp/good-monitor/arcteryx_official_titles.json
2026-04-13 09:00:37,394 [INFO] 日志系统初始化完成
2026-04-13 09:00:37,394 [INFO] === 开始一次商品监控 ===
2026-04-13 09:00:37,882 [INFO] 打开页面: https://outlet.arcteryx.com/ca/zh/c/mens/shell-jackets
2026-04-13 09:00:40,823 [INFO] 等待首屏商品渲染…
2026-04-13 09:00:41,962 [INFO] 开始自动滚动加载所有商品…
2026-04-13 09:00:44,447 [INFO] 抓取到 8 个商品名称
2026-04-13 09:00:44,448 [INFO] 从文件加载商品标题，共 8 项
2026-04-13 09:00:44,448 [INFO] 商品标题已保存到文件: /home/runner/work/good-monitor/good-monitor/tmp/good-monitor/arcteryx_official_titles.json
2026-04-13 10:00:44,156 [INFO] 日志系统初始化完成
2026-04-13 10:00:44,157 [INFO] === 开始一次商品监控 ===
2026-04-13 10:00:44,644 [INFO] 打开页面: https://outlet.arcteryx.com/ca/zh/c/mens/shell-jackets
2026-04-13 10:00:47,248 [INFO] 等待首屏商品渲染…
2026-04-13 10:00:48,924 [INFO] 开始自动滚动加载所有商品…
2026-04-13 10:00:49,840 [INFO] 抓取到 8 个商品名称
2026-04-13 10:00:49,840 [INFO] 从文件加载商品标题，共 8 项
2026-04-13 10:00:49,840 [INFO] 商品标题已保存到文件: /home/runner/work/good-monitor/good-monitor/tmp/good-monitor/arcteryx_official_titles.json
2026-04-13 11:00:45,150 [INFO] 日志系统初始化完成
2026-04-13 11:00:45,150 [INFO] === 开始一次商品监控 ===
2026-04-13 11:00:45,676 [INFO] 打开页面: https://outlet.arcteryx.com/ca/zh/c/mens/shell-jackets
2026-04-13 11:00:48,713 [INFO] 等待首屏商品渲染…
2026-04-13 11:00:49,851 [INFO] 开始自动滚动加载所有商品…
2026-04-13 11:00:52,351 [INFO] 抓取到 8 个商品名称
2026-04-13 11:00:52,352 [INFO] 从文件加载商品标题，共 8 项
2026-04-13 11:00:52,352 [INFO] 商品标题已保存到文件: /home/runner/work/good-monitor/good-monitor/tmp/good-monitor/arcteryx_official_titles.json
2026-04-13 12:00:53,439 [INFO] 日志系统初始化完成
2026-04-13 12:00:53,439 [INFO] === 开始一次商品监控 ===
2026-04-13 12:00:53,927 [INFO] 打开页面: https://outlet.arcteryx.com/ca/zh/c/mens/shell-jackets
2026-04-13 12:00:57,779 [INFO] 等待首屏商品渲染…
2026-04-13 12:00:57,826 [INFO] 开始自动滚动加载所有商品…
2026-04-13 12:00:59,516 [INFO] 抓取到 8 个商品名称
2026-04-13 12:00:59,516 [INFO] 从文件加载商品标题，共 8 项
2026-04-13 12:00:59,516 [INFO] 商品标题已保存到文件: /home/runner/work/good-monitor/good-monitor/tmp/good-monitor/arcteryx_official_titles.json
2026-04-13 13:00:51,501 [INFO] 日志系统初始化完成
2026-04-13 13:00:51,501 [INFO] === 开始一次商品监控 ===
2026-04-13 13:00:52,008 [INFO] 打开页面: https://outlet.arcteryx.com/ca/zh/c/mens/shell-jackets
2026-04-13 13:00:55,000 [INFO] 等待首屏商品渲染…
2026-04-13 13:00:56,147 [INFO] 开始自动滚动加载所有商品…
2026-04-13 13:00:57,839 [INFO] 抓取到 8 个商品名称
2026-04-13 13:00:57,840 [INFO] 从文件加载商品标题，共 8 项
2026-04-13 13:00:57,840 [INFO] 商品标题已保存到文件: /home/runner/work/good-monitor/good-monitor/tmp/good-monitor/arcteryx_official_titles.json
2026-04-13 14:00:41,019 [INFO] 日志系统初始化完成
2026-04-13 14:00:41,019 [INFO] === 开始一次商品监控 ===
2026-04-13 14:00:41,519 [INFO] 打开页面: https://outlet.arcteryx.com/ca/zh/c/mens/shell-jackets
2026-04-13 14:00:44,529 [INFO] 等待首屏商品渲染…
2026-04-13 14:00:46,125 [INFO] 开始自动滚动加载所有商品…
2026-04-13 14:00:48,642 [INFO] 抓取到 8 个商品名称
2026-04-13 14:00:48,642 [INFO] 从文件加载商品标题，共 8 项
2026-04-13 14:00:48,643 [INFO] 商品标题已保存到文件: /home/runner/work/good-monitor/good-monitor/tmp/good-monitor/arcteryx_official_titles.json
2026-04-13 15:00:44,467 [INFO] 日志系统初始化完成
2026-04-13 15:00:44,467 [INFO] === 开始一次商品监控 ===
2026-04-13 15:00:44,946 [INFO] 打开页面: https://outlet.arcteryx.com/ca/zh/c/mens/shell-jackets
2026-04-13 15:00:47,841 [INFO] 等待首屏商品渲染…
2026-04-13 15:00:49,558 [INFO] 开始自动滚动加载所有商品…
2026-04-13 15:00:52,046 [INFO] 抓取到 8 个商品名称
2026-04-13 15:00:52,046 [INFO] 从文件加载商品标题，共 8 项
2026-04-13 15:00:52,047 [INFO] 商品标题已保存到文件: /home/runner/work/good-monitor/good-monitor/tmp/good-monitor/arcteryx_official_titles.json
2026-04-13 16:00:39,130 [INFO] 日志系统初始化完成
2026-04-13 16:00:39,130 [INFO] === 开始一次商品监控 ===
2026-04-13 16:00:39,617 [INFO] 打开页面: https://outlet.arcteryx.com/ca/zh/c/mens/shell-jackets
2026-04-13 16:00:42,729 [INFO] 等待首屏商品渲染…
2026-04-13 16:00:44,359 [INFO] 开始自动滚动加载所有商品…
2026-04-13 16:00:46,972 [INFO] 抓取到 8 个商品名称
2026-04-13 16:00:46,972 [INFO] 从文件加载商品标题，共 8 项
2026-04-13 16:00:46,972 [INFO] 商品标题已保存到文件: /home/runner/work/good-monitor/good-monitor/tmp/good-monitor/arcteryx_official_titles.json
2026-04-13 17:00:45,190 [INFO] 日志系统初始化完成
2026-04-13 17:00:45,191 [INFO] === 开始一次商品监控 ===
2026-04-13 17:00:45,687 [INFO] 打开页面: https://outlet.arcteryx.com/ca/zh/c/mens/shell-jackets
2026-04-13 17:00:49,058 [INFO] 等待首屏商品渲染…
2026-04-13 17:00:50,417 [INFO] 开始自动滚动加载所有商品…
2026-04-13 17:00:52,093 [INFO] 抓取到 8 个商品名称
2026-04-13 17:00:52,093 [INFO] 从文件加载商品标题，共 8 项
2026-04-13 17:00:52,094 [INFO] 商品标题已保存到文件: /home/runner/work/good-monitor/good-monitor/tmp/good-monitor/arcteryx_official_titles.json
2026-04-13 18:00:40,451 [INFO] 日志系统初始化完成
2026-04-13 18:00:40,451 [INFO] === 开始一次商品监控 ===
2026-04-13 18:00:40,932 [INFO] 打开页面: https://outlet.arcteryx.com/ca/zh/c/mens/shell-jackets
2026-04-13 18:00:44,565 [INFO] 等待首屏商品渲染…
2026-04-13 18:00:44,968 [INFO] 开始自动滚动加载所有商品…
2026-04-13 18:00:45,866 [INFO] 抓取到 8 个商品名称
2026-04-13 18:00:45,867 [INFO] 从文件加载商品标题，共 8 项
2026-04-13 18:00:45,867 [INFO] 商品标题已保存到文件: /home/runner/work/good-monitor/good-monitor/tmp/good-monitor/arcteryx_official_titles.json
2026-04-13 19:00:38,716 [INFO] 日志系统初始化完成
2026-04-13 19:00:38,716 [INFO] === 开始一次商品监控 ===
2026-04-13 19:00:39,241 [INFO] 打开页面: https://outlet.arcteryx.com/ca/zh/c/mens/shell-jackets
2026-04-13 19:00:42,666 [INFO] 等待首屏商品渲染…
2026-04-13 19:00:44,456 [INFO] 开始自动滚动加载所有商品…
2026-04-13 19:00:46,945 [INFO] 抓取到 8 个商品名称
2026-04-13 19:00:46,945 [INFO] 从文件加载商品标题，共 8 项
2026-04-13 19:00:46,946 [INFO] 商品标题已保存到文件: /home/runner/work/good-monitor/good-monitor/tmp/good-monitor/arcteryx_official_titles.json
2026-04-13 20:00:45,311 [INFO] 日志系统初始化完成
2026-04-13 20:00:45,311 [INFO] === 开始一次商品监控 ===
2026-04-13 20:00:45,785 [INFO] 打开页面: https://outlet.arcteryx.com/ca/zh/c/mens/shell-jackets
2026-04-13 20:00:47,250 [INFO] 等待首屏商品渲染…
2026-04-13 20:00:50,794 [INFO] 开始自动滚动加载所有商品…
2026-04-13 20:00:53,395 [INFO] 抓取到 8 个商品名称
2026-04-13 20:00:53,395 [INFO] 从文件加载商品标题，共 8 项
2026-04-13 20:00:53,396 [INFO] 商品标题已保存到文件: /home/runner/work/good-monitor/good-monitor/tmp/good-monitor/arcteryx_official_titles.json
2026-04-13 21:00:38,693 [INFO] 日志系统初始化完成
2026-04-13 21:00:38,693 [INFO] === 开始一次商品监控 ===
2026-04-13 21:00:39,119 [INFO] 打开页面: https://outlet.arcteryx.com/ca/zh/c/mens/shell-jackets
2026-04-13 21:00:41,834 [INFO] 等待首屏商品渲染…
2026-04-13 21:00:43,547 [INFO] 开始自动滚动加载所有商品…
2026-04-13 21:00:45,221 [INFO] 抓取到 8 个商品名称
2026-04-13 21:00:45,221 [INFO] 从文件加载商品标题，共 8 项
2026-04-13 21:00:45,221 [INFO] 商品标题已保存到文件: /home/runner/work/good-monitor/good-monitor/tmp/good-monitor/arcteryx_official_titles.json
2026-04-13 22:00:44,998 [INFO] 日志系统初始化完成
2026-04-13 22:00:44,998 [INFO] === 开始一次商品监控 ===
2026-04-13 22:00:45,478 [INFO] 打开页面: https://outlet.arcteryx.com/ca/zh/c/mens/shell-jackets
2026-04-13 22:00:48,734 [INFO] 等待首屏商品渲染…
2026-04-13 22:00:48,823 [INFO] 开始自动滚动加载所有商品…
2026-04-13 22:00:50,621 [INFO] 抓取到 8 个商品名称
2026-04-13 22:00:50,621 [INFO] 从文件加载商品标题，共 8 项
2026-04-13 22:00:50,622 [INFO] 商品标题已保存到文件: /home/runner/work/good-monitor/good-monitor/tmp/good-monitor/arcteryx_official_titles.json
2026-04-13 23:00:47,561 [INFO] 日志系统初始化完成
2026-04-13 23:00:47,561 [INFO] === 开始一次商品监控 ===
2026-04-13 23:00:48,029 [INFO] 打开页面: https://outlet.arcteryx.com/ca/zh/c/mens/shell-jackets
2026-04-13 23:00:50,763 [INFO] 等待首屏商品渲染…
2026-04-13 23:00:52,407 [INFO] 开始自动滚动加载所有商品…
2026-04-13 23:00:54,085 [INFO] 抓取到 8 个商品名称
2026-04-13 23:00:54,085 [INFO] 从文件加载商品标题，共 8 项
2026-04-13 23:00:54,085 [INFO] 商品标题已保存到文件: /home/runner/work/good-monitor/good-monitor/tmp/good-monitor/arcteryx_official_titles.json
2026-04-14 01:00:42,696 [INFO] 日志系统初始化完成
2026-04-14 01:00:42,697 [INFO] === 开始一次商品监控 ===
2026-04-14 01:00:43,257 [INFO] 打开页面: https://outlet.arcteryx.com/ca/zh/c/mens/shell-jackets
2026-04-14 01:00:46,394 [INFO] 等待首屏商品渲染…
2026-04-14 01:00:48,041 [INFO] 开始自动滚动加载所有商品…
2026-04-14 01:00:49,856 [INFO] 抓取到 8 个商品名称
2026-04-14 01:00:49,856 [INFO] 从文件加载商品标题，共 8 项
2026-04-14 01:00:49,856 [INFO] 商品标题已保存到文件: /home/runner/work/good-monitor/good-monitor/tmp/good-monitor/arcteryx_official_titles.json
2026-04-14 02:00:42,233 [INFO] 日志系统初始化完成
2026-04-14 02:00:42,233 [INFO] === 开始一次商品监控 ===
2026-04-14 02:00:42,755 [INFO] 打开页面: https://outlet.arcteryx.com/ca/zh/c/mens/shell-jackets
2026-04-14 02:00:46,565 [INFO] 等待首屏商品渲染…
2026-04-14 02:00:46,643 [INFO] 开始自动滚动加载所有商品…
2026-04-14 02:00:48,407 [INFO] 抓取到 8 个商品名称
2026-04-14 02:00:48,408 [INFO] 从文件加载商品标题，共 8 项
2026-04-14 02:00:48,408 [INFO] 商品标题已保存到文件: /home/runner/work/good-monitor/good-monitor/tmp/good-monitor/arcteryx_official_titles.json
2026-04-14 03:00:39,330 [INFO] 日志系统初始化完成
2026-04-14 03:00:39,330 [INFO] === 开始一次商品监控 ===
2026-04-14 03:00:39,815 [INFO] 打开页面: https://outlet.arcteryx.com/ca/zh/c/mens/shell-jackets
2026-04-14 03:00:43,434 [INFO] 等待首屏商品渲染…
2026-04-14 03:00:43,805 [INFO] 开始自动滚动加载所有商品…
2026-04-14 03:00:45,542 [INFO] 抓取到 8 个商品名称
2026-04-14 03:00:45,542 [INFO] 从文件加载商品标题，共 8 项
2026-04-14 03:00:45,543 [INFO] 商品标题已保存到文件: /home/runner/work/good-monitor/good-monitor/tmp/good-monitor/arcteryx_official_titles.json
2026-04-14 04:00:39,125 [INFO] 日志系统初始化完成
2026-04-14 04:00:39,125 [INFO] === 开始一次商品监控 ===
2026-04-14 04:00:39,640 [INFO] 打开页面: https://outlet.arcteryx.com/ca/zh/c/mens/shell-jackets
2026-04-14 04:00:43,532 [INFO] 等待首屏商品渲染…
2026-04-14 04:00:43,855 [INFO] 开始自动滚动加载所有商品…
2026-04-14 04:00:45,590 [INFO] 抓取到 8 个商品名称
2026-04-14 04:00:45,590 [INFO] 从文件加载商品标题，共 8 项
2026-04-14 04:00:45,590 [INFO] 商品标题已保存到文件: /home/runner/work/good-monitor/good-monitor/tmp/good-monitor/arcteryx_official_titles.json
2026-04-14 05:00:39,489 [INFO] 日志系统初始化完成
2026-04-14 05:00:39,490 [INFO] === 开始一次商品监控 ===
2026-04-14 05:00:39,961 [INFO] 打开页面: https://outlet.arcteryx.com/ca/zh/c/mens/shell-jackets
2026-04-14 05:00:43,402 [INFO] 等待首屏商品渲染…
2026-04-14 05:00:43,739 [INFO] 开始自动滚动加载所有商品…
2026-04-14 05:00:45,484 [INFO] 抓取到 8 个商品名称
2026-04-14 05:00:45,485 [INFO] 从文件加载商品标题，共 8 项
2026-04-14 05:00:45,485 [INFO] 商品标题已保存到文件: /home/runner/work/good-monitor/good-monitor/tmp/good-monitor/arcteryx_official_titles.json
2026-04-14 06:00:42,142 [INFO] 日志系统初始化完成
2026-04-14 06:00:42,143 [INFO] === 开始一次商品监控 ===
2026-04-14 06:00:42,698 [INFO] 打开页面: https://outlet.arcteryx.com/ca/zh/c/mens/shell-jackets
2026-04-14 06:00:46,533 [INFO] 等待首屏商品渲染…
2026-04-14 06:00:46,628 [INFO] 开始自动滚动加载所有商品…
2026-04-14 06:00:47,501 [INFO] 抓取到 8 个商品名称
2026-04-14 06:00:47,501 [INFO] 从文件加载商品标题，共 8 项
2026-04-14 06:00:47,502 [INFO] 商品标题已保存到文件: /home/runner/work/good-monitor/good-monitor/tmp/good-monitor/arcteryx_official_titles.json
2026-04-14 07:00:45,039 [INFO] 日志系统初始化完成
2026-04-14 07:00:45,039 [INFO] === 开始一次商品监控 ===
2026-04-14 07:00:45,577 [INFO] 打开页面: https://outlet.arcteryx.com/ca/zh/c/mens/shell-jackets
2026-04-14 07:00:48,604 [INFO] 等待首屏商品渲染…
2026-04-14 07:00:50,401 [INFO] 开始自动滚动加载所有商品…
2026-04-14 07:00:52,284 [INFO] 抓取到 8 个商品名称
2026-04-14 07:00:52,284 [INFO] 从文件加载商品标题，共 8 项
2026-04-14 07:00:52,284 [INFO] 商品标题已保存到文件: /home/runner/work/good-monitor/good-monitor/tmp/good-monitor/arcteryx_official_titles.json
2026-04-14 08:00:40,791 [INFO] 日志系统初始化完成
2026-04-14 08:00:40,791 [INFO] === 开始一次商品监控 ===
2026-04-14 08:00:41,323 [INFO] 打开页面: https://outlet.arcteryx.com/ca/zh/c/mens/shell-jackets
2026-04-14 08:00:46,075 [INFO] 等待首屏商品渲染…
2026-04-14 08:00:46,156 [INFO] 开始自动滚动加载所有商品…
2026-04-14 08:00:47,883 [INFO] 抓取到 8 个商品名称
2026-04-14 08:00:47,884 [INFO] 从文件加载商品标题，共 8 项
2026-04-14 08:00:47,884 [INFO] 商品标题已保存到文件: /home/runner/work/good-monitor/good-monitor/tmp/good-monitor/arcteryx_official_titles.json
2026-04-14 09:00:38,844 [INFO] 日志系统初始化完成
2026-04-14 09:00:38,844 [INFO] === 开始一次商品监控 ===
2026-04-14 09:00:39,324 [INFO] 打开页面: https://outlet.arcteryx.com/ca/zh/c/mens/shell-jackets
2026-04-14 09:00:44,112 [INFO] 等待首屏商品渲染…
2026-04-14 09:00:44,190 [INFO] 开始自动滚动加载所有商品…
2026-04-14 09:00:45,920 [INFO] 抓取到 8 个商品名称
2026-04-14 09:00:45,920 [INFO] 从文件加载商品标题，共 8 项
2026-04-14 09:00:45,921 [INFO] 商品标题已保存到文件: /home/runner/work/good-monitor/good-monitor/tmp/good-monitor/arcteryx_official_titles.json
2026-04-14 10:00:45,051 [INFO] 日志系统初始化完成
2026-04-14 10:00:45,051 [INFO] === 开始一次商品监控 ===
2026-04-14 10:00:45,566 [INFO] 打开页面: https://outlet.arcteryx.com/ca/zh/c/mens/shell-jackets
2026-04-14 10:00:47,487 [INFO] 等待首屏商品渲染…
2026-04-14 10:00:48,618 [INFO] 开始自动滚动加载所有商品…
2026-04-14 10:00:50,321 [INFO] 抓取到 8 个商品名称
2026-04-14 10:00:50,322 [INFO] 从文件加载商品标题，共 8 项
2026-04-14 10:00:50,322 [INFO] 商品标题已保存到文件: /home/runner/work/good-monitor/good-monitor/tmp/good-monitor/arcteryx_official_titles.json
2026-04-14 11:00:43,362 [INFO] 日志系统初始化完成
2026-04-14 11:00:43,362 [INFO] === 开始一次商品监控 ===
2026-04-14 11:00:43,847 [INFO] 打开页面: https://outlet.arcteryx.com/ca/zh/c/mens/shell-jackets
2026-04-14 11:00:47,290 [INFO] 等待首屏商品渲染…
2026-04-14 11:00:47,379 [INFO] 开始自动滚动加载所有商品…
2026-04-14 11:00:49,108 [INFO] 抓取到 8 个商品名称
2026-04-14 11:00:49,108 [INFO] 从文件加载商品标题，共 8 项
2026-04-14 11:00:49,108 [INFO] 商品标题已保存到文件: /home/runner/work/good-monitor/good-monitor/tmp/good-monitor/arcteryx_official_titles.json
2026-04-14 12:00:38,222 [INFO] 日志系统初始化完成
2026-04-14 12:00:38,222 [INFO] === 开始一次商品监控 ===
2026-04-14 12:00:38,708 [INFO] 打开页面: https://outlet.arcteryx.com/ca/zh/c/mens/shell-jackets
2026-04-14 12:00:41,040 [INFO] 等待首屏商品渲染…
2026-04-14 12:00:42,157 [INFO] 开始自动滚动加载所有商品…
2026-04-14 12:00:43,895 [INFO] 抓取到 8 个商品名称
2026-04-14 12:00:43,895 [INFO] 从文件加载商品标题，共 8 项
2026-04-14 12:00:43,895 [INFO] 商品标题已保存到文件: /home/runner/work/good-monitor/good-monitor/tmp/good-monitor/arcteryx_official_titles.json
2026-04-14 13:00:45,802 [INFO] 日志系统初始化完成
2026-04-14 13:00:45,802 [INFO] === 开始一次商品监控 ===
2026-04-14 13:00:46,309 [INFO] 打开页面: https://outlet.arcteryx.com/ca/zh/c/mens/shell-jackets
2026-04-14 13:00:49,174 [INFO] 等待首屏商品渲染…
2026-04-14 13:00:50,884 [INFO] 开始自动滚动加载所有商品…
2026-04-14 13:00:52,571 [INFO] 抓取到 8 个商品名称
2026-04-14 13:00:52,572 [INFO] 从文件加载商品标题，共 8 项
2026-04-14 13:00:52,572 [INFO] 商品标题已保存到文件: /home/runner/work/good-monitor/good-monitor/tmp/good-monitor/arcteryx_official_titles.json
2026-04-14 13:56:50,273 [INFO] 日志系统初始化完成
2026-04-14 13:56:50,273 [INFO] === 开始一次商品监控 ===
2026-04-14 13:56:50,759 [INFO] 打开页面: https://outlet.arcteryx.com/ca/zh/c/mens/shell-jackets
2026-04-14 13:56:52,814 [INFO] 等待首屏商品渲染…
2026-04-14 13:56:53,181 [INFO] 开始自动滚动加载所有商品…
2026-04-14 13:56:55,062 [INFO] 抓取到 8 个商品名称
2026-04-14 13:56:55,062 [INFO] 从文件加载商品标题，共 8 项
2026-04-14 13:56:55,063 [INFO] 商品标题已保存到文件: /home/runner/work/good-monitor/good-monitor/tmp/good-monitor/arcteryx_official_titles.json
2026-04-14 14:00:55,918 [INFO] 日志系统初始化完成
2026-04-14 14:00:55,918 [INFO] === 开始一次商品监控 ===
2026-04-14 14:00:56,436 [INFO] 打开页面: https://outlet.arcteryx.com/ca/zh/c/mens/shell-jackets
2026-04-14 14:01:00,101 [INFO] 等待首屏商品渲染…
2026-04-14 14:01:00,154 [INFO] 开始自动滚动加载所有商品…
2026-04-14 14:01:01,864 [INFO] 抓取到 8 个商品名称
2026-04-14 14:01:01,864 [INFO] 从文件加载商品标题，共 8 项
2026-04-14 14:01:01,865 [INFO] 商品标题已保存到文件: /home/runner/work/good-monitor/good-monitor/tmp/good-monitor/arcteryx_official_titles.json
2026-04-14 15:00:44,750 [INFO] 日志系统初始化完成
2026-04-14 15:00:44,750 [INFO] === 开始一次商品监控 ===
2026-04-14 15:00:45,172 [INFO] 打开页面: https://outlet.arcteryx.com/ca/zh/c/mens/shell-jackets
2026-04-14 15:00:48,841 [INFO] 等待首屏商品渲染…
2026-04-14 15:00:48,874 [INFO] 开始自动滚动加载所有商品…
2026-04-14 15:00:50,554 [INFO] 抓取到 8 个商品名称
2026-04-14 15:00:50,555 [INFO] 从文件加载商品标题，共 8 项
2026-04-14 15:00:50,555 [INFO] 商品标题已保存到文件: /home/runner/work/good-monitor/good-monitor/tmp/good-monitor/arcteryx_official_titles.json
2026-04-14 16:01:10,719 [INFO] 日志系统初始化完成
2026-04-14 16:01:10,719 [INFO] === 开始一次商品监控 ===
2026-04-14 16:01:11,200 [INFO] 打开页面: https://outlet.arcteryx.com/ca/zh/c/mens/shell-jackets
2026-04-14 16:01:15,366 [INFO] 等待首屏商品渲染…
2026-04-14 16:01:15,417 [INFO] 开始自动滚动加载所有商品…
2026-04-14 16:01:17,128 [INFO] 抓取到 8 个商品名称
2026-04-14 16:01:17,129 [INFO] 从文件加载商品标题，共 8 项
2026-04-14 16:01:17,129 [INFO] 商品标题已保存到文件: /home/runner/work/good-monitor/good-monitor/tmp/good-monitor/arcteryx_official_titles.json
2026-04-14 17:00:44,292 [INFO] 日志系统初始化完成
2026-04-14 17:00:44,292 [INFO] === 开始一次商品监控 ===
2026-04-14 17:00:44,790 [INFO] 打开页面: https://outlet.arcteryx.com/ca/zh/c/mens/shell-jackets
2026-04-14 17:00:47,626 [INFO] 等待首屏商品渲染…
2026-04-14 17:00:49,361 [INFO] 开始自动滚动加载所有商品…
2026-04-14 17:00:51,168 [INFO] 抓取到 14 个商品名称
2026-04-14 17:00:51,168 [INFO] 从文件加载商品标题，共 8 项
2026-04-14 17:00:51,168 [INFO] 发现新品: ['Gamma MX连帽衣 男装', 'Beta SL 夹克 男装', 'Gamma Lightweight夹克 男装', 'Field Jacket 夹克 男装', 'Monitor大衣 男装', 'Indisce MX Blazer 西装外套 男装']
2026-04-14 17:00:52,281 [INFO] 推送结果: {"code":200,"message":"success","timestamp":1776186052}
2026-04-14 17:00:52,282 [INFO] 商品标题已保存到文件: /home/runner/work/good-monitor/good-monitor/tmp/good-monitor/arcteryx_official_titles.json
2026-04-14 18:00:50,005 [INFO] 日志系统初始化完成
2026-04-14 18:00:50,006 [INFO] === 开始一次商品监控 ===
2026-04-14 18:00:50,482 [INFO] 打开页面: https://outlet.arcteryx.com/ca/zh/c/mens/shell-jackets
2026-04-14 18:00:54,251 [INFO] 等待首屏商品渲染…
2026-04-14 18:00:54,319 [INFO] 开始自动滚动加载所有商品…
2026-04-14 18:00:56,053 [INFO] 抓取到 14 个商品名称
2026-04-14 18:00:56,053 [INFO] 从文件加载商品标题，共 14 项
2026-04-14 18:00:56,053 [INFO] 商品标题已保存到文件: /home/runner/work/good-monitor/good-monitor/tmp/good-monitor/arcteryx_official_titles.json
2026-04-14 19:00:40,938 [INFO] 日志系统初始化完成
2026-04-14 19:00:40,938 [INFO] === 开始一次商品监控 ===
2026-04-14 19:00:41,459 [INFO] 打开页面: https://outlet.arcteryx.com/ca/zh/c/mens/shell-jackets
2026-04-14 19:00:44,608 [INFO] 等待首屏商品渲染…
2026-04-14 19:00:46,938 [INFO] 开始自动滚动加载所有商品…
2026-04-14 19:00:49,423 [INFO] 抓取到 14 个商品名称
2026-04-14 19:00:49,423 [INFO] 从文件加载商品标题，共 14 项
2026-04-14 19:00:49,424 [INFO] 商品标题已保存到文件: /home/runner/work/good-monitor/good-monitor/tmp/good-monitor/arcteryx_official_titles.json
2026-04-14 20:00:54,374 [INFO] 日志系统初始化完成
2026-04-14 20:00:54,374 [INFO] === 开始一次商品监控 ===
2026-04-14 20:00:54,762 [INFO] 打开页面: https://outlet.arcteryx.com/ca/zh/c/mens/shell-jackets
2026-04-14 20:00:57,038 [INFO] 等待首屏商品渲染…
2026-04-14 20:00:57,079 [INFO] 开始自动滚动加载所有商品…
2026-04-14 20:00:58,756 [INFO] 抓取到 14 个商品名称
2026-04-14 20:00:58,756 [INFO] 从文件加载商品标题，共 14 项
2026-04-14 20:00:58,756 [INFO] 商品标题已保存到文件: /home/runner/work/good-monitor/good-monitor/tmp/good-monitor/arcteryx_official_titles.json
2026-04-14 21:00:43,048 [INFO] 日志系统初始化完成
2026-04-14 21:00:43,048 [INFO] === 开始一次商品监控 ===
2026-04-14 21:00:43,527 [INFO] 打开页面: https://outlet.arcteryx.com/ca/zh/c/mens/shell-jackets
2026-04-14 21:00:46,549 [INFO] 等待首屏商品渲染…
2026-04-14 21:00:48,258 [INFO] 开始自动滚动加载所有商品…
2026-04-14 21:00:50,757 [INFO] 抓取到 14 个商品名称
2026-04-14 21:00:50,757 [INFO] 从文件加载商品标题，共 14 项
2026-04-14 21:00:50,758 [INFO] 商品标题已保存到文件: /home/runner/work/good-monitor/good-monitor/tmp/good-monitor/arcteryx_official_titles.json
2026-04-14 22:00:45,246 [INFO] 日志系统初始化完成
2026-04-14 22:00:45,246 [INFO] === 开始一次商品监控 ===
2026-04-14 22:00:45,729 [INFO] 打开页面: https://outlet.arcteryx.com/ca/zh/c/mens/shell-jackets
2026-04-14 22:00:47,551 [INFO] 等待首屏商品渲染…
2026-04-14 22:00:48,680 [INFO] 开始自动滚动加载所有商品…
2026-04-14 22:00:50,470 [INFO] 抓取到 14 个商品名称
2026-04-14 22:00:50,470 [INFO] 从文件加载商品标题，共 14 项
2026-04-14 22:00:50,470 [INFO] 商品标题已保存到文件: /home/runner/work/good-monitor/good-monitor/tmp/good-monitor/arcteryx_official_titles.json
2026-04-14 23:00:44,067 [INFO] 日志系统初始化完成
2026-04-14 23:00:44,067 [INFO] === 开始一次商品监控 ===
2026-04-14 23:00:44,551 [INFO] 打开页面: https://outlet.arcteryx.com/ca/zh/c/mens/shell-jackets
2026-04-14 23:00:47,779 [INFO] 等待首屏商品渲染…
2026-04-14 23:00:48,961 [INFO] 开始自动滚动加载所有商品…
2026-04-14 23:00:51,448 [INFO] 抓取到 14 个商品名称
2026-04-14 23:00:51,449 [INFO] 从文件加载商品标题，共 14 项
2026-04-14 23:00:51,449 [INFO] 商品标题已保存到文件: /home/runner/work/good-monitor/good-monitor/tmp/good-monitor/arcteryx_official_titles.json
2026-04-15 00:01:11,771 [INFO] 日志系统初始化完成
2026-04-15 00:01:11,771 [INFO] === 开始一次商品监控 ===
2026-04-15 00:01:12,242 [INFO] 打开页面: https://outlet.arcteryx.com/ca/zh/c/mens/shell-jackets
2026-04-15 00:01:14,044 [INFO] 等待首屏商品渲染…
2026-04-15 00:01:15,171 [INFO] 开始自动滚动加载所有商品…
2026-04-15 00:01:16,865 [INFO] 抓取到 14 个商品名称
2026-04-15 00:01:16,866 [INFO] 从文件加载商品标题，共 14 项
2026-04-15 00:01:16,866 [INFO] 商品标题已保存到文件: /home/runner/work/good-monitor/good-monitor/tmp/good-monitor/arcteryx_official_titles.json
2026-04-15 01:00:40,872 [INFO] 日志系统初始化完成
2026-04-15 01:00:40,872 [INFO] === 开始一次商品监控 ===
2026-04-15 01:00:41,356 [INFO] 打开页面: https://outlet.arcteryx.com/ca/zh/c/mens/shell-jackets
2026-04-15 01:00:47,751 [INFO] 等待首屏商品渲染…
2026-04-15 01:00:49,368 [INFO] 开始自动滚动加载所有商品…
2026-04-15 01:00:51,078 [INFO] 抓取到 14 个商品名称
2026-04-15 01:00:51,078 [INFO] 从文件加载商品标题，共 14 项
2026-04-15 01:00:51,079 [INFO] 商品标题已保存到文件: /home/runner/work/good-monitor/good-monitor/tmp/good-monitor/arcteryx_official_titles.json
2026-04-15 02:00:43,104 [INFO] 日志系统初始化完成
2026-04-15 02:00:43,104 [INFO] === 开始一次商品监控 ===
2026-04-15 02:00:43,596 [INFO] 打开页面: https://outlet.arcteryx.com/ca/zh/c/mens/shell-jackets
2026-04-15 02:00:46,658 [INFO] 等待首屏商品渲染…
2026-04-15 02:00:48,323 [INFO] 开始自动滚动加载所有商品…
2026-04-15 02:00:50,146 [INFO] 抓取到 14 个商品名称
2026-04-15 02:00:50,147 [INFO] 从文件加载商品标题，共 14 项
2026-04-15 02:00:50,147 [INFO] 商品标题已保存到文件: /home/runner/work/good-monitor/good-monitor/tmp/good-monitor/arcteryx_official_titles.json
2026-04-15 03:00:37,932 [INFO] 日志系统初始化完成
2026-04-15 03:00:37,933 [INFO] === 开始一次商品监控 ===
2026-04-15 03:00:38,456 [INFO] 打开页面: https://outlet.arcteryx.com/ca/zh/c/mens/shell-jackets
2026-04-15 03:00:42,592 [INFO] 等待首屏商品渲染…
2026-04-15 03:00:44,358 [INFO] 开始自动滚动加载所有商品…
2026-04-15 03:00:46,104 [INFO] 抓取到 14 个商品名称
2026-04-15 03:00:46,104 [INFO] 从文件加载商品标题，共 14 项
2026-04-15 03:00:46,104 [INFO] 商品标题已保存到文件: /home/runner/work/good-monitor/good-monitor/tmp/good-monitor/arcteryx_official_titles.json
2026-04-15 04:00:37,658 [INFO] 日志系统初始化完成
2026-04-15 04:00:37,658 [INFO] === 开始一次商品监控 ===
2026-04-15 04:00:38,107 [INFO] 打开页面: https://outlet.arcteryx.com/ca/zh/c/mens/shell-jackets
2026-04-15 04:00:39,933 [INFO] 等待首屏商品渲染…
2026-04-15 04:00:41,590 [INFO] 开始自动滚动加载所有商品…
2026-04-15 04:00:43,459 [INFO] 抓取到 14 个商品名称
2026-04-15 04:00:43,459 [INFO] 从文件加载商品标题，共 14 项
2026-04-15 04:00:43,459 [INFO] 商品标题已保存到文件: /home/runner/work/good-monitor/good-monitor/tmp/good-monitor/arcteryx_official_titles.json
2026-04-15 05:00:40,359 [INFO] 日志系统初始化完成
2026-04-15 05:00:40,359 [INFO] === 开始一次商品监控 ===
2026-04-15 05:00:40,886 [INFO] 打开页面: https://outlet.arcteryx.com/ca/zh/c/mens/shell-jackets
2026-04-15 05:00:45,074 [INFO] 等待首屏商品渲染…
2026-04-15 05:00:45,127 [INFO] 开始自动滚动加载所有商品…
2026-04-15 05:00:46,808 [INFO] 抓取到 14 个商品名称
2026-04-15 05:00:46,808 [INFO] 从文件加载商品标题，共 14 项
2026-04-15 05:00:46,808 [INFO] 商品标题已保存到文件: /home/runner/work/good-monitor/good-monitor/tmp/good-monitor/arcteryx_official_titles.json
2026-04-15 06:00:37,519 [INFO] 日志系统初始化完成
2026-04-15 06:00:37,520 [INFO] === 开始一次商品监控 ===
2026-04-15 06:00:38,048 [INFO] 打开页面: https://outlet.arcteryx.com/ca/zh/c/mens/shell-jackets
2026-04-15 06:00:40,894 [INFO] 等待首屏商品渲染…
2026-04-15 06:00:42,653 [INFO] 开始自动滚动加载所有商品…
2026-04-15 06:00:45,133 [INFO] 抓取到 14 个商品名称
2026-04-15 06:00:45,134 [INFO] 从文件加载商品标题，共 14 项
2026-04-15 06:00:45,134 [INFO] 商品标题已保存到文件: /home/runner/work/good-monitor/good-monitor/tmp/good-monitor/arcteryx_official_titles.json
2026-04-15 07:00:44,118 [INFO] 日志系统初始化完成
2026-04-15 07:00:44,118 [INFO] === 开始一次商品监控 ===
2026-04-15 07:00:44,617 [INFO] 打开页面: https://outlet.arcteryx.com/ca/zh/c/mens/shell-jackets
2026-04-15 07:00:46,202 [INFO] 等待首屏商品渲染…
2026-04-15 07:00:46,484 [INFO] 开始自动滚动加载所有商品…
2026-04-15 07:00:49,081 [INFO] 抓取到 14 个商品名称
2026-04-15 07:00:49,081 [INFO] 从文件加载商品标题，共 14 项
2026-04-15 07:00:49,081 [INFO] 商品标题已保存到文件: /home/runner/work/good-monitor/good-monitor/tmp/good-monitor/arcteryx_official_titles.json
2026-04-15 08:00:47,393 [INFO] 日志系统初始化完成
2026-04-15 08:00:47,393 [INFO] === 开始一次商品监控 ===
2026-04-15 08:00:47,867 [INFO] 打开页面: https://outlet.arcteryx.com/ca/zh/c/mens/shell-jackets
2026-04-15 08:00:50,272 [INFO] 等待首屏商品渲染…
2026-04-15 08:00:51,558 [INFO] 开始自动滚动加载所有商品…
2026-04-15 08:00:53,259 [INFO] 抓取到 14 个商品名称
2026-04-15 08:00:53,259 [INFO] 从文件加载商品标题，共 14 项
2026-04-15 08:00:53,259 [INFO] 商品标题已保存到文件: /home/runner/work/good-monitor/good-monitor/tmp/good-monitor/arcteryx_official_titles.json
2026-04-15 09:00:48,799 [INFO] 日志系统初始化完成
2026-04-15 09:00:48,799 [INFO] === 开始一次商品监控 ===
2026-04-15 09:00:49,281 [INFO] 打开页面: https://outlet.arcteryx.com/ca/zh/c/mens/shell-jackets
2026-04-15 09:00:51,867 [INFO] 等待首屏商品渲染…
2026-04-15 09:00:53,510 [INFO] 开始自动滚动加载所有商品…
2026-04-15 09:00:55,202 [INFO] 抓取到 14 个商品名称
2026-04-15 09:00:55,202 [INFO] 从文件加载商品标题，共 14 项
2026-04-15 09:00:55,202 [INFO] 商品标题已保存到文件: /home/runner/work/good-monitor/good-monitor/tmp/good-monitor/arcteryx_official_titles.json
2026-04-15 10:00:39,717 [INFO] 日志系统初始化完成
2026-04-15 10:00:39,717 [INFO] === 开始一次商品监控 ===
2026-04-15 10:00:40,206 [INFO] 打开页面: https://outlet.arcteryx.com/ca/zh/c/mens/shell-jackets
2026-04-15 10:00:43,173 [INFO] 等待首屏商品渲染…
2026-04-15 10:00:44,857 [INFO] 开始自动滚动加载所有商品…
2026-04-15 10:00:46,562 [INFO] 抓取到 14 个商品名称
2026-04-15 10:00:46,562 [INFO] 从文件加载商品标题，共 14 项
2026-04-15 10:00:46,562 [INFO] 商品标题已保存到文件: /home/runner/work/good-monitor/good-monitor/tmp/good-monitor/arcteryx_official_titles.json
2026-04-15 11:01:05,291 [INFO] 日志系统初始化完成
2026-04-15 11:01:05,291 [INFO] === 开始一次商品监控 ===
2026-04-15 11:01:05,807 [INFO] 打开页面: https://outlet.arcteryx.com/ca/zh/c/mens/shell-jackets
2026-04-15 11:01:10,628 [INFO] 等待首屏商品渲染…
2026-04-15 11:01:10,665 [INFO] 开始自动滚动加载所有商品…
2026-04-15 11:01:13,162 [INFO] 抓取到 14 个商品名称
2026-04-15 11:01:13,162 [INFO] 从文件加载商品标题，共 14 项
2026-04-15 11:01:13,163 [INFO] 商品标题已保存到文件: /home/runner/work/good-monitor/good-monitor/tmp/good-monitor/arcteryx_official_titles.json
2026-04-15 12:00:43,032 [INFO] 日志系统初始化完成
2026-04-15 12:00:43,032 [INFO] === 开始一次商品监控 ===
2026-04-15 12:00:43,520 [INFO] 打开页面: https://outlet.arcteryx.com/ca/zh/c/mens/shell-jackets
2026-04-15 12:00:46,420 [INFO] 等待首屏商品渲染…
2026-04-15 12:00:47,565 [INFO] 开始自动滚动加载所有商品…
2026-04-15 12:00:50,065 [INFO] 抓取到 14 个商品名称
2026-04-15 12:00:50,065 [INFO] 从文件加载商品标题，共 14 项
2026-04-15 12:00:50,066 [INFO] 商品标题已保存到文件: /home/runner/work/good-monitor/good-monitor/tmp/good-monitor/arcteryx_official_titles.json
2026-04-15 13:00:43,491 [INFO] 日志系统初始化完成
2026-04-15 13:00:43,491 [INFO] === 开始一次商品监控 ===
2026-04-15 13:00:43,982 [INFO] 打开页面: https://outlet.arcteryx.com/ca/zh/c/mens/shell-jackets
2026-04-15 13:00:46,574 [INFO] 等待首屏商品渲染…
2026-04-15 13:00:48,289 [INFO] 开始自动滚动加载所有商品…
2026-04-15 13:00:50,789 [INFO] 抓取到 14 个商品名称
2026-04-15 13:00:50,790 [INFO] 从文件加载商品标题，共 14 项
2026-04-15 13:00:50,790 [INFO] 商品标题已保存到文件: /home/runner/work/good-monitor/good-monitor/tmp/good-monitor/arcteryx_official_titles.json
2026-04-15 14:00:45,801 [INFO] 日志系统初始化完成
2026-04-15 14:00:45,801 [INFO] === 开始一次商品监控 ===
2026-04-15 14:00:46,301 [INFO] 打开页面: https://outlet.arcteryx.com/ca/zh/c/mens/shell-jackets
2026-04-15 14:00:49,859 [INFO] 等待首屏商品渲染…
2026-04-15 14:00:51,561 [INFO] 开始自动滚动加载所有商品…
2026-04-15 14:00:54,188 [INFO] 抓取到 14 个商品名称
2026-04-15 14:00:54,188 [INFO] 从文件加载商品标题，共 14 项
2026-04-15 14:00:54,189 [INFO] 商品标题已保存到文件: /home/runner/work/good-monitor/good-monitor/tmp/good-monitor/arcteryx_official_titles.json
2026-04-15 15:00:46,940 [INFO] 日志系统初始化完成
2026-04-15 15:00:46,940 [INFO] === 开始一次商品监控 ===
2026-04-15 15:00:47,415 [INFO] 打开页面: https://outlet.arcteryx.com/ca/zh/c/mens/shell-jackets
2026-04-15 15:00:49,346 [INFO] 等待首屏商品渲染…
2026-04-15 15:00:51,021 [INFO] 开始自动滚动加载所有商品…
2026-04-15 15:00:52,746 [INFO] 抓取到 14 个商品名称
2026-04-15 15:00:52,746 [INFO] 从文件加载商品标题，共 14 项
2026-04-15 15:00:52,746 [INFO] 商品标题已保存到文件: /home/runner/work/good-monitor/good-monitor/tmp/good-monitor/arcteryx_official_titles.json
2026-04-15 17:00:48,563 [INFO] 日志系统初始化完成
2026-04-15 17:00:48,563 [INFO] === 开始一次商品监控 ===
2026-04-15 17:00:49,047 [INFO] 打开页面: https://outlet.arcteryx.com/ca/zh/c/mens/shell-jackets
2026-04-15 17:00:52,224 [INFO] 等待首屏商品渲染…
2026-04-15 17:00:59,354 [INFO] 开始自动滚动加载所有商品…
2026-04-15 17:01:01,028 [INFO] 抓取到 15 个商品名称
2026-04-15 17:01:01,028 [INFO] 从文件加载商品标题，共 14 项
2026-04-15 17:01:01,028 [INFO] 发现新品: ['Sabre夹克 男装']
2026-04-15 17:01:01,479 [INFO] 推送结果: {"code":200,"message":"success","timestamp":1776272461}
2026-04-15 17:01:01,481 [INFO] 商品标题已保存到文件: /home/runner/work/good-monitor/good-monitor/tmp/good-monitor/arcteryx_official_titles.json
2026-04-15 18:00:43,781 [INFO] 日志系统初始化完成
2026-04-15 18:00:43,781 [INFO] === 开始一次商品监控 ===
2026-04-15 18:00:44,270 [INFO] 打开页面: https://outlet.arcteryx.com/ca/zh/c/mens/shell-jackets
2026-04-15 18:00:47,453 [INFO] 等待首屏商品渲染…
2026-04-15 18:00:49,594 [INFO] 开始自动滚动加载所有商品…
2026-04-15 18:00:52,076 [INFO] 抓取到 14 个商品名称
2026-04-15 18:00:52,076 [INFO] 从文件加载商品标题，共 15 项
2026-04-15 18:00:52,076 [INFO] 下架商品: ['Sabre夹克 男装']
2026-04-15 18:00:52,685 [INFO] 推送结果: {"code":200,"message":"success","timestamp":1776276052}
2026-04-15 18:00:52,687 [INFO] 商品标题已保存到文件: /home/runner/work/good-monitor/good-monitor/tmp/good-monitor/arcteryx_official_titles.json
2026-04-15 19:01:01,479 [INFO] 日志系统初始化完成
2026-04-15 19:01:01,479 [INFO] === 开始一次商品监控 ===
2026-04-15 19:01:01,956 [INFO] 打开页面: https://outlet.arcteryx.com/ca/zh/c/mens/shell-jackets
2026-04-15 19:01:05,412 [INFO] 等待首屏商品渲染…
2026-04-15 19:01:05,447 [INFO] 开始自动滚动加载所有商品…
2026-04-15 19:01:07,142 [INFO] 抓取到 14 个商品名称
2026-04-15 19:01:07,142 [INFO] 从文件加载商品标题，共 14 项
2026-04-15 19:01:07,143 [INFO] 商品标题已保存到文件: /home/runner/work/good-monitor/good-monitor/tmp/good-monitor/arcteryx_official_titles.json
2026-04-15 20:00:59,785 [INFO] 日志系统初始化完成
2026-04-15 20:00:59,785 [INFO] === 开始一次商品监控 ===
2026-04-15 20:01:00,258 [INFO] 打开页面: https://outlet.arcteryx.com/ca/zh/c/mens/shell-jackets
2026-04-15 20:01:02,987 [INFO] 等待首屏商品渲染…
2026-04-15 20:01:04,769 [INFO] 开始自动滚动加载所有商品…
2026-04-15 20:01:06,460 [INFO] 抓取到 14 个商品名称
2026-04-15 20:01:06,461 [INFO] 从文件加载商品标题，共 14 项
2026-04-15 20:01:06,461 [INFO] 商品标题已保存到文件: /home/runner/work/good-monitor/good-monitor/tmp/good-monitor/arcteryx_official_titles.json
2026-04-15 21:00:41,403 [INFO] 日志系统初始化完成
2026-04-15 21:00:41,403 [INFO] === 开始一次商品监控 ===
2026-04-15 21:00:41,885 [INFO] 打开页面: https://outlet.arcteryx.com/ca/zh/c/mens/shell-jackets
2026-04-15 21:00:44,321 [INFO] 等待首屏商品渲染…
2026-04-15 21:00:45,955 [INFO] 开始自动滚动加载所有商品…
2026-04-15 21:00:47,679 [INFO] 抓取到 14 个商品名称
2026-04-15 21:00:47,679 [INFO] 从文件加载商品标题，共 14 项
2026-04-15 21:00:47,679 [INFO] 商品标题已保存到文件: /home/runner/work/good-monitor/good-monitor/tmp/good-monitor/arcteryx_official_titles.json
2026-04-15 22:00:46,796 [INFO] 日志系统初始化完成
2026-04-15 22:00:46,796 [INFO] === 开始一次商品监控 ===
2026-04-15 22:00:47,311 [INFO] 打开页面: https://outlet.arcteryx.com/ca/zh/c/mens/shell-jackets
2026-04-15 22:00:49,881 [INFO] 等待首屏商品渲染…
2026-04-15 22:00:51,084 [INFO] 开始自动滚动加载所有商品…
2026-04-15 22:00:52,912 [INFO] 抓取到 14 个商品名称
2026-04-15 22:00:52,912 [INFO] 从文件加载商品标题，共 14 项
2026-04-15 22:00:52,913 [INFO] 商品标题已保存到文件: /home/runner/work/good-monitor/good-monitor/tmp/good-monitor/arcteryx_official_titles.json
2026-04-15 23:00:41,852 [INFO] 日志系统初始化完成
2026-04-15 23:00:41,852 [INFO] === 开始一次商品监控 ===
2026-04-15 23:00:42,331 [INFO] 打开页面: https://outlet.arcteryx.com/ca/zh/c/mens/shell-jackets
2026-04-15 23:00:45,003 [INFO] 等待首屏商品渲染…
2026-04-15 23:00:46,728 [INFO] 开始自动滚动加载所有商品…
2026-04-15 23:00:49,223 [INFO] 抓取到 14 个商品名称
2026-04-15 23:00:49,223 [INFO] 从文件加载商品标题，共 14 项
2026-04-15 23:00:49,224 [INFO] 商品标题已保存到文件: /home/runner/work/good-monitor/good-monitor/tmp/good-monitor/arcteryx_official_titles.json
2026-04-16 00:00:43,133 [INFO] 日志系统初始化完成
2026-04-16 00:00:43,133 [INFO] === 开始一次商品监控 ===
2026-04-16 00:00:43,619 [INFO] 打开页面: https://outlet.arcteryx.com/ca/zh/c/mens/shell-jackets
2026-04-16 00:00:46,809 [INFO] 等待首屏商品渲染…
2026-04-16 00:00:47,200 [INFO] 开始自动滚动加载所有商品…
2026-04-16 00:00:48,923 [INFO] 抓取到 14 个商品名称
2026-04-16 00:00:48,923 [INFO] 从文件加载商品标题，共 14 项
2026-04-16 00:00:48,923 [INFO] 商品标题已保存到文件: /home/runner/work/good-monitor/good-monitor/tmp/good-monitor/arcteryx_official_titles.json
2026-04-16 01:00:46,563 [INFO] 日志系统初始化完成
2026-04-16 01:00:46,564 [INFO] === 开始一次商品监控 ===
2026-04-16 01:00:47,108 [INFO] 打开页面: https://outlet.arcteryx.com/ca/zh/c/mens/shell-jackets
2026-04-16 01:00:53,417 [INFO] 等待首屏商品渲染…
2026-04-16 01:00:57,526 [INFO] 开始自动滚动加载所有商品…
2026-04-16 01:00:59,284 [INFO] 抓取到 14 个商品名称
2026-04-16 01:00:59,284 [INFO] 从文件加载商品标题，共 14 项
2026-04-16 01:00:59,285 [INFO] 商品标题已保存到文件: /home/runner/work/good-monitor/good-monitor/tmp/good-monitor/arcteryx_official_titles.json
2026-04-16 02:00:45,007 [INFO] 日志系统初始化完成
2026-04-16 02:00:45,007 [INFO] === 开始一次商品监控 ===
2026-04-16 02:00:45,855 [INFO] 打开页面: https://outlet.arcteryx.com/ca/zh/c/mens/shell-jackets
2026-04-16 02:00:49,696 [INFO] 等待首屏商品渲染…
2026-04-16 02:00:49,721 [INFO] 开始自动滚动加载所有商品…
2026-04-16 02:00:51,382 [INFO] 抓取到 14 个商品名称
2026-04-16 02:00:51,383 [INFO] 从文件加载商品标题，共 14 项
2026-04-16 02:00:51,383 [INFO] 商品标题已保存到文件: /home/runner/work/good-monitor/good-monitor/tmp/good-monitor/arcteryx_official_titles.json
2026-04-16 03:00:41,363 [INFO] 日志系统初始化完成
2026-04-16 03:00:41,364 [INFO] === 开始一次商品监控 ===
2026-04-16 03:00:41,842 [INFO] 打开页面: https://outlet.arcteryx.com/ca/zh/c/mens/shell-jackets
2026-04-16 03:00:43,538 [INFO] 等待首屏商品渲染…
2026-04-16 03:00:44,699 [INFO] 开始自动滚动加载所有商品…
2026-04-16 03:00:46,469 [INFO] 抓取到 14 个商品名称
2026-04-16 03:00:46,469 [INFO] 从文件加载商品标题，共 14 项
2026-04-16 03:00:46,469 [INFO] 商品标题已保存到文件: /home/runner/work/good-monitor/good-monitor/tmp/good-monitor/arcteryx_official_titles.json
2026-04-16 05:00:43,685 [INFO] 日志系统初始化完成
2026-04-16 05:00:43,685 [INFO] === 开始一次商品监控 ===
2026-04-16 05:00:44,172 [INFO] 打开页面: https://outlet.arcteryx.com/ca/zh/c/mens/shell-jackets
2026-04-16 05:00:46,308 [INFO] 等待首屏商品渲染…
2026-04-16 05:00:47,962 [INFO] 开始自动滚动加载所有商品…
2026-04-16 05:00:49,670 [INFO] 抓取到 14 个商品名称
2026-04-16 05:00:49,670 [INFO] 从文件加载商品标题，共 14 项
2026-04-16 05:00:49,671 [INFO] 商品标题已保存到文件: /home/runner/work/good-monitor/good-monitor/tmp/good-monitor/arcteryx_official_titles.json
2026-04-16 06:00:43,576 [INFO] 日志系统初始化完成
2026-04-16 06:00:43,576 [INFO] === 开始一次商品监控 ===
2026-04-16 06:00:44,051 [INFO] 打开页面: https://outlet.arcteryx.com/ca/zh/c/mens/shell-jackets
2026-04-16 06:00:47,368 [INFO] 等待首屏商品渲染…
2026-04-16 06:00:48,490 [INFO] 开始自动滚动加载所有商品…
2026-04-16 06:00:50,273 [INFO] 抓取到 14 个商品名称
2026-04-16 06:00:50,273 [INFO] 从文件加载商品标题，共 14 项
2026-04-16 06:00:50,274 [INFO] 商品标题已保存到文件: /home/runner/work/good-monitor/good-monitor/tmp/good-monitor/arcteryx_official_titles.json
2026-04-16 07:00:37,765 [INFO] 日志系统初始化完成
2026-04-16 07:00:37,765 [INFO] === 开始一次商品监控 ===
2026-04-16 07:00:38,276 [INFO] 打开页面: https://outlet.arcteryx.com/ca/zh/c/mens/shell-jackets
2026-04-16 07:00:41,313 [INFO] 等待首屏商品渲染…
2026-04-16 07:00:42,986 [INFO] 开始自动滚动加载所有商品…
2026-04-16 07:00:45,477 [INFO] 抓取到 14 个商品名称
2026-04-16 07:00:45,478 [INFO] 从文件加载商品标题，共 14 项
2026-04-16 07:00:45,478 [INFO] 商品标题已保存到文件: /home/runner/work/good-monitor/good-monitor/tmp/good-monitor/arcteryx_official_titles.json
2026-04-16 08:00:45,343 [INFO] 日志系统初始化完成
2026-04-16 08:00:45,343 [INFO] === 开始一次商品监控 ===
2026-04-16 08:00:45,865 [INFO] 打开页面: https://outlet.arcteryx.com/ca/zh/c/mens/shell-jackets
2026-04-16 08:00:48,948 [INFO] 等待首屏商品渲染…
2026-04-16 08:00:50,207 [INFO] 开始自动滚动加载所有商品…
2026-04-16 08:00:52,769 [INFO] 抓取到 14 个商品名称
2026-04-16 08:00:52,769 [INFO] 从文件加载商品标题，共 14 项
2026-04-16 08:00:52,769 [INFO] 商品标题已保存到文件: /home/runner/work/good-monitor/good-monitor/tmp/good-monitor/arcteryx_official_titles.json
2026-04-16 09:00:45,664 [INFO] 日志系统初始化完成
2026-04-16 09:00:45,664 [INFO] === 开始一次商品监控 ===
2026-04-16 09:00:46,137 [INFO] 打开页面: https://outlet.arcteryx.com/ca/zh/c/mens/shell-jackets
2026-04-16 09:00:48,596 [INFO] 等待首屏商品渲染…
2026-04-16 09:00:49,772 [INFO] 开始自动滚动加载所有商品…
2026-04-16 09:00:52,258 [INFO] 抓取到 14 个商品名称
2026-04-16 09:00:52,258 [INFO] 从文件加载商品标题，共 14 项
2026-04-16 09:00:52,258 [INFO] 商品标题已保存到文件: /home/runner/work/good-monitor/good-monitor/tmp/good-monitor/arcteryx_official_titles.json
2026-04-16 10:00:40,082 [INFO] 日志系统初始化完成
2026-04-16 10:00:40,082 [INFO] === 开始一次商品监控 ===
2026-04-16 10:00:40,588 [INFO] 打开页面: https://outlet.arcteryx.com/ca/zh/c/mens/shell-jackets
2026-04-16 10:00:43,574 [INFO] 等待首屏商品渲染…
2026-04-16 10:00:45,194 [INFO] 开始自动滚动加载所有商品…
2026-04-16 10:00:47,696 [INFO] 抓取到 14 个商品名称
2026-04-16 10:00:47,697 [INFO] 从文件加载商品标题，共 14 项
2026-04-16 10:00:47,697 [INFO] 商品标题已保存到文件: /home/runner/work/good-monitor/good-monitor/tmp/good-monitor/arcteryx_official_titles.json
2026-04-16 11:00:43,400 [INFO] 日志系统初始化完成
2026-04-16 11:00:43,400 [INFO] === 开始一次商品监控 ===
2026-04-16 11:00:43,933 [INFO] 打开页面: https://outlet.arcteryx.com/ca/zh/c/mens/shell-jackets
2026-04-16 11:00:46,613 [INFO] 等待首屏商品渲染…
2026-04-16 11:00:48,381 [INFO] 开始自动滚动加载所有商品…
2026-04-16 11:00:50,871 [INFO] 抓取到 14 个商品名称
2026-04-16 11:00:50,871 [INFO] 从文件加载商品标题，共 14 项
2026-04-16 11:00:50,872 [INFO] 商品标题已保存到文件: /home/runner/work/good-monitor/good-monitor/tmp/good-monitor/arcteryx_official_titles.json
2026-04-16 12:00:44,899 [INFO] 日志系统初始化完成
2026-04-16 12:00:44,899 [INFO] === 开始一次商品监控 ===
2026-04-16 12:00:45,448 [INFO] 打开页面: https://outlet.arcteryx.com/ca/zh/c/mens/shell-jackets
2026-04-16 12:00:49,226 [INFO] 等待首屏商品渲染…
2026-04-16 12:00:49,309 [INFO] 开始自动滚动加载所有商品…
2026-04-16 12:00:51,003 [INFO] 抓取到 14 个商品名称
2026-04-16 12:00:51,003 [INFO] 从文件加载商品标题，共 14 项
2026-04-16 12:00:51,004 [INFO] 商品标题已保存到文件: /home/runner/work/good-monitor/good-monitor/tmp/good-monitor/arcteryx_official_titles.json
2026-04-16 13:00:48,508 [INFO] 日志系统初始化完成
2026-04-16 13:00:48,508 [INFO] === 开始一次商品监控 ===
2026-04-16 13:00:48,974 [INFO] 打开页面: https://outlet.arcteryx.com/ca/zh/c/mens/shell-jackets
2026-04-16 13:00:51,172 [INFO] 等待首屏商品渲染…
2026-04-16 13:00:52,276 [INFO] 开始自动滚动加载所有商品…
2026-04-16 13:00:53,946 [INFO] 抓取到 14 个商品名称
2026-04-16 13:00:53,947 [INFO] 从文件加载商品标题，共 14 项
2026-04-16 13:00:53,947 [INFO] 商品标题已保存到文件: /home/runner/work/good-monitor/good-monitor/tmp/good-monitor/arcteryx_official_titles.json
2026-04-16 14:00:49,115 [INFO] 日志系统初始化完成
2026-04-16 14:00:49,115 [INFO] === 开始一次商品监控 ===
2026-04-16 14:00:49,616 [INFO] 打开页面: https://outlet.arcteryx.com/ca/zh/c/mens/shell-jackets
2026-04-16 14:00:52,532 [INFO] 等待首屏商品渲染…
2026-04-16 14:00:54,297 [INFO] 开始自动滚动加载所有商品…
2026-04-16 14:00:56,795 [INFO] 抓取到 14 个商品名称
2026-04-16 14:00:56,795 [INFO] 从文件加载商品标题，共 14 项
2026-04-16 14:00:56,796 [INFO] 商品标题已保存到文件: /home/runner/work/good-monitor/good-monitor/tmp/good-monitor/arcteryx_official_titles.json
2026-04-16 15:00:43,527 [INFO] 日志系统初始化完成
2026-04-16 15:00:43,527 [INFO] === 开始一次商品监控 ===
2026-04-16 15:00:44,013 [INFO] 打开页面: https://outlet.arcteryx.com/ca/zh/c/mens/shell-jackets
2026-04-16 15:00:46,652 [INFO] 等待首屏商品渲染…
2026-04-16 15:00:48,258 [INFO] 开始自动滚动加载所有商品…
2026-04-16 15:00:49,967 [INFO] 抓取到 14 个商品名称
2026-04-16 15:00:49,968 [INFO] 从文件加载商品标题，共 14 项
2026-04-16 15:00:49,968 [INFO] 商品标题已保存到文件: /home/runner/work/good-monitor/good-monitor/tmp/good-monitor/arcteryx_official_titles.json
2026-04-16 16:01:01,576 [INFO] 日志系统初始化完成
2026-04-16 16:01:01,576 [INFO] === 开始一次商品监控 ===
2026-04-16 16:01:02,062 [INFO] 打开页面: https://outlet.arcteryx.com/ca/zh/c/mens/shell-jackets
2026-04-16 16:01:04,864 [INFO] 等待首屏商品渲染…
2026-04-16 16:01:04,926 [INFO] 开始自动滚动加载所有商品…
2026-04-16 16:01:06,604 [INFO] 抓取到 14 个商品名称
2026-04-16 16:01:06,604 [INFO] 从文件加载商品标题，共 14 项
2026-04-16 16:01:06,604 [INFO] 商品标题已保存到文件: /home/runner/work/good-monitor/good-monitor/tmp/good-monitor/arcteryx_official_titles.json
2026-04-16 17:00:53,294 [INFO] 日志系统初始化完成
2026-04-16 17:00:53,294 [INFO] === 开始一次商品监控 ===
2026-04-16 17:00:53,766 [INFO] 打开页面: https://outlet.arcteryx.com/ca/zh/c/mens/shell-jackets
2026-04-16 17:00:56,671 [INFO] 等待首屏商品渲染…
2026-04-16 17:00:58,504 [INFO] 开始自动滚动加载所有商品…
2026-04-16 17:01:01,060 [INFO] 抓取到 14 个商品名称
2026-04-16 17:01:01,060 [INFO] 从文件加载商品标题，共 14 项
2026-04-16 17:01:01,061 [INFO] 商品标题已保存到文件: /home/runner/work/good-monitor/good-monitor/tmp/good-monitor/arcteryx_official_titles.json
2026-04-16 18:01:01,813 [INFO] 日志系统初始化完成
2026-04-16 18:01:01,813 [INFO] === 开始一次商品监控 ===
2026-04-16 18:01:02,334 [INFO] 打开页面: https://outlet.arcteryx.com/ca/zh/c/mens/shell-jackets
2026-04-16 18:01:05,354 [INFO] 等待首屏商品渲染…
2026-04-16 18:01:05,435 [INFO] 开始自动滚动加载所有商品…
2026-04-16 18:01:07,160 [INFO] 抓取到 14 个商品名称
2026-04-16 18:01:07,160 [INFO] 从文件加载商品标题，共 14 项
2026-04-16 18:01:07,160 [INFO] 商品标题已保存到文件: /home/runner/work/good-monitor/good-monitor/tmp/good-monitor/arcteryx_official_titles.json
2026-04-16 19:01:04,707 [INFO] 日志系统初始化完成
2026-04-16 19:01:04,707 [INFO] === 开始一次商品监控 ===
2026-04-16 19:01:05,182 [INFO] 打开页面: https://outlet.arcteryx.com/ca/zh/c/mens/shell-jackets
2026-04-16 19:01:07,652 [INFO] 等待首屏商品渲染…
2026-04-16 19:01:09,327 [INFO] 开始自动滚动加载所有商品…
2026-04-16 19:01:11,037 [INFO] 抓取到 14 个商品名称
2026-04-16 19:01:11,037 [INFO] 从文件加载商品标题，共 14 项
2026-04-16 19:01:11,037 [INFO] 商品标题已保存到文件: /home/runner/work/good-monitor/good-monitor/tmp/good-monitor/arcteryx_official_titles.json
2026-04-16 20:00:49,373 [INFO] 日志系统初始化完成
2026-04-16 20:00:49,373 [INFO] === 开始一次商品监控 ===
2026-04-16 20:00:49,884 [INFO] 打开页面: https://outlet.arcteryx.com/ca/zh/c/mens/shell-jackets
2026-04-16 20:00:54,725 [INFO] 等待首屏商品渲染…
2026-04-16 20:00:54,774 [INFO] 开始自动滚动加载所有商品…
2026-04-16 20:00:56,452 [INFO] 抓取到 14 个商品名称
2026-04-16 20:00:56,452 [INFO] 从文件加载商品标题，共 14 项
2026-04-16 20:00:56,452 [INFO] 商品标题已保存到文件: /home/runner/work/good-monitor/good-monitor/tmp/good-monitor/arcteryx_official_titles.json
2026-04-16 21:01:22,528 [INFO] 日志系统初始化完成
2026-04-16 21:01:22,528 [INFO] === 开始一次商品监控 ===
2026-04-16 21:01:23,009 [INFO] 打开页面: https://outlet.arcteryx.com/ca/zh/c/mens/shell-jackets
2026-04-16 21:01:25,803 [INFO] 等待首屏商品渲染…
2026-04-16 21:01:25,854 [INFO] 开始自动滚动加载所有商品…
2026-04-16 21:01:27,545 [INFO] 抓取到 14 个商品名称
2026-04-16 21:01:27,545 [INFO] 从文件加载商品标题，共 14 项
2026-04-16 21:01:27,546 [INFO] 商品标题已保存到文件: /home/runner/work/good-monitor/good-monitor/tmp/good-monitor/arcteryx_official_titles.json
2026-04-16 22:00:45,352 [INFO] 日志系统初始化完成
2026-04-16 22:00:45,352 [INFO] === 开始一次商品监控 ===
2026-04-16 22:00:45,873 [INFO] 打开页面: https://outlet.arcteryx.com/ca/zh/c/mens/shell-jackets
2026-04-16 22:00:48,884 [INFO] 等待首屏商品渲染…
2026-04-16 22:00:48,930 [INFO] 开始自动滚动加载所有商品…
2026-04-16 22:00:50,624 [INFO] 抓取到 14 个商品名称
2026-04-16 22:00:50,624 [INFO] 从文件加载商品标题，共 14 项
2026-04-16 22:00:50,625 [INFO] 商品标题已保存到文件: /home/runner/work/good-monitor/good-monitor/tmp/good-monitor/arcteryx_official_titles.json
2026-04-16 23:00:44,079 [INFO] 日志系统初始化完成
2026-04-16 23:00:44,079 [INFO] === 开始一次商品监控 ===
2026-04-16 23:00:44,596 [INFO] 打开页面: https://outlet.arcteryx.com/ca/zh/c/mens/shell-jackets
2026-04-16 23:00:47,610 [INFO] 等待首屏商品渲染…
2026-04-16 23:00:49,226 [INFO] 开始自动滚动加载所有商品…
2026-04-16 23:00:50,949 [INFO] 抓取到 14 个商品名称
2026-04-16 23:00:50,949 [INFO] 从文件加载商品标题，共 14 项
2026-04-16 23:00:50,949 [INFO] 商品标题已保存到文件: /home/runner/work/good-monitor/good-monitor/tmp/good-monitor/arcteryx_official_titles.json
2026-04-17 00:00:50,474 [INFO] 日志系统初始化完成
2026-04-17 00:00:50,474 [INFO] === 开始一次商品监控 ===
2026-04-17 00:00:51,017 [INFO] 打开页面: https://outlet.arcteryx.com/ca/zh/c/mens/shell-jackets
2026-04-17 00:00:56,013 [INFO] 等待首屏商品渲染…
2026-04-17 00:00:56,045 [INFO] 开始自动滚动加载所有商品…
2026-04-17 00:00:58,523 [INFO] 抓取到 14 个商品名称
2026-04-17 00:00:58,523 [INFO] 从文件加载商品标题，共 14 项
2026-04-17 00:00:58,524 [INFO] 商品标题已保存到文件: /home/runner/work/good-monitor/good-monitor/tmp/good-monitor/arcteryx_official_titles.json
2026-04-17 01:00:44,903 [INFO] 日志系统初始化完成
2026-04-17 01:00:44,903 [INFO] === 开始一次商品监控 ===
2026-04-17 01:00:45,417 [INFO] 打开页面: https://outlet.arcteryx.com/ca/zh/c/mens/shell-jackets
2026-04-17 01:00:48,207 [INFO] 等待首屏商品渲染…
2026-04-17 01:00:49,902 [INFO] 开始自动滚动加载所有商品…
2026-04-17 01:00:51,664 [INFO] 抓取到 14 个商品名称
2026-04-17 01:00:51,665 [INFO] 从文件加载商品标题，共 14 项
2026-04-17 01:00:51,665 [INFO] 商品标题已保存到文件: /home/runner/work/good-monitor/good-monitor/tmp/good-monitor/arcteryx_official_titles.json
2026-04-17 02:00:42,697 [INFO] 日志系统初始化完成
2026-04-17 02:00:42,697 [INFO] === 开始一次商品监控 ===
2026-04-17 02:00:43,171 [INFO] 打开页面: https://outlet.arcteryx.com/ca/zh/c/mens/shell-jackets
2026-04-17 02:00:46,048 [INFO] 等待首屏商品渲染…
2026-04-17 02:00:47,735 [INFO] 开始自动滚动加载所有商品…
2026-04-17 02:00:49,449 [INFO] 抓取到 14 个商品名称
2026-04-17 02:00:49,449 [INFO] 从文件加载商品标题，共 14 项
2026-04-17 02:00:49,449 [INFO] 商品标题已保存到文件: /home/runner/work/good-monitor/good-monitor/tmp/good-monitor/arcteryx_official_titles.json
2026-04-17 03:00:40,346 [INFO] 日志系统初始化完成
2026-04-17 03:00:40,346 [INFO] === 开始一次商品监控 ===
2026-04-17 03:00:40,824 [INFO] 打开页面: https://outlet.arcteryx.com/ca/zh/c/mens/shell-jackets
2026-04-17 03:00:44,060 [INFO] 等待首屏商品渲染…
2026-04-17 03:00:45,701 [INFO] 开始自动滚动加载所有商品…
2026-04-17 03:00:47,516 [INFO] 抓取到 14 个商品名称
2026-04-17 03:00:47,516 [INFO] 从文件加载商品标题，共 14 项
2026-04-17 03:00:47,517 [INFO] 商品标题已保存到文件: /home/runner/work/good-monitor/good-monitor/tmp/good-monitor/arcteryx_official_titles.json
2026-04-17 04:00:48,739 [INFO] 日志系统初始化完成
2026-04-17 04:00:48,739 [INFO] === 开始一次商品监控 ===
2026-04-17 04:00:49,227 [INFO] 打开页面: https://outlet.arcteryx.com/ca/zh/c/mens/shell-jackets
2026-04-17 04:00:52,395 [INFO] 等待首屏商品渲染…
2026-04-17 04:00:52,489 [INFO] 开始自动滚动加载所有商品…
2026-04-17 04:00:54,203 [INFO] 抓取到 14 个商品名称
2026-04-17 04:00:54,203 [INFO] 从文件加载商品标题，共 14 项
2026-04-17 04:00:54,204 [INFO] 商品标题已保存到文件: /home/runner/work/good-monitor/good-monitor/tmp/good-monitor/arcteryx_official_titles.json
2026-04-17 05:00:44,836 [INFO] 日志系统初始化完成
2026-04-17 05:00:44,836 [INFO] === 开始一次商品监控 ===
2026-04-17 05:00:45,269 [INFO] 打开页面: https://outlet.arcteryx.com/ca/zh/c/mens/shell-jackets
2026-04-17 05:00:47,616 [INFO] 等待首屏商品渲染…
2026-04-17 05:00:48,698 [INFO] 开始自动滚动加载所有商品…
2026-04-17 05:00:50,419 [INFO] 抓取到 14 个商品名称
2026-04-17 05:00:50,420 [INFO] 从文件加载商品标题，共 14 项
2026-04-17 05:00:50,420 [INFO] 商品标题已保存到文件: /home/runner/work/good-monitor/good-monitor/tmp/good-monitor/arcteryx_official_titles.json
2026-04-17 06:00:42,200 [INFO] 日志系统初始化完成
2026-04-17 06:00:42,201 [INFO] === 开始一次商品监控 ===
2026-04-17 06:00:42,690 [INFO] 打开页面: https://outlet.arcteryx.com/ca/zh/c/mens/shell-jackets
2026-04-17 06:00:46,077 [INFO] 等待首屏商品渲染…
2026-04-17 06:00:46,222 [INFO] 开始自动滚动加载所有商品…
2026-04-17 06:00:48,723 [INFO] 抓取到 14 个商品名称
2026-04-17 06:00:48,723 [INFO] 从文件加载商品标题，共 14 项
2026-04-17 06:00:48,724 [INFO] 商品标题已保存到文件: /home/runner/work/good-monitor/good-monitor/tmp/good-monitor/arcteryx_official_titles.json
2026-04-17 07:00:44,536 [INFO] 日志系统初始化完成
2026-04-17 07:00:44,536 [INFO] === 开始一次商品监控 ===
2026-04-17 07:00:45,020 [INFO] 打开页面: https://outlet.arcteryx.com/ca/zh/c/mens/shell-jackets
2026-04-17 07:00:47,860 [INFO] 等待首屏商品渲染…
2026-04-17 07:00:48,770 [INFO] 开始自动滚动加载所有商品…
2026-04-17 07:00:51,244 [INFO] 抓取到 14 个商品名称
2026-04-17 07:00:51,244 [INFO] 从文件加载商品标题，共 14 项
2026-04-17 07:00:51,245 [INFO] 商品标题已保存到文件: /home/runner/work/good-monitor/good-monitor/tmp/good-monitor/arcteryx_official_titles.json
2026-04-17 08:00:40,566 [INFO] 日志系统初始化完成
2026-04-17 08:00:40,566 [INFO] === 开始一次商品监控 ===
2026-04-17 08:00:41,039 [INFO] 打开页面: https://outlet.arcteryx.com/ca/zh/c/mens/shell-jackets
2026-04-17 08:00:43,551 [INFO] 等待首屏商品渲染…
2026-04-17 08:00:44,665 [INFO] 开始自动滚动加载所有商品…
2026-04-17 08:00:46,343 [INFO] 抓取到 14 个商品名称
2026-04-17 08:00:46,344 [INFO] 从文件加载商品标题，共 14 项
2026-04-17 08:00:46,344 [INFO] 商品标题已保存到文件: /home/runner/work/good-monitor/good-monitor/tmp/good-monitor/arcteryx_official_titles.json
2026-04-17 09:00:39,631 [INFO] 日志系统初始化完成
2026-04-17 09:00:39,631 [INFO] === 开始一次商品监控 ===
2026-04-17 09:00:40,160 [INFO] 打开页面: https://outlet.arcteryx.com/ca/zh/c/mens/shell-jackets
2026-04-17 09:00:43,229 [INFO] 等待首屏商品渲染…
2026-04-17 09:00:44,826 [INFO] 开始自动滚动加载所有商品…
2026-04-17 09:00:47,404 [INFO] 抓取到 14 个商品名称
2026-04-17 09:00:47,404 [INFO] 从文件加载商品标题，共 14 项
2026-04-17 09:00:47,405 [INFO] 商品标题已保存到文件: /home/runner/work/good-monitor/good-monitor/tmp/good-monitor/arcteryx_official_titles.json
2026-04-17 10:00:41,779 [INFO] 日志系统初始化完成
2026-04-17 10:00:41,779 [INFO] === 开始一次商品监控 ===
2026-04-17 10:00:42,262 [INFO] 打开页面: https://outlet.arcteryx.com/ca/zh/c/mens/shell-jackets
2026-04-17 10:00:45,065 [INFO] 等待首屏商品渲染…
2026-04-17 10:00:46,565 [INFO] 开始自动滚动加载所有商品…
2026-04-17 10:00:48,261 [INFO] 抓取到 14 个商品名称
2026-04-17 10:00:48,261 [INFO] 从文件加载商品标题，共 14 项
2026-04-17 10:00:48,261 [INFO] 商品标题已保存到文件: /home/runner/work/good-monitor/good-monitor/tmp/good-monitor/arcteryx_official_titles.json
2026-04-17 11:00:45,957 [INFO] 日志系统初始化完成
2026-04-17 11:00:45,957 [INFO] === 开始一次商品监控 ===
2026-04-17 11:00:46,450 [INFO] 打开页面: https://outlet.arcteryx.com/ca/zh/c/mens/shell-jackets
2026-04-17 11:00:48,963 [INFO] 等待首屏商品渲染…
2026-04-17 11:00:50,126 [INFO] 开始自动滚动加载所有商品…
2026-04-17 11:00:51,927 [INFO] 抓取到 14 个商品名称
2026-04-17 11:00:51,928 [INFO] 从文件加载商品标题，共 14 项
2026-04-17 11:00:51,928 [INFO] 商品标题已保存到文件: /home/runner/work/good-monitor/good-monitor/tmp/good-monitor/arcteryx_official_titles.json
2026-04-17 12:00:43,386 [INFO] 日志系统初始化完成
2026-04-17 12:00:43,386 [INFO] === 开始一次商品监控 ===
2026-04-17 12:00:43,840 [INFO] 打开页面: https://outlet.arcteryx.com/ca/zh/c/mens/shell-jackets
2026-04-17 12:00:48,843 [INFO] 等待首屏商品渲染…
2026-04-17 12:00:48,887 [INFO] 开始自动滚动加载所有商品…
2026-04-17 12:00:50,595 [INFO] 抓取到 14 个商品名称
2026-04-17 12:00:50,595 [INFO] 从文件加载商品标题，共 14 项
2026-04-17 12:00:50,595 [INFO] 商品标题已保存到文件: /home/runner/work/good-monitor/good-monitor/tmp/good-monitor/arcteryx_official_titles.json
2026-04-17 13:00:43,441 [INFO] 日志系统初始化完成
2026-04-17 13:00:43,441 [INFO] === 开始一次商品监控 ===
2026-04-17 13:00:43,919 [INFO] 打开页面: https://outlet.arcteryx.com/ca/zh/c/mens/shell-jackets
2026-04-17 13:00:46,716 [INFO] 等待首屏商品渲染…
2026-04-17 13:00:46,761 [INFO] 开始自动滚动加载所有商品…
2026-04-17 13:00:48,444 [INFO] 抓取到 14 个商品名称
2026-04-17 13:00:48,444 [INFO] 从文件加载商品标题，共 14 项
2026-04-17 13:00:48,444 [INFO] 商品标题已保存到文件: /home/runner/work/good-monitor/good-monitor/tmp/good-monitor/arcteryx_official_titles.json
2026-04-17 14:00:45,998 [INFO] 日志系统初始化完成
2026-04-17 14:00:45,998 [INFO] === 开始一次商品监控 ===
2026-04-17 14:00:46,486 [INFO] 打开页面: https://outlet.arcteryx.com/ca/zh/c/mens/shell-jackets
2026-04-17 14:00:48,561 [INFO] 等待首屏商品渲染…
2026-04-17 14:00:49,526 [INFO] 开始自动滚动加载所有商品…
2026-04-17 14:00:51,350 [INFO] 抓取到 14 个商品名称
2026-04-17 14:00:51,351 [INFO] 从文件加载商品标题，共 14 项
2026-04-17 14:00:51,351 [INFO] 商品标题已保存到文件: /home/runner/work/good-monitor/good-monitor/tmp/good-monitor/arcteryx_official_titles.json
2026-04-17 15:00:48,874 [INFO] 日志系统初始化完成
2026-04-17 15:00:48,874 [INFO] === 开始一次商品监控 ===
2026-04-17 15:00:49,390 [INFO] 打开页面: https://outlet.arcteryx.com/ca/zh/c/mens/shell-jackets
2026-04-17 15:00:52,988 [INFO] 等待首屏商品渲染…
2026-04-17 15:00:53,025 [INFO] 开始自动滚动加载所有商品…
2026-04-17 15:00:54,712 [INFO] 抓取到 14 个商品名称
2026-04-17 15:00:54,712 [INFO] 从文件加载商品标题，共 14 项
2026-04-17 15:00:54,713 [INFO] 商品标题已保存到文件: /home/runner/work/good-monitor/good-monitor/tmp/good-monitor/arcteryx_official_titles.json
2026-04-17 16:00:57,692 [INFO] 日志系统初始化完成
2026-04-17 16:00:57,692 [INFO] === 开始一次商品监控 ===
2026-04-17 16:00:58,227 [INFO] 打开页面: https://outlet.arcteryx.com/ca/zh/c/mens/shell-jackets
2026-04-17 16:01:02,168 [INFO] 等待首屏商品渲染…
2026-04-17 16:01:02,209 [INFO] 开始自动滚动加载所有商品…
2026-04-17 16:01:04,713 [INFO] 抓取到 14 个商品名称
2026-04-17 16:01:04,713 [INFO] 从文件加载商品标题，共 14 项
2026-04-17 16:01:04,713 [INFO] 商品标题已保存到文件: /home/runner/work/good-monitor/good-monitor/tmp/good-monitor/arcteryx_official_titles.json
2026-04-17 17:00:53,136 [INFO] 日志系统初始化完成
2026-04-17 17:00:53,136 [INFO] === 开始一次商品监控 ===
2026-04-17 17:00:53,621 [INFO] 打开页面: https://outlet.arcteryx.com/ca/zh/c/mens/shell-jackets
2026-04-17 17:00:57,516 [INFO] 等待首屏商品渲染…
2026-04-17 17:00:57,562 [INFO] 开始自动滚动加载所有商品…
2026-04-17 17:00:59,251 [INFO] 抓取到 14 个商品名称
2026-04-17 17:00:59,252 [INFO] 从文件加载商品标题，共 14 项
2026-04-17 17:00:59,252 [INFO] 商品标题已保存到文件: /home/runner/work/good-monitor/good-monitor/tmp/good-monitor/arcteryx_official_titles.json
2026-04-17 18:00:41,939 [INFO] 日志系统初始化完成
2026-04-17 18:00:41,939 [INFO] === 开始一次商品监控 ===
2026-04-17 18:00:42,447 [INFO] 打开页面: https://outlet.arcteryx.com/ca/zh/c/mens/shell-jackets
2026-04-17 18:00:45,698 [INFO] 等待首屏商品渲染…
2026-04-17 18:00:47,352 [INFO] 开始自动滚动加载所有商品…
2026-04-17 18:00:49,162 [INFO] 抓取到 14 个商品名称
2026-04-17 18:00:49,162 [INFO] 从文件加载商品标题，共 14 项
2026-04-17 18:00:49,163 [INFO] 商品标题已保存到文件: /home/runner/work/good-monitor/good-monitor/tmp/good-monitor/arcteryx_official_titles.json
2026-04-17 19:00:39,320 [INFO] 日志系统初始化完成
2026-04-17 19:00:39,320 [INFO] === 开始一次商品监控 ===
2026-04-17 19:00:39,843 [INFO] 打开页面: https://outlet.arcteryx.com/ca/zh/c/mens/shell-jackets
2026-04-17 19:00:43,925 [INFO] 等待首屏商品渲染…
2026-04-17 19:00:44,001 [INFO] 开始自动滚动加载所有商品…
2026-04-17 19:00:46,512 [INFO] 抓取到 14 个商品名称
2026-04-17 19:00:46,513 [INFO] 从文件加载商品标题，共 14 项
2026-04-17 19:00:46,513 [INFO] 商品标题已保存到文件: /home/runner/work/good-monitor/good-monitor/tmp/good-monitor/arcteryx_official_titles.json
2026-04-17 20:00:38,368 [INFO] 日志系统初始化完成
2026-04-17 20:00:38,368 [INFO] === 开始一次商品监控 ===
2026-04-17 20:00:38,897 [INFO] 打开页面: https://outlet.arcteryx.com/ca/zh/c/mens/shell-jackets
2026-04-17 20:00:42,720 [INFO] 等待首屏商品渲染…
2026-04-17 20:00:42,774 [INFO] 开始自动滚动加载所有商品…
2026-04-17 20:00:45,269 [INFO] 抓取到 14 个商品名称
2026-04-17 20:00:45,269 [INFO] 从文件加载商品标题，共 14 项
2026-04-17 20:00:45,269 [INFO] 商品标题已保存到文件: /home/runner/work/good-monitor/good-monitor/tmp/good-monitor/arcteryx_official_titles.json
2026-04-17 21:00:50,096 [INFO] 日志系统初始化完成
2026-04-17 21:00:50,096 [INFO] === 开始一次商品监控 ===
2026-04-17 21:00:50,636 [INFO] 打开页面: https://outlet.arcteryx.com/ca/zh/c/mens/shell-jackets
2026-04-17 21:00:53,121 [INFO] 等待首屏商品渲染…
2026-04-17 21:00:54,805 [INFO] 开始自动滚动加载所有商品…
2026-04-17 21:00:56,490 [INFO] 抓取到 14 个商品名称
2026-04-17 21:00:56,491 [INFO] 从文件加载商品标题，共 14 项
2026-04-17 21:00:56,491 [INFO] 商品标题已保存到文件: /home/runner/work/good-monitor/good-monitor/tmp/good-monitor/arcteryx_official_titles.json
2026-04-17 22:00:43,589 [INFO] 日志系统初始化完成
2026-04-17 22:00:43,589 [INFO] === 开始一次商品监控 ===
2026-04-17 22:00:44,093 [INFO] 打开页面: https://outlet.arcteryx.com/ca/zh/c/mens/shell-jackets
2026-04-17 22:00:47,097 [INFO] 等待首屏商品渲染…
2026-04-17 22:00:47,991 [INFO] 开始自动滚动加载所有商品…
2026-04-17 22:00:49,750 [INFO] 抓取到 14 个商品名称
2026-04-17 22:00:49,750 [INFO] 从文件加载商品标题，共 14 项
2026-04-17 22:00:49,750 [INFO] 商品标题已保存到文件: /home/runner/work/good-monitor/good-monitor/tmp/good-monitor/arcteryx_official_titles.json
2026-04-17 23:00:48,021 [INFO] 日志系统初始化完成
2026-04-17 23:00:48,022 [INFO] === 开始一次商品监控 ===
2026-04-17 23:00:48,511 [INFO] 打开页面: https://outlet.arcteryx.com/ca/zh/c/mens/shell-jackets
2026-04-17 23:00:51,949 [INFO] 等待首屏商品渲染…
2026-04-17 23:00:51,995 [INFO] 开始自动滚动加载所有商品…
2026-04-17 23:00:53,713 [INFO] 抓取到 14 个商品名称
2026-04-17 23:00:53,713 [INFO] 从文件加载商品标题，共 14 项
2026-04-17 23:00:53,713 [INFO] 商品标题已保存到文件: /home/runner/work/good-monitor/good-monitor/tmp/good-monitor/arcteryx_official_titles.json
2026-04-18 00:00:41,321 [INFO] 日志系统初始化完成
2026-04-18 00:00:41,322 [INFO] === 开始一次商品监控 ===
2026-04-18 00:00:41,804 [INFO] 打开页面: https://outlet.arcteryx.com/ca/zh/c/mens/shell-jackets
2026-04-18 00:00:44,712 [INFO] 等待首屏商品渲染…
2026-04-18 00:00:46,509 [INFO] 开始自动滚动加载所有商品…
2026-04-18 00:00:48,329 [INFO] 抓取到 14 个商品名称
2026-04-18 00:00:48,329 [INFO] 从文件加载商品标题，共 14 项
2026-04-18 00:00:48,329 [INFO] 商品标题已保存到文件: /home/runner/work/good-monitor/good-monitor/tmp/good-monitor/arcteryx_official_titles.json
2026-04-18 01:00:38,789 [INFO] 日志系统初始化完成
2026-04-18 01:00:38,789 [INFO] === 开始一次商品监控 ===
2026-04-18 01:00:39,264 [INFO] 打开页面: https://outlet.arcteryx.com/ca/zh/c/mens/shell-jackets
2026-04-18 01:00:41,776 [INFO] 等待首屏商品渲染…
2026-04-18 01:00:42,873 [INFO] 开始自动滚动加载所有商品…
2026-04-18 01:00:44,550 [INFO] 抓取到 14 个商品名称
2026-04-18 01:00:44,551 [INFO] 从文件加载商品标题，共 14 项
2026-04-18 01:00:44,551 [INFO] 商品标题已保存到文件: /home/runner/work/good-monitor/good-monitor/tmp/good-monitor/arcteryx_official_titles.json
2026-04-18 02:00:40,889 [INFO] 日志系统初始化完成
2026-04-18 02:00:40,890 [INFO] === 开始一次商品监控 ===
2026-04-18 02:00:41,369 [INFO] 打开页面: https://outlet.arcteryx.com/ca/zh/c/mens/shell-jackets
2026-04-18 02:00:43,139 [INFO] 等待首屏商品渲染…
2026-04-18 02:00:43,667 [INFO] 开始自动滚动加载所有商品…
2026-04-18 02:00:45,406 [INFO] 抓取到 14 个商品名称
2026-04-18 02:00:45,407 [INFO] 从文件加载商品标题，共 14 项
2026-04-18 02:00:45,407 [INFO] 商品标题已保存到文件: /home/runner/work/good-monitor/good-monitor/tmp/good-monitor/arcteryx_official_titles.json
2026-04-18 03:00:44,412 [INFO] 日志系统初始化完成
2026-04-18 03:00:44,412 [INFO] === 开始一次商品监控 ===
2026-04-18 03:00:44,924 [INFO] 打开页面: https://outlet.arcteryx.com/ca/zh/c/mens/shell-jackets
2026-04-18 03:00:47,849 [INFO] 等待首屏商品渲染…
2026-04-18 03:00:49,483 [INFO] 开始自动滚动加载所有商品…
2026-04-18 03:00:51,201 [INFO] 抓取到 14 个商品名称
2026-04-18 03:00:51,202 [INFO] 从文件加载商品标题，共 14 项
2026-04-18 03:00:51,202 [INFO] 商品标题已保存到文件: /home/runner/work/good-monitor/good-monitor/tmp/good-monitor/arcteryx_official_titles.json
2026-04-18 04:00:43,983 [INFO] 日志系统初始化完成
2026-04-18 04:00:43,983 [INFO] === 开始一次商品监控 ===
2026-04-18 04:00:44,472 [INFO] 打开页面: https://outlet.arcteryx.com/ca/zh/c/mens/shell-jackets
2026-04-18 04:00:47,404 [INFO] 等待首屏商品渲染…
2026-04-18 04:00:48,541 [INFO] 开始自动滚动加载所有商品…
2026-04-18 04:00:50,256 [INFO] 抓取到 14 个商品名称
2026-04-18 04:00:50,256 [INFO] 从文件加载商品标题，共 14 项
2026-04-18 04:00:50,257 [INFO] 商品标题已保存到文件: /home/runner/work/good-monitor/good-monitor/tmp/good-monitor/arcteryx_official_titles.json
2026-04-18 05:00:42,176 [INFO] 日志系统初始化完成
2026-04-18 05:00:42,176 [INFO] === 开始一次商品监控 ===
2026-04-18 05:00:42,666 [INFO] 打开页面: https://outlet.arcteryx.com/ca/zh/c/mens/shell-jackets
2026-04-18 05:00:45,326 [INFO] 等待首屏商品渲染…
2026-04-18 05:00:47,102 [INFO] 开始自动滚动加载所有商品…
2026-04-18 05:00:48,909 [INFO] 抓取到 14 个商品名称
2026-04-18 05:00:48,909 [INFO] 从文件加载商品标题，共 14 项
2026-04-18 05:00:48,909 [INFO] 商品标题已保存到文件: /home/runner/work/good-monitor/good-monitor/tmp/good-monitor/arcteryx_official_titles.json
2026-04-18 06:00:43,113 [INFO] 日志系统初始化完成
2026-04-18 06:00:43,113 [INFO] === 开始一次商品监控 ===
2026-04-18 06:00:43,610 [INFO] 打开页面: https://outlet.arcteryx.com/ca/zh/c/mens/shell-jackets
2026-04-18 06:00:45,731 [INFO] 等待首屏商品渲染…
2026-04-18 06:00:47,392 [INFO] 开始自动滚动加载所有商品…
2026-04-18 06:00:49,185 [INFO] 抓取到 14 个商品名称
2026-04-18 06:00:49,185 [INFO] 从文件加载商品标题，共 14 项
2026-04-18 06:00:49,186 [INFO] 商品标题已保存到文件: /home/runner/work/good-monitor/good-monitor/tmp/good-monitor/arcteryx_official_titles.json
2026-04-18 07:00:39,051 [INFO] 日志系统初始化完成
2026-04-18 07:00:39,051 [INFO] === 开始一次商品监控 ===
2026-04-18 07:00:39,818 [INFO] 打开页面: https://outlet.arcteryx.com/ca/zh/c/mens/shell-jackets
2026-04-18 07:00:41,326 [INFO] 等待首屏商品渲染…
2026-04-18 07:00:42,258 [INFO] 开始自动滚动加载所有商品…
2026-04-18 07:00:43,977 [INFO] 抓取到 14 个商品名称
2026-04-18 07:00:43,977 [INFO] 从文件加载商品标题，共 14 项
2026-04-18 07:00:43,978 [INFO] 商品标题已保存到文件: /home/runner/work/good-monitor/good-monitor/tmp/good-monitor/arcteryx_official_titles.json
2026-04-18 08:00:40,199 [INFO] 日志系统初始化完成
2026-04-18 08:00:40,199 [INFO] === 开始一次商品监控 ===
2026-04-18 08:00:40,616 [INFO] 打开页面: https://outlet.arcteryx.com/ca/zh/c/mens/shell-jackets
2026-04-18 08:00:42,873 [INFO] 等待首屏商品渲染…
2026-04-18 08:00:42,910 [INFO] 开始自动滚动加载所有商品…
2026-04-18 08:00:44,579 [INFO] 抓取到 14 个商品名称
2026-04-18 08:00:44,579 [INFO] 从文件加载商品标题，共 14 项
2026-04-18 08:00:44,579 [INFO] 商品标题已保存到文件: /home/runner/work/good-monitor/good-monitor/tmp/good-monitor/arcteryx_official_titles.json
2026-04-18 09:00:41,057 [INFO] 日志系统初始化完成
2026-04-18 09:00:41,057 [INFO] === 开始一次商品监控 ===
2026-04-18 09:00:41,604 [INFO] 打开页面: https://outlet.arcteryx.com/ca/zh/c/mens/shell-jackets
2026-04-18 09:00:45,469 [INFO] 等待首屏商品渲染…
2026-04-18 09:00:45,547 [INFO] 开始自动滚动加载所有商品…
2026-04-18 09:00:48,041 [INFO] 抓取到 14 个商品名称
2026-04-18 09:00:48,042 [INFO] 从文件加载商品标题，共 14 项
2026-04-18 09:00:48,042 [INFO] 商品标题已保存到文件: /home/runner/work/good-monitor/good-monitor/tmp/good-monitor/arcteryx_official_titles.json
2026-04-18 10:00:40,325 [INFO] 日志系统初始化完成
2026-04-18 10:00:40,325 [INFO] === 开始一次商品监控 ===
2026-04-18 10:00:40,800 [INFO] 打开页面: https://outlet.arcteryx.com/ca/zh/c/mens/shell-jackets
2026-04-18 10:00:43,585 [INFO] 等待首屏商品渲染…
2026-04-18 10:00:45,295 [INFO] 开始自动滚动加载所有商品…
2026-04-18 10:00:46,985 [INFO] 抓取到 14 个商品名称
2026-04-18 10:00:46,985 [INFO] 从文件加载商品标题，共 14 项
2026-04-18 10:00:46,986 [INFO] 商品标题已保存到文件: /home/runner/work/good-monitor/good-monitor/tmp/good-monitor/arcteryx_official_titles.json
2026-04-18 11:00:45,962 [INFO] 日志系统初始化完成
2026-04-18 11:00:45,963 [INFO] === 开始一次商品监控 ===
2026-04-18 11:00:46,470 [INFO] 打开页面: https://outlet.arcteryx.com/ca/zh/c/mens/shell-jackets
2026-04-18 11:00:50,510 [INFO] 等待首屏商品渲染…
2026-04-18 11:00:50,557 [INFO] 开始自动滚动加载所有商品…
2026-04-18 11:00:53,061 [INFO] 抓取到 14 个商品名称
2026-04-18 11:00:53,061 [INFO] 从文件加载商品标题，共 14 项
2026-04-18 11:00:53,062 [INFO] 商品标题已保存到文件: /home/runner/work/good-monitor/good-monitor/tmp/good-monitor/arcteryx_official_titles.json
2026-04-18 12:00:46,153 [INFO] 日志系统初始化完成
2026-04-18 12:00:46,153 [INFO] === 开始一次商品监控 ===
2026-04-18 12:00:46,654 [INFO] 打开页面: https://outlet.arcteryx.com/ca/zh/c/mens/shell-jackets
2026-04-18 12:00:50,444 [INFO] 等待首屏商品渲染…
2026-04-18 12:00:50,519 [INFO] 开始自动滚动加载所有商品…
2026-04-18 12:00:53,016 [INFO] 抓取到 14 个商品名称
2026-04-18 12:00:53,016 [INFO] 从文件加载商品标题，共 14 项
2026-04-18 12:00:53,017 [INFO] 商品标题已保存到文件: /home/runner/work/good-monitor/good-monitor/tmp/good-monitor/arcteryx_official_titles.json
2026-04-18 13:00:45,650 [INFO] 日志系统初始化完成
2026-04-18 13:00:45,650 [INFO] === 开始一次商品监控 ===
2026-04-18 13:00:46,125 [INFO] 打开页面: https://outlet.arcteryx.com/ca/zh/c/mens/shell-jackets
2026-04-18 13:00:49,890 [INFO] 等待首屏商品渲染…
2026-04-18 13:00:49,931 [INFO] 开始自动滚动加载所有商品…
2026-04-18 13:00:51,608 [INFO] 抓取到 14 个商品名称
2026-04-18 13:00:51,608 [INFO] 从文件加载商品标题，共 14 项
2026-04-18 13:00:51,609 [INFO] 商品标题已保存到文件: /home/runner/work/good-monitor/good-monitor/tmp/good-monitor/arcteryx_official_titles.json
2026-04-18 14:00:40,925 [INFO] 日志系统初始化完成
2026-04-18 14:00:40,925 [INFO] === 开始一次商品监控 ===
2026-04-18 14:00:41,440 [INFO] 打开页面: https://outlet.arcteryx.com/ca/zh/c/mens/shell-jackets
2026-04-18 14:00:45,223 [INFO] 等待首屏商品渲染…
2026-04-18 14:00:45,285 [INFO] 开始自动滚动加载所有商品…
2026-04-18 14:00:47,784 [INFO] 抓取到 14 个商品名称
2026-04-18 14:00:47,784 [INFO] 从文件加载商品标题，共 14 项
2026-04-18 14:00:47,785 [INFO] 商品标题已保存到文件: /home/runner/work/good-monitor/good-monitor/tmp/good-monitor/arcteryx_official_titles.json
2026-04-18 15:00:39,419 [INFO] 日志系统初始化完成
2026-04-18 15:00:39,419 [INFO] === 开始一次商品监控 ===
2026-04-18 15:00:39,904 [INFO] 打开页面: https://outlet.arcteryx.com/ca/zh/c/mens/shell-jackets
2026-04-18 15:00:42,677 [INFO] 等待首屏商品渲染…
2026-04-18 15:00:44,538 [INFO] 开始自动滚动加载所有商品…
2026-04-18 15:00:46,311 [INFO] 抓取到 14 个商品名称
2026-04-18 15:00:46,311 [INFO] 从文件加载商品标题，共 14 项
2026-04-18 15:00:46,312 [INFO] 商品标题已保存到文件: /home/runner/work/good-monitor/good-monitor/tmp/good-monitor/arcteryx_official_titles.json
2026-04-18 16:00:44,274 [INFO] 日志系统初始化完成
2026-04-18 16:00:44,274 [INFO] === 开始一次商品监控 ===
2026-04-18 16:00:44,764 [INFO] 打开页面: https://outlet.arcteryx.com/ca/zh/c/mens/shell-jackets
2026-04-18 16:00:47,510 [INFO] 等待首屏商品渲染…
2026-04-18 16:00:48,640 [INFO] 开始自动滚动加载所有商品…
2026-04-18 16:00:50,352 [INFO] 抓取到 14 个商品名称
2026-04-18 16:00:50,352 [INFO] 从文件加载商品标题，共 14 项
2026-04-18 16:00:50,352 [INFO] 商品标题已保存到文件: /home/runner/work/good-monitor/good-monitor/tmp/good-monitor/arcteryx_official_titles.json
2026-04-18 17:00:40,892 [INFO] 日志系统初始化完成
2026-04-18 17:00:40,892 [INFO] === 开始一次商品监控 ===
2026-04-18 17:00:41,349 [INFO] 打开页面: https://outlet.arcteryx.com/ca/zh/c/mens/shell-jackets
2026-04-18 17:00:43,146 [INFO] 等待首屏商品渲染…
2026-04-18 17:00:44,306 [INFO] 开始自动滚动加载所有商品…
2026-04-18 17:00:46,061 [INFO] 抓取到 14 个商品名称
2026-04-18 17:00:46,061 [INFO] 从文件加载商品标题，共 14 项
2026-04-18 17:00:46,062 [INFO] 商品标题已保存到文件: /home/runner/work/good-monitor/good-monitor/tmp/good-monitor/arcteryx_official_titles.json
2026-04-18 18:00:37,881 [INFO] 日志系统初始化完成
2026-04-18 18:00:37,881 [INFO] === 开始一次商品监控 ===
2026-04-18 18:00:38,348 [INFO] 打开页面: https://outlet.arcteryx.com/ca/zh/c/mens/shell-jackets
2026-04-18 18:00:41,444 [INFO] 等待首屏商品渲染…
2026-04-18 18:00:43,041 [INFO] 开始自动滚动加载所有商品…
2026-04-18 18:00:44,719 [INFO] 抓取到 14 个商品名称
2026-04-18 18:00:44,719 [INFO] 从文件加载商品标题，共 14 项
2026-04-18 18:00:44,720 [INFO] 商品标题已保存到文件: /home/runner/work/good-monitor/good-monitor/tmp/good-monitor/arcteryx_official_titles.json
2026-04-18 19:00:38,962 [INFO] 日志系统初始化完成
2026-04-18 19:00:38,962 [INFO] === 开始一次商品监控 ===
2026-04-18 19:00:39,435 [INFO] 打开页面: https://outlet.arcteryx.com/ca/zh/c/mens/shell-jackets
2026-04-18 19:00:41,236 [INFO] 等待首屏商品渲染…
2026-04-18 19:00:41,685 [INFO] 开始自动滚动加载所有商品…
2026-04-18 19:00:44,285 [INFO] 抓取到 14 个商品名称
2026-04-18 19:00:44,285 [INFO] 从文件加载商品标题，共 14 项
2026-04-18 19:00:44,286 [INFO] 商品标题已保存到文件: /home/runner/work/good-monitor/good-monitor/tmp/good-monitor/arcteryx_official_titles.json
2026-04-18 20:00:57,710 [INFO] 日志系统初始化完成
2026-04-18 20:00:57,710 [INFO] === 开始一次商品监控 ===
2026-04-18 20:00:58,198 [INFO] 打开页面: https://outlet.arcteryx.com/ca/zh/c/mens/shell-jackets
2026-04-18 20:01:01,380 [INFO] 等待首屏商品渲染…
2026-04-18 20:01:01,414 [INFO] 开始自动滚动加载所有商品…
2026-04-18 20:01:03,109 [INFO] 抓取到 14 个商品名称
2026-04-18 20:01:03,109 [INFO] 从文件加载商品标题，共 14 项
2026-04-18 20:01:03,109 [INFO] 商品标题已保存到文件: /home/runner/work/good-monitor/good-monitor/tmp/good-monitor/arcteryx_official_titles.json
2026-04-18 21:00:44,433 [INFO] 日志系统初始化完成
2026-04-18 21:00:44,433 [INFO] === 开始一次商品监控 ===
2026-04-18 21:00:44,931 [INFO] 打开页面: https://outlet.arcteryx.com/ca/zh/c/mens/shell-jackets
2026-04-18 21:00:47,958 [INFO] 等待首屏商品渲染…
2026-04-18 21:00:49,557 [INFO] 开始自动滚动加载所有商品…
2026-04-18 21:00:51,309 [INFO] 抓取到 14 个商品名称
2026-04-18 21:00:51,310 [INFO] 从文件加载商品标题，共 14 项
2026-04-18 21:00:51,311 [INFO] 商品标题已保存到文件: /home/runner/work/good-monitor/good-monitor/tmp/good-monitor/arcteryx_official_titles.json
2026-04-18 22:00:37,853 [INFO] 日志系统初始化完成
2026-04-18 22:00:37,853 [INFO] === 开始一次商品监控 ===
2026-04-18 22:00:38,365 [INFO] 打开页面: https://outlet.arcteryx.com/ca/zh/c/mens/shell-jackets
2026-04-18 22:00:42,290 [INFO] 等待首屏商品渲染…
2026-04-18 22:00:42,400 [INFO] 开始自动滚动加载所有商品…
2026-04-18 22:00:44,905 [INFO] 抓取到 14 个商品名称
2026-04-18 22:00:44,905 [INFO] 从文件加载商品标题，共 14 项
2026-04-18 22:00:44,905 [INFO] 商品标题已保存到文件: /home/runner/work/good-monitor/good-monitor/tmp/good-monitor/arcteryx_official_titles.json
2026-04-18 23:00:45,454 [INFO] 日志系统初始化完成
2026-04-18 23:00:45,455 [INFO] === 开始一次商品监控 ===
2026-04-18 23:00:45,967 [INFO] 打开页面: https://outlet.arcteryx.com/ca/zh/c/mens/shell-jackets
2026-04-18 23:00:49,645 [INFO] 等待首屏商品渲染…
2026-04-18 23:00:49,679 [INFO] 开始自动滚动加载所有商品…
2026-04-18 23:00:52,161 [INFO] 抓取到 14 个商品名称
2026-04-18 23:00:52,161 [INFO] 从文件加载商品标题，共 14 项
2026-04-18 23:00:52,161 [INFO] 商品标题已保存到文件: /home/runner/work/good-monitor/good-monitor/tmp/good-monitor/arcteryx_official_titles.json
2026-04-19 00:00:40,441 [INFO] 日志系统初始化完成
2026-04-19 00:00:40,441 [INFO] === 开始一次商品监控 ===
2026-04-19 00:00:40,879 [INFO] 打开页面: https://outlet.arcteryx.com/ca/zh/c/mens/shell-jackets
2026-04-19 00:00:44,929 [INFO] 等待首屏商品渲染…
2026-04-19 00:00:45,002 [INFO] 开始自动滚动加载所有商品…
2026-04-19 00:00:47,497 [INFO] 抓取到 14 个商品名称
2026-04-19 00:00:47,497 [INFO] 从文件加载商品标题，共 14 项
2026-04-19 00:00:47,498 [INFO] 商品标题已保存到文件: /home/runner/work/good-monitor/good-monitor/tmp/good-monitor/arcteryx_official_titles.json
2026-04-19 01:00:38,359 [INFO] 日志系统初始化完成
2026-04-19 01:00:38,359 [INFO] === 开始一次商品监控 ===
2026-04-19 01:00:38,883 [INFO] 打开页面: https://outlet.arcteryx.com/ca/zh/c/mens/shell-jackets
2026-04-19 01:00:40,949 [INFO] 等待首屏商品渲染…
2026-04-19 01:00:44,483 [INFO] 开始自动滚动加载所有商品…
2026-04-19 01:00:46,189 [INFO] 抓取到 14 个商品名称
2026-04-19 01:00:46,190 [INFO] 从文件加载商品标题，共 14 项
2026-04-19 01:00:46,190 [INFO] 商品标题已保存到文件: /home/runner/work/good-monitor/good-monitor/tmp/good-monitor/arcteryx_official_titles.json
2026-04-19 02:00:44,209 [INFO] 日志系统初始化完成
2026-04-19 02:00:44,209 [INFO] === 开始一次商品监控 ===
2026-04-19 02:00:44,815 [INFO] 打开页面: https://outlet.arcteryx.com/ca/zh/c/mens/shell-jackets
2026-04-19 02:00:48,678 [INFO] 等待首屏商品渲染…
2026-04-19 02:00:48,712 [INFO] 开始自动滚动加载所有商品…
2026-04-19 02:00:51,188 [INFO] 抓取到 14 个商品名称
2026-04-19 02:00:51,188 [INFO] 从文件加载商品标题，共 14 项
2026-04-19 02:00:51,188 [INFO] 商品标题已保存到文件: /home/runner/work/good-monitor/good-monitor/tmp/good-monitor/arcteryx_official_titles.json
2026-04-19 03:00:37,733 [INFO] 日志系统初始化完成
2026-04-19 03:00:37,733 [INFO] === 开始一次商品监控 ===
2026-04-19 03:00:38,264 [INFO] 打开页面: https://outlet.arcteryx.com/ca/zh/c/mens/shell-jackets
2026-04-19 03:00:41,094 [INFO] 等待首屏商品渲染…
2026-04-19 03:00:43,331 [INFO] 开始自动滚动加载所有商品…
2026-04-19 03:00:45,046 [INFO] 抓取到 14 个商品名称
2026-04-19 03:00:45,046 [INFO] 从文件加载商品标题，共 14 项
2026-04-19 03:00:45,047 [INFO] 商品标题已保存到文件: /home/runner/work/good-monitor/good-monitor/tmp/good-monitor/arcteryx_official_titles.json
2026-04-19 04:00:37,253 [INFO] 日志系统初始化完成
2026-04-19 04:00:37,253 [INFO] === 开始一次商品监控 ===
2026-04-19 04:00:37,770 [INFO] 打开页面: https://outlet.arcteryx.com/ca/zh/c/mens/shell-jackets
2026-04-19 04:00:40,493 [INFO] 等待首屏商品渲染…
2026-04-19 04:00:42,232 [INFO] 开始自动滚动加载所有商品…
2026-04-19 04:00:44,103 [INFO] 抓取到 14 个商品名称
2026-04-19 04:00:44,103 [INFO] 从文件加载商品标题，共 14 项
2026-04-19 04:00:44,103 [INFO] 商品标题已保存到文件: /home/runner/work/good-monitor/good-monitor/tmp/good-monitor/arcteryx_official_titles.json
2026-04-19 05:00:40,351 [INFO] 日志系统初始化完成
2026-04-19 05:00:40,351 [INFO] === 开始一次商品监控 ===
2026-04-19 05:00:40,841 [INFO] 打开页面: https://outlet.arcteryx.com/ca/zh/c/mens/shell-jackets
2026-04-19 05:00:44,112 [INFO] 等待首屏商品渲染…
2026-04-19 05:00:44,153 [INFO] 开始自动滚动加载所有商品…
2026-04-19 05:00:45,845 [INFO] 抓取到 14 个商品名称
2026-04-19 05:00:45,845 [INFO] 从文件加载商品标题，共 14 项
2026-04-19 05:00:45,846 [INFO] 商品标题已保存到文件: /home/runner/work/good-monitor/good-monitor/tmp/good-monitor/arcteryx_official_titles.json
2026-04-19 06:00:39,000 [INFO] 日志系统初始化完成
2026-04-19 06:00:39,000 [INFO] === 开始一次商品监控 ===
2026-04-19 06:00:39,512 [INFO] 打开页面: https://outlet.arcteryx.com/ca/zh/c/mens/shell-jackets
2026-04-19 06:00:42,540 [INFO] 等待首屏商品渲染…
2026-04-19 06:00:44,131 [INFO] 开始自动滚动加载所有商品…
2026-04-19 06:00:45,862 [INFO] 抓取到 14 个商品名称
2026-04-19 06:00:45,862 [INFO] 从文件加载商品标题，共 14 项
2026-04-19 06:00:45,863 [INFO] 商品标题已保存到文件: /home/runner/work/good-monitor/good-monitor/tmp/good-monitor/arcteryx_official_titles.json
2026-04-19 07:00:41,048 [INFO] 日志系统初始化完成
2026-04-19 07:00:41,048 [INFO] === 开始一次商品监控 ===
2026-04-19 07:00:41,526 [INFO] 打开页面: https://outlet.arcteryx.com/ca/zh/c/mens/shell-jackets
2026-04-19 07:00:44,249 [INFO] 等待首屏商品渲染…
2026-04-19 07:00:45,882 [INFO] 开始自动滚动加载所有商品…
2026-04-19 07:00:47,584 [INFO] 抓取到 14 个商品名称
2026-04-19 07:00:47,585 [INFO] 从文件加载商品标题，共 14 项
2026-04-19 07:00:47,585 [INFO] 商品标题已保存到文件: /home/runner/work/good-monitor/good-monitor/tmp/good-monitor/arcteryx_official_titles.json
2026-04-19 08:00:42,839 [INFO] 日志系统初始化完成
2026-04-19 08:00:42,839 [INFO] === 开始一次商品监控 ===
2026-04-19 08:00:43,325 [INFO] 打开页面: https://outlet.arcteryx.com/ca/zh/c/mens/shell-jackets
2026-04-19 08:00:47,419 [INFO] 等待首屏商品渲染…
2026-04-19 08:00:47,457 [INFO] 开始自动滚动加载所有商品…
2026-04-19 08:00:49,159 [INFO] 抓取到 14 个商品名称
2026-04-19 08:00:49,159 [INFO] 从文件加载商品标题，共 14 项
2026-04-19 08:00:49,160 [INFO] 商品标题已保存到文件: /home/runner/work/good-monitor/good-monitor/tmp/good-monitor/arcteryx_official_titles.json
2026-04-19 09:00:42,292 [INFO] 日志系统初始化完成
2026-04-19 09:00:42,292 [INFO] === 开始一次商品监控 ===
2026-04-19 09:00:42,729 [INFO] 打开页面: https://outlet.arcteryx.com/ca/zh/c/mens/shell-jackets
2026-04-19 09:00:45,446 [INFO] 等待首屏商品渲染…
2026-04-19 09:00:46,698 [INFO] 开始自动滚动加载所有商品…
2026-04-19 09:00:48,480 [INFO] 抓取到 14 个商品名称
2026-04-19 09:00:48,480 [INFO] 从文件加载商品标题，共 14 项
2026-04-19 09:00:48,481 [INFO] 商品标题已保存到文件: /home/runner/work/good-monitor/good-monitor/tmp/good-monitor/arcteryx_official_titles.json
2026-04-19 10:00:39,661 [INFO] 日志系统初始化完成
2026-04-19 10:00:39,661 [INFO] === 开始一次商品监控 ===
2026-04-19 10:00:40,157 [INFO] 打开页面: https://outlet.arcteryx.com/ca/zh/c/mens/shell-jackets
2026-04-19 10:00:42,815 [INFO] 等待首屏商品渲染…
2026-04-19 10:00:43,985 [INFO] 开始自动滚动加载所有商品…
2026-04-19 10:00:45,764 [INFO] 抓取到 14 个商品名称
2026-04-19 10:00:45,764 [INFO] 从文件加载商品标题，共 14 项
2026-04-19 10:00:45,764 [INFO] 商品标题已保存到文件: /home/runner/work/good-monitor/good-monitor/tmp/good-monitor/arcteryx_official_titles.json
2026-04-19 11:00:42,250 [INFO] 日志系统初始化完成
2026-04-19 11:00:42,250 [INFO] === 开始一次商品监控 ===
2026-04-19 11:00:42,738 [INFO] 打开页面: https://outlet.arcteryx.com/ca/zh/c/mens/shell-jackets
2026-04-19 11:00:44,541 [INFO] 等待首屏商品渲染…
2026-04-19 11:00:45,621 [INFO] 开始自动滚动加载所有商品…
2026-04-19 11:00:47,370 [INFO] 抓取到 14 个商品名称
2026-04-19 11:00:47,370 [INFO] 从文件加载商品标题，共 14 项
2026-04-19 11:00:47,370 [INFO] 商品标题已保存到文件: /home/runner/work/good-monitor/good-monitor/tmp/good-monitor/arcteryx_official_titles.json
2026-04-19 12:00:43,277 [INFO] 日志系统初始化完成
2026-04-19 12:00:43,277 [INFO] === 开始一次商品监控 ===
2026-04-19 12:00:43,751 [INFO] 打开页面: https://outlet.arcteryx.com/ca/zh/c/mens/shell-jackets
2026-04-19 12:00:50,534 [INFO] 等待首屏商品渲染…
2026-04-19 12:00:50,588 [INFO] 开始自动滚动加载所有商品…
2026-04-19 12:00:52,303 [INFO] 抓取到 14 个商品名称
2026-04-19 12:00:52,304 [INFO] 从文件加载商品标题，共 14 项
2026-04-19 12:00:52,304 [INFO] 商品标题已保存到文件: /home/runner/work/good-monitor/good-monitor/tmp/good-monitor/arcteryx_official_titles.json
2026-04-19 13:00:38,625 [INFO] 日志系统初始化完成
2026-04-19 13:00:38,625 [INFO] === 开始一次商品监控 ===
2026-04-19 13:00:39,138 [INFO] 打开页面: https://outlet.arcteryx.com/ca/zh/c/mens/shell-jackets
2026-04-19 13:00:41,509 [INFO] 等待首屏商品渲染…
2026-04-19 13:00:42,595 [INFO] 开始自动滚动加载所有商品…
2026-04-19 13:00:44,278 [INFO] 抓取到 14 个商品名称
2026-04-19 13:00:44,278 [INFO] 从文件加载商品标题，共 14 项
2026-04-19 13:00:44,278 [INFO] 商品标题已保存到文件: /home/runner/work/good-monitor/good-monitor/tmp/good-monitor/arcteryx_official_titles.json
2026-04-19 14:00:40,871 [INFO] 日志系统初始化完成
2026-04-19 14:00:40,871 [INFO] === 开始一次商品监控 ===
2026-04-19 14:00:41,354 [INFO] 打开页面: https://outlet.arcteryx.com/ca/zh/c/mens/shell-jackets
2026-04-19 14:00:44,094 [INFO] 等待首屏商品渲染…
2026-04-19 14:00:45,668 [INFO] 开始自动滚动加载所有商品…
2026-04-19 14:00:47,439 [INFO] 抓取到 14 个商品名称
2026-04-19 14:00:47,439 [INFO] 从文件加载商品标题，共 14 项
2026-04-19 14:00:47,440 [INFO] 商品标题已保存到文件: /home/runner/work/good-monitor/good-monitor/tmp/good-monitor/arcteryx_official_titles.json
2026-04-19 15:00:40,230 [INFO] 日志系统初始化完成
2026-04-19 15:00:40,230 [INFO] === 开始一次商品监控 ===
2026-04-19 15:00:40,793 [INFO] 打开页面: https://outlet.arcteryx.com/ca/zh/c/mens/shell-jackets
2026-04-19 15:00:42,836 [INFO] 等待首屏商品渲染…
2026-04-19 15:00:43,741 [INFO] 开始自动滚动加载所有商品…
2026-04-19 15:00:45,600 [INFO] 抓取到 14 个商品名称
2026-04-19 15:00:45,600 [INFO] 从文件加载商品标题，共 14 项
2026-04-19 15:00:45,600 [INFO] 商品标题已保存到文件: /home/runner/work/good-monitor/good-monitor/tmp/good-monitor/arcteryx_official_titles.json
2026-04-19 16:00:40,287 [INFO] 日志系统初始化完成
2026-04-19 16:00:40,287 [INFO] === 开始一次商品监控 ===
2026-04-19 16:00:40,819 [INFO] 打开页面: https://outlet.arcteryx.com/ca/zh/c/mens/shell-jackets
2026-04-19 16:00:43,812 [INFO] 等待首屏商品渲染…
2026-04-19 16:00:45,498 [INFO] 开始自动滚动加载所有商品…
2026-04-19 16:00:47,241 [INFO] 抓取到 14 个商品名称
2026-04-19 16:00:47,241 [INFO] 从文件加载商品标题，共 14 项
2026-04-19 16:00:47,242 [INFO] 商品标题已保存到文件: /home/runner/work/good-monitor/good-monitor/tmp/good-monitor/arcteryx_official_titles.json
2026-04-19 17:00:39,685 [INFO] 日志系统初始化完成
2026-04-19 17:00:39,685 [INFO] === 开始一次商品监控 ===
2026-04-19 17:00:40,161 [INFO] 打开页面: https://outlet.arcteryx.com/ca/zh/c/mens/shell-jackets
2026-04-19 17:00:43,002 [INFO] 等待首屏商品渲染…
2026-04-19 17:00:43,044 [INFO] 开始自动滚动加载所有商品…
2026-04-19 17:00:44,721 [INFO] 抓取到 14 个商品名称
2026-04-19 17:00:44,721 [INFO] 从文件加载商品标题，共 14 项
2026-04-19 17:00:44,722 [INFO] 商品标题已保存到文件: /home/runner/work/good-monitor/good-monitor/tmp/good-monitor/arcteryx_official_titles.json
2026-04-19 18:00:42,072 [INFO] 日志系统初始化完成
2026-04-19 18:00:42,072 [INFO] === 开始一次商品监控 ===
2026-04-19 18:00:42,558 [INFO] 打开页面: https://outlet.arcteryx.com/ca/zh/c/mens/shell-jackets
2026-04-19 18:00:45,600 [INFO] 等待首屏商品渲染…
2026-04-19 18:00:47,243 [INFO] 开始自动滚动加载所有商品…
2026-04-19 18:00:49,037 [INFO] 抓取到 14 个商品名称
2026-04-19 18:00:49,037 [INFO] 从文件加载商品标题，共 14 项
2026-04-19 18:00:49,038 [INFO] 商品标题已保存到文件: /home/runner/work/good-monitor/good-monitor/tmp/good-monitor/arcteryx_official_titles.json
2026-04-19 19:00:43,049 [INFO] 日志系统初始化完成
2026-04-19 19:00:43,049 [INFO] === 开始一次商品监控 ===
2026-04-19 19:00:43,612 [INFO] 打开页面: https://outlet.arcteryx.com/ca/zh/c/mens/shell-jackets
2026-04-19 19:00:48,483 [INFO] 等待首屏商品渲染…
2026-04-19 19:00:48,538 [INFO] 开始自动滚动加载所有商品…
2026-04-19 19:00:50,218 [INFO] 抓取到 14 个商品名称
2026-04-19 19:00:50,218 [INFO] 从文件加载商品标题，共 14 项
2026-04-19 19:00:50,218 [INFO] 商品标题已保存到文件: /home/runner/work/good-monitor/good-monitor/tmp/good-monitor/arcteryx_official_titles.json
2026-04-19 21:00:44,806 [INFO] 日志系统初始化完成
2026-04-19 21:00:44,806 [INFO] === 开始一次商品监控 ===
2026-04-19 21:00:45,283 [INFO] 打开页面: https://outlet.arcteryx.com/ca/zh/c/mens/shell-jackets
2026-04-19 21:00:48,928 [INFO] 等待首屏商品渲染…
2026-04-19 21:00:48,971 [INFO] 开始自动滚动加载所有商品…
2026-04-19 21:00:50,657 [INFO] 抓取到 14 个商品名称
2026-04-19 21:00:50,657 [INFO] 从文件加载商品标题，共 14 项
2026-04-19 21:00:50,657 [INFO] 商品标题已保存到文件: /home/runner/work/good-monitor/good-monitor/tmp/good-monitor/arcteryx_official_titles.json
2026-04-19 22:00:55,769 [INFO] 日志系统初始化完成
2026-04-19 22:00:55,769 [INFO] === 开始一次商品监控 ===
2026-04-19 22:00:56,252 [INFO] 打开页面: https://outlet.arcteryx.com/ca/zh/c/mens/shell-jackets
2026-04-19 22:00:59,282 [INFO] 等待首屏商品渲染…
2026-04-19 22:01:00,858 [INFO] 开始自动滚动加载所有商品…
2026-04-19 22:01:02,593 [INFO] 抓取到 14 个商品名称
2026-04-19 22:01:02,593 [INFO] 从文件加载商品标题，共 14 项
2026-04-19 22:01:02,593 [INFO] 商品标题已保存到文件: /home/runner/work/good-monitor/good-monitor/tmp/good-monitor/arcteryx_official_titles.json
2026-04-19 23:00:50,657 [INFO] 日志系统初始化完成
2026-04-19 23:00:50,657 [INFO] === 开始一次商品监控 ===
2026-04-19 23:00:51,156 [INFO] 打开页面: https://outlet.arcteryx.com/ca/zh/c/mens/shell-jackets
2026-04-19 23:00:55,650 [INFO] 等待首屏商品渲染…
2026-04-19 23:00:55,685 [INFO] 开始自动滚动加载所有商品…
2026-04-19 23:00:57,481 [INFO] 抓取到 14 个商品名称
2026-04-19 23:00:57,481 [INFO] 从文件加载商品标题，共 14 项
2026-04-19 23:00:57,481 [INFO] 商品标题已保存到文件: /home/runner/work/good-monitor/good-monitor/tmp/good-monitor/arcteryx_official_titles.json
2026-04-20 00:00:50,681 [INFO] 日志系统初始化完成
2026-04-20 00:00:50,681 [INFO] === 开始一次商品监控 ===
2026-04-20 00:00:51,161 [INFO] 打开页面: https://outlet.arcteryx.com/ca/zh/c/mens/shell-jackets
2026-04-20 00:00:54,999 [INFO] 等待首屏商品渲染…
2026-04-20 00:00:55,056 [INFO] 开始自动滚动加载所有商品…
2026-04-20 00:00:56,740 [INFO] 抓取到 14 个商品名称
2026-04-20 00:00:56,740 [INFO] 从文件加载商品标题，共 14 项
2026-04-20 00:00:56,740 [INFO] 商品标题已保存到文件: /home/runner/work/good-monitor/good-monitor/tmp/good-monitor/arcteryx_official_titles.json
2026-04-20 01:00:47,289 [INFO] 日志系统初始化完成
2026-04-20 01:00:47,289 [INFO] === 开始一次商品监控 ===
2026-04-20 01:00:47,810 [INFO] 打开页面: https://outlet.arcteryx.com/ca/zh/c/mens/shell-jackets
2026-04-20 01:00:50,680 [INFO] 等待首屏商品渲染…
2026-04-20 01:00:51,776 [INFO] 开始自动滚动加载所有商品…
2026-04-20 01:00:53,523 [INFO] 抓取到 14 个商品名称
2026-04-20 01:00:53,523 [INFO] 从文件加载商品标题，共 14 项
2026-04-20 01:00:53,523 [INFO] 商品标题已保存到文件: /home/runner/work/good-monitor/good-monitor/tmp/good-monitor/arcteryx_official_titles.json
2026-04-20 02:00:42,075 [INFO] 日志系统初始化完成
2026-04-20 02:00:42,075 [INFO] === 开始一次商品监控 ===
2026-04-20 02:00:42,552 [INFO] 打开页面: https://outlet.arcteryx.com/ca/zh/c/mens/shell-jackets
2026-04-20 02:00:43,972 [INFO] 等待首屏商品渲染…
2026-04-20 02:00:46,567 [INFO] 开始自动滚动加载所有商品…
2026-04-20 02:00:48,239 [INFO] 抓取到 14 个商品名称
2026-04-20 02:00:48,239 [INFO] 从文件加载商品标题，共 14 项
2026-04-20 02:00:48,239 [INFO] 商品标题已保存到文件: /home/runner/work/good-monitor/good-monitor/tmp/good-monitor/arcteryx_official_titles.json
2026-04-20 03:00:53,659 [INFO] 日志系统初始化完成
2026-04-20 03:00:53,659 [INFO] === 开始一次商品监控 ===
2026-04-20 03:00:54,140 [INFO] 打开页面: https://outlet.arcteryx.com/ca/zh/c/mens/shell-jackets
2026-04-20 03:00:57,196 [INFO] 等待首屏商品渲染…
2026-04-20 03:00:58,891 [INFO] 开始自动滚动加载所有商品…
2026-04-20 03:01:00,604 [INFO] 抓取到 14 个商品名称
2026-04-20 03:01:00,604 [INFO] 从文件加载商品标题，共 14 项
2026-04-20 03:01:00,604 [INFO] 商品标题已保存到文件: /home/runner/work/good-monitor/good-monitor/tmp/good-monitor/arcteryx_official_titles.json
2026-04-20 04:01:13,276 [INFO] 日志系统初始化完成
2026-04-20 04:01:13,276 [INFO] === 开始一次商品监控 ===
2026-04-20 04:01:13,777 [INFO] 打开页面: https://outlet.arcteryx.com/ca/zh/c/mens/shell-jackets
2026-04-20 04:01:16,739 [INFO] 等待首屏商品渲染…
2026-04-20 04:01:16,791 [INFO] 开始自动滚动加载所有商品…
2026-04-20 04:01:18,471 [INFO] 抓取到 14 个商品名称
2026-04-20 04:01:18,472 [INFO] 从文件加载商品标题，共 14 项
2026-04-20 04:01:18,472 [INFO] 商品标题已保存到文件: /home/runner/work/good-monitor/good-monitor/tmp/good-monitor/arcteryx_official_titles.json
2026-04-20 05:00:42,377 [INFO] 日志系统初始化完成
2026-04-20 05:00:42,377 [INFO] === 开始一次商品监控 ===
2026-04-20 05:00:42,806 [INFO] 打开页面: https://outlet.arcteryx.com/ca/zh/c/mens/shell-jackets
2026-04-20 05:00:44,894 [INFO] 等待首屏商品渲染…
2026-04-20 05:00:46,574 [INFO] 开始自动滚动加载所有商品…
2026-04-20 05:00:48,265 [INFO] 抓取到 14 个商品名称
2026-04-20 05:00:48,265 [INFO] 从文件加载商品标题，共 14 项
2026-04-20 05:00:48,265 [INFO] 商品标题已保存到文件: /home/runner/work/good-monitor/good-monitor/tmp/good-monitor/arcteryx_official_titles.json
2026-04-20 06:00:44,066 [INFO] 日志系统初始化完成
2026-04-20 06:00:44,066 [INFO] === 开始一次商品监控 ===
2026-04-20 06:00:44,548 [INFO] 打开页面: https://outlet.arcteryx.com/ca/zh/c/mens/shell-jackets
2026-04-20 06:00:46,752 [INFO] 等待首屏商品渲染…
2026-04-20 06:00:48,458 [INFO] 开始自动滚动加载所有商品…
2026-04-20 06:00:50,161 [INFO] 抓取到 14 个商品名称
2026-04-20 06:00:50,161 [INFO] 从文件加载商品标题，共 14 项
2026-04-20 06:00:50,162 [INFO] 商品标题已保存到文件: /home/runner/work/good-monitor/good-monitor/tmp/good-monitor/arcteryx_official_titles.json
2026-04-20 07:00:44,877 [INFO] 日志系统初始化完成
2026-04-20 07:00:44,877 [INFO] === 开始一次商品监控 ===
2026-04-20 07:00:45,331 [INFO] 打开页面: https://outlet.arcteryx.com/ca/zh/c/mens/shell-jackets
2026-04-20 07:00:48,673 [INFO] 等待首屏商品渲染…
2026-04-20 07:00:48,709 [INFO] 开始自动滚动加载所有商品…
2026-04-20 07:00:51,231 [INFO] 抓取到 14 个商品名称
2026-04-20 07:00:51,231 [INFO] 从文件加载商品标题，共 14 项
2026-04-20 07:00:51,231 [INFO] 商品标题已保存到文件: /home/runner/work/good-monitor/good-monitor/tmp/good-monitor/arcteryx_official_titles.json
2026-04-20 08:00:37,437 [INFO] 日志系统初始化完成
2026-04-20 08:00:37,437 [INFO] === 开始一次商品监控 ===
2026-04-20 08:00:37,869 [INFO] 打开页面: https://outlet.arcteryx.com/ca/zh/c/mens/shell-jackets
2026-04-20 08:00:41,685 [INFO] 等待首屏商品渲染…
2026-04-20 08:00:41,719 [INFO] 开始自动滚动加载所有商品…
2026-04-20 08:00:43,413 [INFO] 抓取到 14 个商品名称
2026-04-20 08:00:43,413 [INFO] 从文件加载商品标题，共 14 项
2026-04-20 08:00:43,413 [INFO] 商品标题已保存到文件: /home/runner/work/good-monitor/good-monitor/tmp/good-monitor/arcteryx_official_titles.json
2026-04-20 09:00:47,607 [INFO] 日志系统初始化完成
2026-04-20 09:00:47,607 [INFO] === 开始一次商品监控 ===
2026-04-20 09:00:47,992 [INFO] 打开页面: https://outlet.arcteryx.com/ca/zh/c/mens/shell-jackets
2026-04-20 09:00:51,282 [INFO] 等待首屏商品渲染…
2026-04-20 09:00:51,327 [INFO] 开始自动滚动加载所有商品…
2026-04-20 09:00:52,991 [INFO] 抓取到 14 个商品名称
2026-04-20 09:00:52,991 [INFO] 从文件加载商品标题，共 14 项
2026-04-20 09:00:52,991 [INFO] 商品标题已保存到文件: /home/runner/work/good-monitor/good-monitor/tmp/good-monitor/arcteryx_official_titles.json
2026-04-20 10:00:43,611 [INFO] 日志系统初始化完成
2026-04-20 10:00:43,611 [INFO] === 开始一次商品监控 ===
2026-04-20 10:00:44,086 [INFO] 打开页面: https://outlet.arcteryx.com/ca/zh/c/mens/shell-jackets
2026-04-20 10:00:48,936 [INFO] 等待首屏商品渲染…
2026-04-20 10:00:48,971 [INFO] 开始自动滚动加载所有商品…
2026-04-20 10:00:50,649 [INFO] 抓取到 14 个商品名称
2026-04-20 10:00:50,649 [INFO] 从文件加载商品标题，共 14 项
2026-04-20 10:00:50,650 [INFO] 商品标题已保存到文件: /home/runner/work/good-monitor/good-monitor/tmp/good-monitor/arcteryx_official_titles.json
2026-04-20 11:00:48,367 [INFO] 日志系统初始化完成
2026-04-20 11:00:48,367 [INFO] === 开始一次商品监控 ===
2026-04-20 11:00:48,845 [INFO] 打开页面: https://outlet.arcteryx.com/ca/zh/c/mens/shell-jackets
2026-04-20 11:00:51,778 [INFO] 等待首屏商品渲染…
2026-04-20 11:00:53,383 [INFO] 开始自动滚动加载所有商品…
2026-04-20 11:00:55,100 [INFO] 抓取到 14 个商品名称
2026-04-20 11:00:55,100 [INFO] 从文件加载商品标题，共 14 项
2026-04-20 11:00:55,101 [INFO] 商品标题已保存到文件: /home/runner/work/good-monitor/good-monitor/tmp/good-monitor/arcteryx_official_titles.json
2026-04-20 12:00:42,783 [INFO] 日志系统初始化完成
2026-04-20 12:00:42,783 [INFO] === 开始一次商品监控 ===
2026-04-20 12:00:43,246 [INFO] 打开页面: https://outlet.arcteryx.com/ca/zh/c/mens/shell-jackets
2026-04-20 12:00:45,916 [INFO] 等待首屏商品渲染…
2026-04-20 12:00:47,022 [INFO] 开始自动滚动加载所有商品…
2026-04-20 12:00:49,607 [INFO] 抓取到 14 个商品名称
2026-04-20 12:00:49,607 [INFO] 从文件加载商品标题，共 14 项
2026-04-20 12:00:49,608 [INFO] 商品标题已保存到文件: /home/runner/work/good-monitor/good-monitor/tmp/good-monitor/arcteryx_official_titles.json
2026-04-20 13:00:44,055 [INFO] 日志系统初始化完成
2026-04-20 13:00:44,055 [INFO] === 开始一次商品监控 ===
2026-04-20 13:00:44,443 [INFO] 打开页面: https://outlet.arcteryx.com/ca/zh/c/mens/shell-jackets
2026-04-20 13:00:47,498 [INFO] 等待首屏商品渲染…
2026-04-20 13:00:47,533 [INFO] 开始自动滚动加载所有商品…
2026-04-20 13:00:50,006 [INFO] 抓取到 14 个商品名称
2026-04-20 13:00:50,006 [INFO] 从文件加载商品标题，共 14 项
2026-04-20 13:00:50,006 [INFO] 商品标题已保存到文件: /home/runner/work/good-monitor/good-monitor/tmp/good-monitor/arcteryx_official_titles.json
2026-04-20 14:00:44,410 [INFO] 日志系统初始化完成
2026-04-20 14:00:44,410 [INFO] === 开始一次商品监控 ===
2026-04-20 14:00:44,921 [INFO] 打开页面: https://outlet.arcteryx.com/ca/zh/c/mens/shell-jackets
2026-04-20 14:00:47,573 [INFO] 等待首屏商品渲染…
2026-04-20 14:00:48,792 [INFO] 开始自动滚动加载所有商品…
2026-04-20 14:00:50,518 [INFO] 抓取到 14 个商品名称
2026-04-20 14:00:50,518 [INFO] 从文件加载商品标题，共 14 项
2026-04-20 14:00:50,518 [INFO] 商品标题已保存到文件: /home/runner/work/good-monitor/good-monitor/tmp/good-monitor/arcteryx_official_titles.json
2026-04-20 15:00:57,041 [INFO] 日志系统初始化完成
2026-04-20 15:00:57,041 [INFO] === 开始一次商品监控 ===
2026-04-20 15:00:57,578 [INFO] 打开页面: https://outlet.arcteryx.com/ca/zh/c/mens/shell-jackets
2026-04-20 15:01:00,843 [INFO] 等待首屏商品渲染…
2026-04-20 15:01:02,531 [INFO] 开始自动滚动加载所有商品…
2026-04-20 15:01:04,282 [INFO] 抓取到 14 个商品名称
2026-04-20 15:01:04,282 [INFO] 从文件加载商品标题，共 14 项
2026-04-20 15:01:04,283 [INFO] 商品标题已保存到文件: /home/runner/work/good-monitor/good-monitor/tmp/good-monitor/arcteryx_official_titles.json
2026-04-20 16:00:53,432 [INFO] 日志系统初始化完成
2026-04-20 16:00:53,432 [INFO] === 开始一次商品监控 ===
2026-04-20 16:00:53,923 [INFO] 打开页面: https://outlet.arcteryx.com/ca/zh/c/mens/shell-jackets
2026-04-20 16:00:57,703 [INFO] 等待首屏商品渲染…
2026-04-20 16:00:57,763 [INFO] 开始自动滚动加载所有商品…
2026-04-20 16:00:59,439 [INFO] 抓取到 14 个商品名称
2026-04-20 16:00:59,440 [INFO] 从文件加载商品标题，共 14 项
2026-04-20 16:00:59,440 [INFO] 商品标题已保存到文件: /home/runner/work/good-monitor/good-monitor/tmp/good-monitor/arcteryx_official_titles.json
2026-04-20 17:00:58,219 [INFO] 日志系统初始化完成
2026-04-20 17:00:58,219 [INFO] === 开始一次商品监控 ===
2026-04-20 17:00:58,705 [INFO] 打开页面: https://outlet.arcteryx.com/ca/zh/c/mens/shell-jackets
2026-04-20 17:01:02,224 [INFO] 等待首屏商品渲染…
2026-04-20 17:01:02,306 [INFO] 开始自动滚动加载所有商品…
2026-04-20 17:01:03,984 [INFO] 抓取到 14 个商品名称
2026-04-20 17:01:03,984 [INFO] 从文件加载商品标题，共 14 项
2026-04-20 17:01:03,985 [INFO] 商品标题已保存到文件: /home/runner/work/good-monitor/good-monitor/tmp/good-monitor/arcteryx_official_titles.json
2026-04-20 18:00:49,423 [INFO] 日志系统初始化完成
2026-04-20 18:00:49,424 [INFO] === 开始一次商品监控 ===
2026-04-20 18:00:49,921 [INFO] 打开页面: https://outlet.arcteryx.com/ca/zh/c/mens/shell-jackets
2026-04-20 18:00:52,640 [INFO] 等待首屏商品渲染…
2026-04-20 18:00:54,033 [INFO] 开始自动滚动加载所有商品…
2026-04-20 18:00:55,881 [INFO] 抓取到 14 个商品名称
2026-04-20 18:00:55,881 [INFO] 从文件加载商品标题，共 14 项
2026-04-20 18:00:55,882 [INFO] 商品标题已保存到文件: /home/runner/work/good-monitor/good-monitor/tmp/good-monitor/arcteryx_official_titles.json
2026-04-20 19:00:45,311 [INFO] 日志系统初始化完成
2026-04-20 19:00:45,312 [INFO] === 开始一次商品监控 ===
2026-04-20 19:00:45,787 [INFO] 打开页面: https://outlet.arcteryx.com/ca/zh/c/mens/shell-jackets
2026-04-20 19:00:48,781 [INFO] 等待首屏商品渲染…
2026-04-20 19:00:50,454 [INFO] 开始自动滚动加载所有商品…
2026-04-20 19:00:52,222 [INFO] 抓取到 14 个商品名称
2026-04-20 19:00:52,223 [INFO] 从文件加载商品标题，共 14 项
2026-04-20 19:00:52,223 [INFO] 商品标题已保存到文件: /home/runner/work/good-monitor/good-monitor/tmp/good-monitor/arcteryx_official_titles.json
2026-04-21 00:00:50,679 [INFO] 日志系统初始化完成
2026-04-21 00:00:50,680 [INFO] === 开始一次商品监控 ===
2026-04-21 00:00:51,168 [INFO] 打开页面: https://outlet.arcteryx.com/ca/zh/c/mens/shell-jackets
2026-04-21 00:00:55,143 [INFO] 等待首屏商品渲染…
2026-04-21 00:00:55,263 [INFO] 开始自动滚动加载所有商品…
2026-04-21 00:00:56,986 [INFO] 抓取到 14 个商品名称
2026-04-21 00:00:56,987 [INFO] 从文件加载商品标题，共 14 项
2026-04-21 00:00:56,987 [INFO] 商品标题已保存到文件: /home/runner/work/good-monitor/good-monitor/tmp/good-monitor/arcteryx_official_titles.json
2026-04-21 01:00:40,744 [INFO] 日志系统初始化完成
2026-04-21 01:00:40,744 [INFO] === 开始一次商品监控 ===
2026-04-21 01:00:41,223 [INFO] 打开页面: https://outlet.arcteryx.com/ca/zh/c/mens/shell-jackets
2026-04-21 01:00:45,044 [INFO] 等待首屏商品渲染…
2026-04-21 01:00:46,704 [INFO] 开始自动滚动加载所有商品…
2026-04-21 01:00:48,472 [INFO] 抓取到 14 个商品名称
2026-04-21 01:00:48,472 [INFO] 从文件加载商品标题，共 14 项
2026-04-21 01:00:48,472 [INFO] 商品标题已保存到文件: /home/runner/work/good-monitor/good-monitor/tmp/good-monitor/arcteryx_official_titles.json
2026-04-21 01:31:44,655 [INFO] 日志系统初始化完成
2026-04-21 01:31:44,655 [INFO] === 开始一次商品监控 ===
2026-04-21 01:31:45,137 [INFO] 打开页面: https://outlet.arcteryx.com/ca/zh/c/mens/shell-jackets
2026-04-21 01:31:49,761 [INFO] 等待首屏商品渲染…
2026-04-21 01:31:49,833 [INFO] 开始自动滚动加载所有商品…
2026-04-21 01:31:52,362 [INFO] 抓取到 14 个商品名称
2026-04-21 01:31:52,362 [INFO] 从文件加载商品标题，共 14 项
2026-04-21 01:31:52,362 [INFO] 商品标题已保存到文件: /home/runner/work/good-monitor/good-monitor/tmp/good-monitor/arcteryx_official_titles.json
2026-04-21 02:00:38,879 [INFO] 日志系统初始化完成
2026-04-21 02:00:38,879 [INFO] === 开始一次商品监控 ===
2026-04-21 02:00:39,379 [INFO] 打开页面: https://outlet.arcteryx.com/ca/zh/c/mens/shell-jackets
2026-04-21 02:00:42,601 [INFO] 等待首屏商品渲染…
2026-04-21 02:00:42,999 [INFO] 开始自动滚动加载所有商品…
2026-04-21 02:00:44,687 [INFO] 抓取到 14 个商品名称
2026-04-21 02:00:44,687 [INFO] 从文件加载商品标题，共 14 项
2026-04-21 02:00:44,687 [INFO] 商品标题已保存到文件: /home/runner/work/good-monitor/good-monitor/tmp/good-monitor/arcteryx_official_titles.json
2026-04-21 03:00:47,117 [INFO] 日志系统初始化完成
2026-04-21 03:00:47,118 [INFO] === 开始一次商品监控 ===
2026-04-21 03:00:47,617 [INFO] 打开页面: https://outlet.arcteryx.com/ca/zh/c/mens/shell-jackets
2026-04-21 03:00:50,184 [INFO] 等待首屏商品渲染…
2026-04-21 03:00:51,285 [INFO] 开始自动滚动加载所有商品…
2026-04-21 03:00:53,033 [INFO] 抓取到 14 个商品名称
2026-04-21 03:00:53,033 [INFO] 从文件加载商品标题，共 14 项
2026-04-21 03:00:53,033 [INFO] 商品标题已保存到文件: /home/runner/work/good-monitor/good-monitor/tmp/good-monitor/arcteryx_official_titles.json
2026-04-21 04:00:45,208 [INFO] 日志系统初始化完成
2026-04-21 04:00:45,208 [INFO] === 开始一次商品监控 ===
2026-04-21 04:00:45,679 [INFO] 打开页面: https://outlet.arcteryx.com/ca/zh/c/mens/shell-jackets
2026-04-21 04:00:48,197 [INFO] 等待首屏商品渲染…
2026-04-21 04:00:49,349 [INFO] 开始自动滚动加载所有商品…
2026-04-21 04:00:51,031 [INFO] 抓取到 14 个商品名称
2026-04-21 04:00:51,031 [INFO] 从文件加载商品标题，共 14 项
2026-04-21 04:00:51,032 [INFO] 商品标题已保存到文件: /home/runner/work/good-monitor/good-monitor/tmp/good-monitor/arcteryx_official_titles.json
2026-04-21 05:00:39,581 [INFO] 日志系统初始化完成
2026-04-21 05:00:39,581 [INFO] === 开始一次商品监控 ===
2026-04-21 05:00:40,057 [INFO] 打开页面: https://outlet.arcteryx.com/ca/zh/c/mens/shell-jackets
2026-04-21 05:00:41,822 [INFO] 等待首屏商品渲染…
2026-04-21 05:00:42,108 [INFO] 开始自动滚动加载所有商品…
2026-04-21 05:00:44,730 [INFO] 抓取到 14 个商品名称
2026-04-21 05:00:44,730 [INFO] 从文件加载商品标题，共 14 项
2026-04-21 05:00:44,731 [INFO] 商品标题已保存到文件: /home/runner/work/good-monitor/good-monitor/tmp/good-monitor/arcteryx_official_titles.json
2026-04-21 06:00:41,554 [INFO] 日志系统初始化完成
2026-04-21 06:00:41,554 [INFO] === 开始一次商品监控 ===
2026-04-21 06:00:42,027 [INFO] 打开页面: https://outlet.arcteryx.com/ca/zh/c/mens/shell-jackets
2026-04-21 06:00:45,085 [INFO] 等待首屏商品渲染…
2026-04-21 06:00:46,834 [INFO] 开始自动滚动加载所有商品…
2026-04-21 06:00:48,519 [INFO] 抓取到 14 个商品名称
2026-04-21 06:00:48,519 [INFO] 从文件加载商品标题，共 14 项
2026-04-21 06:00:48,519 [INFO] 商品标题已保存到文件: /home/runner/work/good-monitor/good-monitor/tmp/good-monitor/arcteryx_official_titles.json
2026-04-21 07:00:43,881 [INFO] 日志系统初始化完成
2026-04-21 07:00:43,881 [INFO] === 开始一次商品监控 ===
2026-04-21 07:00:44,369 [INFO] 打开页面: https://outlet.arcteryx.com/ca/zh/c/mens/shell-jackets
2026-04-21 07:00:47,590 [INFO] 等待首屏商品渲染…
2026-04-21 07:00:49,257 [INFO] 开始自动滚动加载所有商品…
2026-04-21 07:00:51,860 [INFO] 抓取到 14 个商品名称
2026-04-21 07:00:51,860 [INFO] 从文件加载商品标题，共 14 项
2026-04-21 07:00:51,860 [INFO] 商品标题已保存到文件: /home/runner/work/good-monitor/good-monitor/tmp/good-monitor/arcteryx_official_titles.json
2026-04-21 08:00:45,463 [INFO] 日志系统初始化完成
2026-04-21 08:00:45,464 [INFO] === 开始一次商品监控 ===
2026-04-21 08:00:45,975 [INFO] 打开页面: https://outlet.arcteryx.com/ca/zh/c/mens/shell-jackets
2026-04-21 08:00:49,998 [INFO] 等待首屏商品渲染…
2026-04-21 08:00:50,046 [INFO] 开始自动滚动加载所有商品…
2026-04-21 08:00:51,726 [INFO] 抓取到 14 个商品名称
2026-04-21 08:00:51,727 [INFO] 从文件加载商品标题，共 14 项
2026-04-21 08:00:51,727 [INFO] 商品标题已保存到文件: /home/runner/work/good-monitor/good-monitor/tmp/good-monitor/arcteryx_official_titles.json
2026-04-21 09:00:38,462 [INFO] 日志系统初始化完成
2026-04-21 09:00:38,462 [INFO] === 开始一次商品监控 ===
2026-04-21 09:00:38,947 [INFO] 打开页面: https://outlet.arcteryx.com/ca/zh/c/mens/shell-jackets
2026-04-21 09:00:42,001 [INFO] 等待首屏商品渲染…
2026-04-21 09:00:43,716 [INFO] 开始自动滚动加载所有商品…
2026-04-21 09:00:46,273 [INFO] 抓取到 14 个商品名称
2026-04-21 09:00:46,274 [INFO] 从文件加载商品标题，共 14 项
2026-04-21 09:00:46,274 [INFO] 商品标题已保存到文件: /home/runner/work/good-monitor/good-monitor/tmp/good-monitor/arcteryx_official_titles.json
2026-04-21 10:00:45,353 [INFO] 日志系统初始化完成
2026-04-21 10:00:45,353 [INFO] === 开始一次商品监控 ===
2026-04-21 10:00:45,839 [INFO] 打开页面: https://outlet.arcteryx.com/ca/zh/c/mens/shell-jackets
2026-04-21 10:00:49,689 [INFO] 等待首屏商品渲染…
2026-04-21 10:00:49,756 [INFO] 开始自动滚动加载所有商品…
2026-04-21 10:00:51,453 [INFO] 抓取到 14 个商品名称
2026-04-21 10:00:51,453 [INFO] 从文件加载商品标题，共 14 项
2026-04-21 10:00:51,453 [INFO] 商品标题已保存到文件: /home/runner/work/good-monitor/good-monitor/tmp/good-monitor/arcteryx_official_titles.json
2026-04-21 11:00:49,439 [INFO] 日志系统初始化完成
2026-04-21 11:00:49,440 [INFO] === 开始一次商品监控 ===
2026-04-21 11:00:49,937 [INFO] 打开页面: https://outlet.arcteryx.com/ca/zh/c/mens/shell-jackets
2026-04-21 11:00:53,186 [INFO] 等待首屏商品渲染…
2026-04-21 11:00:54,861 [INFO] 开始自动滚动加载所有商品…
2026-04-21 11:00:56,582 [INFO] 抓取到 14 个商品名称
2026-04-21 11:00:56,582 [INFO] 从文件加载商品标题，共 14 项
2026-04-21 11:00:56,583 [INFO] 商品标题已保存到文件: /home/runner/work/good-monitor/good-monitor/tmp/good-monitor/arcteryx_official_titles.json
2026-04-21 12:00:48,357 [INFO] 日志系统初始化完成
2026-04-21 12:00:48,357 [INFO] === 开始一次商品监控 ===
2026-04-21 12:00:48,838 [INFO] 打开页面: https://outlet.arcteryx.com/ca/zh/c/mens/shell-jackets
2026-04-21 12:00:51,439 [INFO] 等待首屏商品渲染…
2026-04-21 12:00:52,302 [INFO] 开始自动滚动加载所有商品…
2026-04-21 12:00:53,988 [INFO] 抓取到 14 个商品名称
2026-04-21 12:00:53,988 [INFO] 从文件加载商品标题，共 14 项
2026-04-21 12:00:53,989 [INFO] 商品标题已保存到文件: /home/runner/work/good-monitor/good-monitor/tmp/good-monitor/arcteryx_official_titles.json
2026-04-21 13:00:45,306 [INFO] 日志系统初始化完成
2026-04-21 13:00:45,306 [INFO] === 开始一次商品监控 ===
2026-04-21 13:00:45,804 [INFO] 打开页面: https://outlet.arcteryx.com/ca/zh/c/mens/shell-jackets
2026-04-21 13:00:49,652 [INFO] 等待首屏商品渲染…
2026-04-21 13:00:49,726 [INFO] 开始自动滚动加载所有商品…
2026-04-21 13:00:52,231 [INFO] 抓取到 14 个商品名称
2026-04-21 13:00:52,231 [INFO] 从文件加载商品标题，共 14 项
2026-04-21 13:00:52,232 [INFO] 商品标题已保存到文件: /home/runner/work/good-monitor/good-monitor/tmp/good-monitor/arcteryx_official_titles.json
2026-04-21 14:00:43,630 [INFO] 日志系统初始化完成
2026-04-21 14:00:43,630 [INFO] === 开始一次商品监控 ===
2026-04-21 14:00:44,133 [INFO] 打开页面: https://outlet.arcteryx.com/ca/zh/c/mens/shell-jackets
2026-04-21 14:00:46,877 [INFO] 等待首屏商品渲染…
2026-04-21 14:00:48,724 [INFO] 开始自动滚动加载所有商品…
2026-04-21 14:00:51,216 [INFO] 抓取到 14 个商品名称
2026-04-21 14:00:51,216 [INFO] 从文件加载商品标题，共 14 项
2026-04-21 14:00:51,216 [INFO] 商品标题已保存到文件: /home/runner/work/good-monitor/good-monitor/tmp/good-monitor/arcteryx_official_titles.json
2026-04-21 15:00:49,169 [INFO] 日志系统初始化完成
2026-04-21 15:00:49,169 [INFO] === 开始一次商品监控 ===
2026-04-21 15:00:49,638 [INFO] 打开页面: https://outlet.arcteryx.com/ca/zh/c/mens/shell-jackets
2026-04-21 15:00:52,104 [INFO] 等待首屏商品渲染…
2026-04-21 15:00:53,199 [INFO] 开始自动滚动加载所有商品…
2026-04-21 15:00:55,810 [INFO] 抓取到 14 个商品名称
2026-04-21 15:00:55,810 [INFO] 从文件加载商品标题，共 14 项
2026-04-21 15:00:55,810 [INFO] 商品标题已保存到文件: /home/runner/work/good-monitor/good-monitor/tmp/good-monitor/arcteryx_official_titles.json
2026-04-21 16:00:43,915 [INFO] 日志系统初始化完成
2026-04-21 16:00:43,915 [INFO] === 开始一次商品监控 ===
2026-04-21 16:00:44,412 [INFO] 打开页面: https://outlet.arcteryx.com/ca/zh/c/mens/shell-jackets
2026-04-21 16:00:47,194 [INFO] 等待首屏商品渲染…
2026-04-21 16:00:48,934 [INFO] 开始自动滚动加载所有商品…
2026-04-21 16:00:50,674 [INFO] 抓取到 14 个商品名称
2026-04-21 16:00:50,674 [INFO] 从文件加载商品标题，共 14 项
2026-04-21 16:00:50,674 [INFO] 商品标题已保存到文件: /home/runner/work/good-monitor/good-monitor/tmp/good-monitor/arcteryx_official_titles.json
2026-04-21 17:00:41,594 [INFO] 日志系统初始化完成
2026-04-21 17:00:41,594 [INFO] === 开始一次商品监控 ===
2026-04-21 17:00:42,028 [INFO] 打开页面: https://outlet.arcteryx.com/ca/zh/c/mens/shell-jackets
2026-04-21 17:00:44,741 [INFO] 等待首屏商品渲染…
2026-04-21 17:00:46,394 [INFO] 开始自动滚动加载所有商品…
2026-04-21 17:00:48,129 [INFO] 抓取到 14 个商品名称
2026-04-21 17:00:48,129 [INFO] 从文件加载商品标题，共 14 项
2026-04-21 17:00:48,129 [INFO] 商品标题已保存到文件: /home/runner/work/good-monitor/good-monitor/tmp/good-monitor/arcteryx_official_titles.json
2026-04-21 18:00:42,288 [INFO] 日志系统初始化完成
2026-04-21 18:00:42,288 [INFO] === 开始一次商品监控 ===
2026-04-21 18:00:42,778 [INFO] 打开页面: https://outlet.arcteryx.com/ca/zh/c/mens/shell-jackets
2026-04-21 18:00:45,805 [INFO] 等待首屏商品渲染…
2026-04-21 18:00:47,592 [INFO] 开始自动滚动加载所有商品…
2026-04-21 18:00:50,110 [INFO] 抓取到 14 个商品名称
2026-04-21 18:00:50,111 [INFO] 从文件加载商品标题，共 14 项
2026-04-21 18:00:50,111 [INFO] 商品标题已保存到文件: /home/runner/work/good-monitor/good-monitor/tmp/good-monitor/arcteryx_official_titles.json
2026-04-21 19:00:42,790 [INFO] 日志系统初始化完成
2026-04-21 19:00:42,791 [INFO] === 开始一次商品监控 ===
2026-04-21 19:00:43,283 [INFO] 打开页面: https://outlet.arcteryx.com/ca/zh/c/mens/shell-jackets
2026-04-21 19:00:48,387 [INFO] 等待首屏商品渲染…
2026-04-21 19:00:48,419 [INFO] 开始自动滚动加载所有商品…
2026-04-21 19:00:50,902 [INFO] 抓取到 14 个商品名称
2026-04-21 19:00:50,902 [INFO] 从文件加载商品标题，共 14 项
2026-04-21 19:00:50,903 [INFO] 商品标题已保存到文件: /home/runner/work/good-monitor/good-monitor/tmp/good-monitor/arcteryx_official_titles.json
2026-04-21 20:00:44,402 [INFO] 日志系统初始化完成
2026-04-21 20:00:44,403 [INFO] === 开始一次商品监控 ===
2026-04-21 20:00:44,902 [INFO] 打开页面: https://outlet.arcteryx.com/ca/zh/c/mens/shell-jackets
2026-04-21 20:00:49,550 [INFO] 等待首屏商品渲染…
2026-04-21 20:00:49,713 [INFO] 开始自动滚动加载所有商品…
2026-04-21 20:00:52,226 [INFO] 抓取到 14 个商品名称
2026-04-21 20:00:52,226 [INFO] 从文件加载商品标题，共 14 项
2026-04-21 20:00:52,226 [INFO] 商品标题已保存到文件: /home/runner/work/good-monitor/good-monitor/tmp/good-monitor/arcteryx_official_titles.json
2026-04-21 21:00:43,765 [INFO] 日志系统初始化完成
2026-04-21 21:00:43,765 [INFO] === 开始一次商品监控 ===
2026-04-21 21:00:44,244 [INFO] 打开页面: https://outlet.arcteryx.com/ca/zh/c/mens/shell-jackets
2026-04-21 21:00:47,928 [INFO] 等待首屏商品渲染…
2026-04-21 21:00:47,966 [INFO] 开始自动滚动加载所有商品…
2026-04-21 21:00:49,647 [INFO] 抓取到 14 个商品名称
2026-04-21 21:00:49,647 [INFO] 从文件加载商品标题，共 14 项
2026-04-21 21:00:49,647 [INFO] 商品标题已保存到文件: /home/runner/work/good-monitor/good-monitor/tmp/good-monitor/arcteryx_official_titles.json
2026-04-21 22:00:40,196 [INFO] 日志系统初始化完成
2026-04-21 22:00:40,196 [INFO] === 开始一次商品监控 ===
2026-04-21 22:00:40,627 [INFO] 打开页面: https://outlet.arcteryx.com/ca/zh/c/mens/shell-jackets
2026-04-21 22:00:43,445 [INFO] 等待首屏商品渲染…
2026-04-21 22:00:44,584 [INFO] 开始自动滚动加载所有商品…
2026-04-21 22:00:46,250 [INFO] 抓取到 14 个商品名称
2026-04-21 22:00:46,250 [INFO] 从文件加载商品标题，共 14 项
2026-04-21 22:00:46,250 [INFO] 商品标题已保存到文件: /home/runner/work/good-monitor/good-monitor/tmp/good-monitor/arcteryx_official_titles.json
2026-04-21 23:00:48,819 [INFO] 日志系统初始化完成
2026-04-21 23:00:48,819 [INFO] === 开始一次商品监控 ===
2026-04-21 23:00:49,306 [INFO] 打开页面: https://outlet.arcteryx.com/ca/zh/c/mens/shell-jackets
2026-04-21 23:00:52,192 [INFO] 等待首屏商品渲染…
2026-04-21 23:00:53,064 [INFO] 开始自动滚动加载所有商品…
2026-04-21 23:00:55,546 [INFO] 抓取到 14 个商品名称
2026-04-21 23:00:55,546 [INFO] 从文件加载商品标题，共 14 项
2026-04-21 23:00:55,546 [INFO] 商品标题已保存到文件: /home/runner/work/good-monitor/good-monitor/tmp/good-monitor/arcteryx_official_titles.json
2026-04-22 00:00:41,974 [INFO] 日志系统初始化完成
2026-04-22 00:00:41,974 [INFO] === 开始一次商品监控 ===
2026-04-22 00:00:42,453 [INFO] 打开页面: https://outlet.arcteryx.com/ca/zh/c/mens/shell-jackets
2026-04-22 00:00:44,468 [INFO] 等待首屏商品渲染…
2026-04-22 00:00:45,585 [INFO] 开始自动滚动加载所有商品…
2026-04-22 00:00:47,289 [INFO] 抓取到 14 个商品名称
2026-04-22 00:00:47,289 [INFO] 从文件加载商品标题，共 14 项
2026-04-22 00:00:47,290 [INFO] 商品标题已保存到文件: /home/runner/work/good-monitor/good-monitor/tmp/good-monitor/arcteryx_official_titles.json
2026-04-22 01:00:45,335 [INFO] 日志系统初始化完成
2026-04-22 01:00:45,335 [INFO] === 开始一次商品监控 ===
2026-04-22 01:00:45,827 [INFO] 打开页面: https://outlet.arcteryx.com/ca/zh/c/mens/shell-jackets
2026-04-22 01:00:51,697 [INFO] 等待首屏商品渲染…
2026-04-22 01:00:51,737 [INFO] 开始自动滚动加载所有商品…
2026-04-22 01:00:54,223 [INFO] 抓取到 14 个商品名称
2026-04-22 01:00:54,223 [INFO] 从文件加载商品标题，共 14 项
2026-04-22 01:00:54,224 [INFO] 商品标题已保存到文件: /home/runner/work/good-monitor/good-monitor/tmp/good-monitor/arcteryx_official_titles.json
2026-04-22 02:00:39,387 [INFO] 日志系统初始化完成
2026-04-22 02:00:39,387 [INFO] === 开始一次商品监控 ===
2026-04-22 02:00:39,821 [INFO] 打开页面: https://outlet.arcteryx.com/ca/zh/c/mens/shell-jackets
2026-04-22 02:00:42,116 [INFO] 等待首屏商品渲染…
2026-04-22 02:00:43,731 [INFO] 开始自动滚动加载所有商品…
2026-04-22 02:00:45,421 [INFO] 抓取到 14 个商品名称
2026-04-22 02:00:45,421 [INFO] 从文件加载商品标题，共 14 项
2026-04-22 02:00:45,421 [INFO] 商品标题已保存到文件: /home/runner/work/good-monitor/good-monitor/tmp/good-monitor/arcteryx_official_titles.json
2026-04-22 03:00:42,910 [INFO] 日志系统初始化完成
2026-04-22 03:00:42,910 [INFO] === 开始一次商品监控 ===
2026-04-22 03:00:43,373 [INFO] 打开页面: https://outlet.arcteryx.com/ca/zh/c/mens/shell-jackets
2026-04-22 03:00:46,187 [INFO] 等待首屏商品渲染…
2026-04-22 03:00:47,295 [INFO] 开始自动滚动加载所有商品…
2026-04-22 03:00:49,038 [INFO] 抓取到 14 个商品名称
2026-04-22 03:00:49,038 [INFO] 从文件加载商品标题，共 14 项
2026-04-22 03:00:49,039 [INFO] 商品标题已保存到文件: /home/runner/work/good-monitor/good-monitor/tmp/good-monitor/arcteryx_official_titles.json
2026-04-22 04:00:41,582 [INFO] 日志系统初始化完成
2026-04-22 04:00:41,582 [INFO] === 开始一次商品监控 ===
2026-04-22 04:00:42,024 [INFO] 打开页面: https://outlet.arcteryx.com/ca/zh/c/mens/shell-jackets
2026-04-22 04:00:44,018 [INFO] 等待首屏商品渲染…
2026-04-22 04:00:45,143 [INFO] 开始自动滚动加载所有商品…
2026-04-22 04:00:46,832 [INFO] 抓取到 14 个商品名称
2026-04-22 04:00:46,832 [INFO] 从文件加载商品标题，共 14 项
2026-04-22 04:00:46,832 [INFO] 商品标题已保存到文件: /home/runner/work/good-monitor/good-monitor/tmp/good-monitor/arcteryx_official_titles.json
2026-04-22 05:00:42,289 [INFO] 日志系统初始化完成
2026-04-22 05:00:42,289 [INFO] === 开始一次商品监控 ===
2026-04-22 05:00:42,784 [INFO] 打开页面: https://outlet.arcteryx.com/ca/zh/c/mens/shell-jackets
2026-04-22 05:00:47,390 [INFO] 等待首屏商品渲染…
2026-04-22 05:00:47,433 [INFO] 开始自动滚动加载所有商品…
2026-04-22 05:00:49,924 [INFO] 抓取到 14 个商品名称
2026-04-22 05:00:49,925 [INFO] 从文件加载商品标题，共 14 项
2026-04-22 05:00:49,925 [INFO] 商品标题已保存到文件: /home/runner/work/good-monitor/good-monitor/tmp/good-monitor/arcteryx_official_titles.json
2026-04-22 06:00:47,305 [INFO] 日志系统初始化完成
2026-04-22 06:00:47,305 [INFO] === 开始一次商品监控 ===
2026-04-22 06:00:47,687 [INFO] 打开页面: https://outlet.arcteryx.com/ca/zh/c/mens/shell-jackets
2026-04-22 06:00:49,892 [INFO] 等待首屏商品渲染…
2026-04-22 06:00:50,936 [INFO] 开始自动滚动加载所有商品…
2026-04-22 06:00:52,620 [INFO] 抓取到 14 个商品名称
2026-04-22 06:00:52,620 [INFO] 从文件加载商品标题，共 14 项
2026-04-22 06:00:52,620 [INFO] 商品标题已保存到文件: /home/runner/work/good-monitor/good-monitor/tmp/good-monitor/arcteryx_official_titles.json
2026-04-22 07:00:41,235 [INFO] 日志系统初始化完成
2026-04-22 07:00:41,235 [INFO] === 开始一次商品监控 ===
2026-04-22 07:00:41,748 [INFO] 打开页面: https://outlet.arcteryx.com/ca/zh/c/mens/shell-jackets
2026-04-22 07:00:45,548 [INFO] 等待首屏商品渲染…
2026-04-22 07:00:45,608 [INFO] 开始自动滚动加载所有商品…
2026-04-22 07:00:47,285 [INFO] 抓取到 14 个商品名称
2026-04-22 07:00:47,285 [INFO] 从文件加载商品标题，共 14 项
2026-04-22 07:00:47,286 [INFO] 商品标题已保存到文件: /home/runner/work/good-monitor/good-monitor/tmp/good-monitor/arcteryx_official_titles.json
2026-04-22 08:00:45,650 [INFO] 日志系统初始化完成
2026-04-22 08:00:45,650 [INFO] === 开始一次商品监控 ===
2026-04-22 08:00:46,174 [INFO] 打开页面: https://outlet.arcteryx.com/ca/zh/c/mens/shell-jackets
2026-04-22 08:00:48,200 [INFO] 等待首屏商品渲染…
2026-04-22 08:00:49,384 [INFO] 开始自动滚动加载所有商品…
2026-04-22 08:00:51,156 [INFO] 抓取到 14 个商品名称
2026-04-22 08:00:51,156 [INFO] 从文件加载商品标题，共 14 项
2026-04-22 08:00:51,156 [INFO] 商品标题已保存到文件: /home/runner/work/good-monitor/good-monitor/tmp/good-monitor/arcteryx_official_titles.json
2026-04-22 09:00:41,701 [INFO] 日志系统初始化完成
2026-04-22 09:00:41,702 [INFO] === 开始一次商品监控 ===
2026-04-22 09:00:42,227 [INFO] 打开页面: https://outlet.arcteryx.com/ca/zh/c/mens/shell-jackets
2026-04-22 09:00:43,816 [INFO] 等待首屏商品渲染…
2026-04-22 09:00:44,178 [INFO] 开始自动滚动加载所有商品…
2026-04-22 09:00:46,793 [INFO] 抓取到 14 个商品名称
2026-04-22 09:00:46,793 [INFO] 从文件加载商品标题，共 14 项
2026-04-22 09:00:46,794 [INFO] 商品标题已保存到文件: /home/runner/work/good-monitor/good-monitor/tmp/good-monitor/arcteryx_official_titles.json
2026-04-22 10:00:43,234 [INFO] 日志系统初始化完成
2026-04-22 10:00:43,234 [INFO] === 开始一次商品监控 ===
2026-04-22 10:00:43,722 [INFO] 打开页面: https://outlet.arcteryx.com/ca/zh/c/mens/shell-jackets
2026-04-22 10:00:46,641 [INFO] 等待首屏商品渲染…
2026-04-22 10:00:48,444 [INFO] 开始自动滚动加载所有商品…
2026-04-22 10:00:50,969 [INFO] 抓取到 14 个商品名称
2026-04-22 10:00:50,970 [INFO] 从文件加载商品标题，共 14 项
2026-04-22 10:00:50,970 [INFO] 商品标题已保存到文件: /home/runner/work/good-monitor/good-monitor/tmp/good-monitor/arcteryx_official_titles.json
2026-04-22 11:00:46,119 [INFO] 日志系统初始化完成
2026-04-22 11:00:46,120 [INFO] === 开始一次商品监控 ===
2026-04-22 11:00:46,626 [INFO] 打开页面: https://outlet.arcteryx.com/ca/zh/c/mens/shell-jackets
2026-04-22 11:00:49,741 [INFO] 等待首屏商品渲染…
2026-04-22 11:00:50,062 [INFO] 开始自动滚动加载所有商品…
2026-04-22 11:00:51,761 [INFO] 抓取到 14 个商品名称
2026-04-22 11:00:51,761 [INFO] 从文件加载商品标题，共 14 项
2026-04-22 11:00:51,762 [INFO] 商品标题已保存到文件: /home/runner/work/good-monitor/good-monitor/tmp/good-monitor/arcteryx_official_titles.json
2026-04-22 12:00:41,263 [INFO] 日志系统初始化完成
2026-04-22 12:00:41,263 [INFO] === 开始一次商品监控 ===
2026-04-22 12:00:41,772 [INFO] 打开页面: https://outlet.arcteryx.com/ca/zh/c/mens/shell-jackets
2026-04-22 12:00:45,050 [INFO] 等待首屏商品渲染…
2026-04-22 12:00:45,352 [INFO] 开始自动滚动加载所有商品…
2026-04-22 12:00:47,022 [INFO] 抓取到 14 个商品名称
2026-04-22 12:00:47,022 [INFO] 从文件加载商品标题，共 14 项
2026-04-22 12:00:47,022 [INFO] 商品标题已保存到文件: /home/runner/work/good-monitor/good-monitor/tmp/good-monitor/arcteryx_official_titles.json
2026-04-22 13:00:41,184 [INFO] 日志系统初始化完成
2026-04-22 13:00:41,184 [INFO] === 开始一次商品监控 ===
2026-04-22 13:00:41,716 [INFO] 打开页面: https://outlet.arcteryx.com/ca/zh/c/mens/shell-jackets
2026-04-22 13:00:43,442 [INFO] 等待首屏商品渲染…
2026-04-22 13:00:43,785 [INFO] 开始自动滚动加载所有商品…
2026-04-22 13:00:46,400 [INFO] 抓取到 14 个商品名称
2026-04-22 13:00:46,400 [INFO] 从文件加载商品标题，共 14 项
2026-04-22 13:00:46,400 [INFO] 商品标题已保存到文件: /home/runner/work/good-monitor/good-monitor/tmp/good-monitor/arcteryx_official_titles.json
2026-04-22 14:00:44,744 [INFO] 日志系统初始化完成
2026-04-22 14:00:44,744 [INFO] === 开始一次商品监控 ===
2026-04-22 14:00:45,266 [INFO] 打开页面: https://outlet.arcteryx.com/ca/zh/c/mens/shell-jackets
2026-04-22 14:00:48,974 [INFO] 等待首屏商品渲染…
2026-04-22 14:00:49,112 [INFO] 开始自动滚动加载所有商品…
2026-04-22 14:00:51,627 [INFO] 抓取到 14 个商品名称
2026-04-22 14:00:51,627 [INFO] 从文件加载商品标题，共 14 项
2026-04-22 14:00:51,627 [INFO] 商品标题已保存到文件: /home/runner/work/good-monitor/good-monitor/tmp/good-monitor/arcteryx_official_titles.json
2026-04-22 15:00:50,143 [INFO] 日志系统初始化完成
2026-04-22 15:00:50,143 [INFO] === 开始一次商品监控 ===
2026-04-22 15:00:50,655 [INFO] 打开页面: https://outlet.arcteryx.com/ca/zh/c/mens/shell-jackets
2026-04-22 15:00:53,906 [INFO] 等待首屏商品渲染…
2026-04-22 15:00:53,939 [INFO] 开始自动滚动加载所有商品…
2026-04-22 15:00:55,601 [INFO] 抓取到 14 个商品名称
2026-04-22 15:00:55,601 [INFO] 从文件加载商品标题，共 14 项
2026-04-22 15:00:55,602 [INFO] 商品标题已保存到文件: /home/runner/work/good-monitor/good-monitor/tmp/good-monitor/arcteryx_official_titles.json
2026-04-22 16:00:51,272 [INFO] 日志系统初始化完成
2026-04-22 16:00:51,273 [INFO] === 开始一次商品监控 ===
2026-04-22 16:00:51,765 [INFO] 打开页面: https://outlet.arcteryx.com/ca/zh/c/mens/shell-jackets
2026-04-22 16:00:53,894 [INFO] 等待首屏商品渲染…
2026-04-22 16:00:55,027 [INFO] 开始自动滚动加载所有商品…
2026-04-22 16:00:57,536 [INFO] 抓取到 14 个商品名称
2026-04-22 16:00:57,537 [INFO] 从文件加载商品标题，共 14 项
2026-04-22 16:00:57,537 [INFO] 商品标题已保存到文件: /home/runner/work/good-monitor/good-monitor/tmp/good-monitor/arcteryx_official_titles.json
2026-04-22 17:00:45,680 [INFO] 日志系统初始化完成
2026-04-22 17:00:45,681 [INFO] === 开始一次商品监控 ===
2026-04-22 17:00:46,210 [INFO] 打开页面: https://outlet.arcteryx.com/ca/zh/c/mens/shell-jackets
2026-04-22 17:00:48,810 [INFO] 等待首屏商品渲染…
2026-04-22 17:00:50,025 [INFO] 开始自动滚动加载所有商品…
2026-04-22 17:00:51,726 [INFO] 抓取到 14 个商品名称
2026-04-22 17:00:51,726 [INFO] 从文件加载商品标题，共 14 项
2026-04-22 17:00:51,726 [INFO] 商品标题已保存到文件: /home/runner/work/good-monitor/good-monitor/tmp/good-monitor/arcteryx_official_titles.json
2026-04-22 18:00:45,890 [INFO] 日志系统初始化完成
2026-04-22 18:00:45,890 [INFO] === 开始一次商品监控 ===
2026-04-22 18:00:46,462 [INFO] 打开页面: https://outlet.arcteryx.com/ca/zh/c/mens/shell-jackets
2026-04-22 18:00:49,277 [INFO] 等待首屏商品渲染…
2026-04-22 18:00:50,967 [INFO] 开始自动滚动加载所有商品…
2026-04-22 18:00:52,765 [INFO] 抓取到 14 个商品名称
2026-04-22 18:00:52,765 [INFO] 从文件加载商品标题，共 14 项
2026-04-22 18:00:52,765 [INFO] 商品标题已保存到文件: /home/runner/work/good-monitor/good-monitor/tmp/good-monitor/arcteryx_official_titles.json
2026-04-22 19:00:46,055 [INFO] 日志系统初始化完成
2026-04-22 19:00:46,055 [INFO] === 开始一次商品监控 ===
2026-04-22 19:00:46,522 [INFO] 打开页面: https://outlet.arcteryx.com/ca/zh/c/mens/shell-jackets
2026-04-22 19:00:49,461 [INFO] 等待首屏商品渲染…
2026-04-22 19:00:50,669 [INFO] 开始自动滚动加载所有商品…
2026-04-22 19:00:52,366 [INFO] 抓取到 14 个商品名称
2026-04-22 19:00:52,366 [INFO] 从文件加载商品标题，共 14 项
2026-04-22 19:00:52,366 [INFO] 商品标题已保存到文件: /home/runner/work/good-monitor/good-monitor/tmp/good-monitor/arcteryx_official_titles.json
2026-04-22 20:00:41,899 [INFO] 日志系统初始化完成
2026-04-22 20:00:41,899 [INFO] === 开始一次商品监控 ===
2026-04-22 20:00:42,401 [INFO] 打开页面: https://outlet.arcteryx.com/ca/zh/c/mens/shell-jackets
2026-04-22 20:00:45,294 [INFO] 等待首屏商品渲染…
2026-04-22 20:00:46,444 [INFO] 开始自动滚动加载所有商品…
2026-04-22 20:00:48,119 [INFO] 抓取到 14 个商品名称
2026-04-22 20:00:48,119 [INFO] 从文件加载商品标题，共 14 项
2026-04-22 20:00:48,120 [INFO] 商品标题已保存到文件: /home/runner/work/good-monitor/good-monitor/tmp/good-monitor/arcteryx_official_titles.json
2026-04-22 21:00:54,303 [INFO] 日志系统初始化完成
2026-04-22 21:00:54,303 [INFO] === 开始一次商品监控 ===
2026-04-22 21:00:54,833 [INFO] 打开页面: https://outlet.arcteryx.com/ca/zh/c/mens/shell-jackets
2026-04-22 21:00:57,677 [INFO] 等待首屏商品渲染…
2026-04-22 21:00:58,849 [INFO] 开始自动滚动加载所有商品…
2026-04-22 21:01:00,612 [INFO] 抓取到 14 个商品名称
2026-04-22 21:01:00,612 [INFO] 从文件加载商品标题，共 14 项
2026-04-22 21:01:00,612 [INFO] 商品标题已保存到文件: /home/runner/work/good-monitor/good-monitor/tmp/good-monitor/arcteryx_official_titles.json
2026-04-22 22:00:54,814 [INFO] 日志系统初始化完成
2026-04-22 22:00:54,814 [INFO] === 开始一次商品监控 ===
2026-04-22 22:00:55,309 [INFO] 打开页面: https://outlet.arcteryx.com/ca/zh/c/mens/shell-jackets
2026-04-22 22:00:59,453 [INFO] 等待首屏商品渲染…
2026-04-22 22:00:59,507 [INFO] 开始自动滚动加载所有商品…
2026-04-22 22:01:01,211 [INFO] 抓取到 14 个商品名称
2026-04-22 22:01:01,211 [INFO] 从文件加载商品标题，共 14 项
2026-04-22 22:01:01,211 [INFO] 商品标题已保存到文件: /home/runner/work/good-monitor/good-monitor/tmp/good-monitor/arcteryx_official_titles.json
2026-04-22 23:00:49,025 [INFO] 日志系统初始化完成
2026-04-22 23:00:49,025 [INFO] === 开始一次商品监控 ===
2026-04-22 23:00:49,504 [INFO] 打开页面: https://outlet.arcteryx.com/ca/zh/c/mens/shell-jackets
2026-04-22 23:00:53,255 [INFO] 等待首屏商品渲染…
2026-04-22 23:00:53,309 [INFO] 开始自动滚动加载所有商品…
2026-04-22 23:00:55,008 [INFO] 抓取到 14 个商品名称
2026-04-22 23:00:55,009 [INFO] 从文件加载商品标题，共 14 项
2026-04-22 23:00:55,009 [INFO] 商品标题已保存到文件: /home/runner/work/good-monitor/good-monitor/tmp/good-monitor/arcteryx_official_titles.json
2026-04-23 00:00:39,776 [INFO] 日志系统初始化完成
2026-04-23 00:00:39,777 [INFO] === 开始一次商品监控 ===
2026-04-23 00:00:40,258 [INFO] 打开页面: https://outlet.arcteryx.com/ca/zh/c/mens/shell-jackets
2026-04-23 00:00:42,434 [INFO] 等待首屏商品渲染…
2026-04-23 00:00:44,185 [INFO] 开始自动滚动加载所有商品…
2026-04-23 00:00:45,866 [INFO] 抓取到 14 个商品名称
2026-04-23 00:00:45,866 [INFO] 从文件加载商品标题，共 14 项
2026-04-23 00:00:45,866 [INFO] 商品标题已保存到文件: /home/runner/work/good-monitor/good-monitor/tmp/good-monitor/arcteryx_official_titles.json
2026-04-23 01:00:45,112 [INFO] 日志系统初始化完成
2026-04-23 01:00:45,113 [INFO] === 开始一次商品监控 ===
2026-04-23 01:00:45,592 [INFO] 打开页面: https://outlet.arcteryx.com/ca/zh/c/mens/shell-jackets
2026-04-23 01:00:47,965 [INFO] 等待首屏商品渲染…
2026-04-23 01:00:49,652 [INFO] 开始自动滚动加载所有商品…
2026-04-23 01:00:51,334 [INFO] 抓取到 14 个商品名称
2026-04-23 01:00:51,334 [INFO] 从文件加载商品标题，共 14 项
2026-04-23 01:00:51,335 [INFO] 商品标题已保存到文件: /home/runner/work/good-monitor/good-monitor/tmp/good-monitor/arcteryx_official_titles.json
2026-04-23 02:00:47,433 [INFO] 日志系统初始化完成
2026-04-23 02:00:47,433 [INFO] === 开始一次商品监控 ===
2026-04-23 02:00:47,928 [INFO] 打开页面: https://outlet.arcteryx.com/ca/zh/c/mens/shell-jackets
2026-04-23 02:00:50,691 [INFO] 等待首屏商品渲染…
2026-04-23 02:00:52,607 [INFO] 开始自动滚动加载所有商品…
2026-04-23 02:00:54,323 [INFO] 抓取到 14 个商品名称
2026-04-23 02:00:54,323 [INFO] 从文件加载商品标题，共 14 项
2026-04-23 02:00:54,324 [INFO] 商品标题已保存到文件: /home/runner/work/good-monitor/good-monitor/tmp/good-monitor/arcteryx_official_titles.json
2026-04-23 03:00:46,630 [INFO] 日志系统初始化完成
2026-04-23 03:00:46,630 [INFO] === 开始一次商品监控 ===
2026-04-23 03:00:47,106 [INFO] 打开页面: https://outlet.arcteryx.com/ca/zh/c/mens/shell-jackets
2026-04-23 03:00:48,514 [INFO] 等待首屏商品渲染…
2026-04-23 03:00:50,963 [INFO] 开始自动滚动加载所有商品…
2026-04-23 03:00:52,725 [INFO] 抓取到 14 个商品名称
2026-04-23 03:00:52,726 [INFO] 从文件加载商品标题，共 14 项
2026-04-23 03:00:52,726 [INFO] 商品标题已保存到文件: /home/runner/work/good-monitor/good-monitor/tmp/good-monitor/arcteryx_official_titles.json
2026-04-23 04:00:42,191 [INFO] 日志系统初始化完成
2026-04-23 04:00:42,191 [INFO] === 开始一次商品监控 ===
2026-04-23 04:00:42,629 [INFO] 打开页面: https://outlet.arcteryx.com/ca/zh/c/mens/shell-jackets
2026-04-23 04:00:44,940 [INFO] 等待首屏商品渲染…
2026-04-23 04:00:46,538 [INFO] 开始自动滚动加载所有商品…
2026-04-23 04:00:48,387 [INFO] 抓取到 14 个商品名称
2026-04-23 04:00:48,388 [INFO] 从文件加载商品标题，共 14 项
2026-04-23 04:00:48,388 [INFO] 商品标题已保存到文件: /home/runner/work/good-monitor/good-monitor/tmp/good-monitor/arcteryx_official_titles.json
2026-04-23 05:00:37,410 [INFO] 日志系统初始化完成
2026-04-23 05:00:37,410 [INFO] === 开始一次商品监控 ===
2026-04-23 05:00:37,906 [INFO] 打开页面: https://outlet.arcteryx.com/ca/zh/c/mens/shell-jackets
2026-04-23 05:00:40,956 [INFO] 等待首屏商品渲染…
2026-04-23 05:00:42,607 [INFO] 开始自动滚动加载所有商品…
2026-04-23 05:00:44,365 [INFO] 抓取到 14 个商品名称
2026-04-23 05:00:44,365 [INFO] 从文件加载商品标题，共 14 项
2026-04-23 05:00:44,365 [INFO] 商品标题已保存到文件: /home/runner/work/good-monitor/good-monitor/tmp/good-monitor/arcteryx_official_titles.json
2026-04-23 06:00:45,958 [INFO] 日志系统初始化完成
2026-04-23 06:00:45,958 [INFO] === 开始一次商品监控 ===
2026-04-23 06:00:46,434 [INFO] 打开页面: https://outlet.arcteryx.com/ca/zh/c/mens/shell-jackets
2026-04-23 06:00:49,353 [INFO] 等待首屏商品渲染…
2026-04-23 06:00:51,039 [INFO] 开始自动滚动加载所有商品…
2026-04-23 06:00:53,532 [INFO] 抓取到 14 个商品名称
2026-04-23 06:00:53,532 [INFO] 从文件加载商品标题，共 14 项
2026-04-23 06:00:53,533 [INFO] 商品标题已保存到文件: /home/runner/work/good-monitor/good-monitor/tmp/good-monitor/arcteryx_official_titles.json
2026-04-23 07:00:43,278 [INFO] 日志系统初始化完成
2026-04-23 07:00:43,278 [INFO] === 开始一次商品监控 ===
2026-04-23 07:00:43,789 [INFO] 打开页面: https://outlet.arcteryx.com/ca/zh/c/mens/shell-jackets
2026-04-23 07:00:47,962 [INFO] 等待首屏商品渲染…
2026-04-23 07:00:48,011 [INFO] 开始自动滚动加载所有商品…
2026-04-23 07:00:49,706 [INFO] 抓取到 14 个商品名称
2026-04-23 07:00:49,707 [INFO] 从文件加载商品标题，共 14 项
2026-04-23 07:00:49,707 [INFO] 商品标题已保存到文件: /home/runner/work/good-monitor/good-monitor/tmp/good-monitor/arcteryx_official_titles.json
2026-04-23 08:00:43,150 [INFO] 日志系统初始化完成
2026-04-23 08:00:43,150 [INFO] === 开始一次商品监控 ===
2026-04-23 08:00:43,638 [INFO] 打开页面: https://outlet.arcteryx.com/ca/zh/c/mens/shell-jackets
2026-04-23 08:00:46,361 [INFO] 等待首屏商品渲染…
2026-04-23 08:00:47,557 [INFO] 开始自动滚动加载所有商品…
2026-04-23 08:00:49,238 [INFO] 抓取到 14 个商品名称
2026-04-23 08:00:49,238 [INFO] 从文件加载商品标题，共 14 项
2026-04-23 08:00:49,238 [INFO] 商品标题已保存到文件: /home/runner/work/good-monitor/good-monitor/tmp/good-monitor/arcteryx_official_titles.json
2026-04-23 09:00:43,105 [INFO] 日志系统初始化完成
2026-04-23 09:00:43,105 [INFO] === 开始一次商品监控 ===
2026-04-23 09:00:44,010 [INFO] 打开页面: https://outlet.arcteryx.com/ca/zh/c/mens/shell-jackets
2026-04-23 09:00:46,848 [INFO] 等待首屏商品渲染…
2026-04-23 09:00:48,594 [INFO] 开始自动滚动加载所有商品…
2026-04-23 09:00:50,269 [INFO] 抓取到 14 个商品名称
2026-04-23 09:00:50,270 [INFO] 从文件加载商品标题，共 14 项
2026-04-23 09:00:50,270 [INFO] 商品标题已保存到文件: /home/runner/work/good-monitor/good-monitor/tmp/good-monitor/arcteryx_official_titles.json
2026-04-23 10:00:43,395 [INFO] 日志系统初始化完成
2026-04-23 10:00:43,395 [INFO] === 开始一次商品监控 ===
2026-04-23 10:00:43,868 [INFO] 打开页面: https://outlet.arcteryx.com/ca/zh/c/mens/shell-jackets
2026-04-23 10:00:46,606 [INFO] 等待首屏商品渲染…
2026-04-23 10:00:46,906 [INFO] 开始自动滚动加载所有商品…
2026-04-23 10:00:49,402 [INFO] 抓取到 14 个商品名称
2026-04-23 10:00:49,403 [INFO] 从文件加载商品标题，共 14 项
2026-04-23 10:00:49,403 [INFO] 商品标题已保存到文件: /home/runner/work/good-monitor/good-monitor/tmp/good-monitor/arcteryx_official_titles.json
2026-04-23 11:00:44,039 [INFO] 日志系统初始化完成
2026-04-23 11:00:44,039 [INFO] === 开始一次商品监控 ===
2026-04-23 11:00:44,553 [INFO] 打开页面: https://outlet.arcteryx.com/ca/zh/c/mens/shell-jackets
2026-04-23 11:00:47,407 [INFO] 等待首屏商品渲染…
2026-04-23 11:00:48,624 [INFO] 开始自动滚动加载所有商品…
2026-04-23 11:00:50,304 [INFO] 抓取到 14 个商品名称
2026-04-23 11:00:50,304 [INFO] 从文件加载商品标题，共 14 项
2026-04-23 11:00:50,304 [INFO] 商品标题已保存到文件: /home/runner/work/good-monitor/good-monitor/tmp/good-monitor/arcteryx_official_titles.json
2026-04-23 12:00:39,957 [INFO] 日志系统初始化完成
2026-04-23 12:00:39,957 [INFO] === 开始一次商品监控 ===
2026-04-23 12:00:40,452 [INFO] 打开页面: https://outlet.arcteryx.com/ca/zh/c/mens/shell-jackets
2026-04-23 12:00:44,516 [INFO] 等待首屏商品渲染…
2026-04-23 12:00:44,554 [INFO] 开始自动滚动加载所有商品…
2026-04-23 12:00:47,025 [INFO] 抓取到 14 个商品名称
2026-04-23 12:00:47,026 [INFO] 从文件加载商品标题，共 14 项
2026-04-23 12:00:47,026 [INFO] 商品标题已保存到文件: /home/runner/work/good-monitor/good-monitor/tmp/good-monitor/arcteryx_official_titles.json
2026-04-23 13:00:49,339 [INFO] 日志系统初始化完成
2026-04-23 13:00:49,339 [INFO] === 开始一次商品监控 ===
2026-04-23 13:00:49,845 [INFO] 打开页面: https://outlet.arcteryx.com/ca/zh/c/mens/shell-jackets
2026-04-23 13:00:53,602 [INFO] 等待首屏商品渲染…
2026-04-23 13:00:53,643 [INFO] 开始自动滚动加载所有商品…
2026-04-23 13:00:55,324 [INFO] 抓取到 14 个商品名称
2026-04-23 13:00:55,324 [INFO] 从文件加载商品标题，共 14 项
2026-04-23 13:00:55,324 [INFO] 商品标题已保存到文件: /home/runner/work/good-monitor/good-monitor/tmp/good-monitor/arcteryx_official_titles.json
2026-04-23 14:00:54,183 [INFO] 日志系统初始化完成
2026-04-23 14:00:54,183 [INFO] === 开始一次商品监控 ===
2026-04-23 14:00:54,569 [INFO] 打开页面: https://outlet.arcteryx.com/ca/zh/c/mens/shell-jackets
2026-04-23 14:00:57,031 [INFO] 等待首屏商品渲染…
2026-04-23 14:00:57,104 [INFO] 开始自动滚动加载所有商品…
2026-04-23 14:00:58,777 [INFO] 抓取到 14 个商品名称
2026-04-23 14:00:58,777 [INFO] 从文件加载商品标题，共 14 项
2026-04-23 14:00:58,778 [INFO] 商品标题已保存到文件: /home/runner/work/good-monitor/good-monitor/tmp/good-monitor/arcteryx_official_titles.json
2026-04-23 15:00:52,669 [INFO] 日志系统初始化完成
2026-04-23 15:00:52,669 [INFO] === 开始一次商品监控 ===
2026-04-23 15:00:53,165 [INFO] 打开页面: https://outlet.arcteryx.com/ca/zh/c/mens/shell-jackets
2026-04-23 15:00:56,854 [INFO] 等待首屏商品渲染…
2026-04-23 15:00:56,914 [INFO] 开始自动滚动加载所有商品…
2026-04-23 15:00:58,596 [INFO] 抓取到 14 个商品名称
2026-04-23 15:00:58,596 [INFO] 从文件加载商品标题，共 14 项
2026-04-23 15:00:58,596 [INFO] 商品标题已保存到文件: /home/runner/work/good-monitor/good-monitor/tmp/good-monitor/arcteryx_official_titles.json
2026-04-23 16:00:48,874 [INFO] 日志系统初始化完成
2026-04-23 16:00:48,875 [INFO] === 开始一次商品监控 ===
2026-04-23 16:00:49,351 [INFO] 打开页面: https://outlet.arcteryx.com/ca/zh/c/mens/shell-jackets
2026-04-23 16:00:52,056 [INFO] 等待首屏商品渲染…
2026-04-23 16:00:53,707 [INFO] 开始自动滚动加载所有商品…
2026-04-23 16:00:55,405 [INFO] 抓取到 14 个商品名称
2026-04-23 16:00:55,406 [INFO] 从文件加载商品标题，共 14 项
2026-04-23 16:00:55,406 [INFO] 商品标题已保存到文件: /home/runner/work/good-monitor/good-monitor/tmp/good-monitor/arcteryx_official_titles.json
2026-04-23 17:00:45,064 [INFO] 日志系统初始化完成
2026-04-23 17:00:45,064 [INFO] === 开始一次商品监控 ===
2026-04-23 17:00:45,562 [INFO] 打开页面: https://outlet.arcteryx.com/ca/zh/c/mens/shell-jackets
2026-04-23 17:00:48,757 [INFO] 等待首屏商品渲染…
2026-04-23 17:00:50,434 [INFO] 开始自动滚动加载所有商品…
2026-04-23 17:00:52,127 [INFO] 抓取到 14 个商品名称
2026-04-23 17:00:52,127 [INFO] 从文件加载商品标题，共 14 项
2026-04-23 17:00:52,128 [INFO] 商品标题已保存到文件: /home/runner/work/good-monitor/good-monitor/tmp/good-monitor/arcteryx_official_titles.json
2026-04-23 18:00:48,354 [INFO] 日志系统初始化完成
2026-04-23 18:00:48,354 [INFO] === 开始一次商品监控 ===
2026-04-23 18:00:48,849 [INFO] 打开页面: https://outlet.arcteryx.com/ca/zh/c/mens/shell-jackets
2026-04-23 18:00:51,843 [INFO] 等待首屏商品渲染…
2026-04-23 18:00:53,564 [INFO] 开始自动滚动加载所有商品…
2026-04-23 18:00:55,280 [INFO] 抓取到 14 个商品名称
2026-04-23 18:00:55,280 [INFO] 从文件加载商品标题，共 14 项
2026-04-23 18:00:55,281 [INFO] 商品标题已保存到文件: /home/runner/work/good-monitor/good-monitor/tmp/good-monitor/arcteryx_official_titles.json
2026-04-23 19:00:46,734 [INFO] 日志系统初始化完成
2026-04-23 19:00:46,734 [INFO] === 开始一次商品监控 ===
2026-04-23 19:00:47,235 [INFO] 打开页面: https://outlet.arcteryx.com/ca/zh/c/mens/shell-jackets
2026-04-23 19:00:49,908 [INFO] 等待首屏商品渲染…
2026-04-23 19:00:50,828 [INFO] 开始自动滚动加载所有商品…
2026-04-23 19:00:53,483 [INFO] 抓取到 14 个商品名称
2026-04-23 19:00:53,484 [INFO] 从文件加载商品标题，共 14 项
2026-04-23 19:00:53,484 [INFO] 商品标题已保存到文件: /home/runner/work/good-monitor/good-monitor/tmp/good-monitor/arcteryx_official_titles.json
2026-04-23 20:00:45,485 [INFO] 日志系统初始化完成
2026-04-23 20:00:45,485 [INFO] === 开始一次商品监控 ===
2026-04-23 20:00:45,979 [INFO] 打开页面: https://outlet.arcteryx.com/ca/zh/c/mens/shell-jackets
2026-04-23 20:00:48,477 [INFO] 等待首屏商品渲染…
2026-04-23 20:00:50,127 [INFO] 开始自动滚动加载所有商品…
2026-04-23 20:00:51,847 [INFO] 抓取到 14 个商品名称
2026-04-23 20:00:51,847 [INFO] 从文件加载商品标题，共 14 项
2026-04-23 20:00:51,847 [INFO] 商品标题已保存到文件: /home/runner/work/good-monitor/good-monitor/tmp/good-monitor/arcteryx_official_titles.json
2026-04-23 21:00:54,807 [INFO] 日志系统初始化完成
2026-04-23 21:00:54,807 [INFO] === 开始一次商品监控 ===
2026-04-23 21:00:55,272 [INFO] 打开页面: https://outlet.arcteryx.com/ca/zh/c/mens/shell-jackets
2026-04-23 21:00:57,740 [INFO] 等待首屏商品渲染…
2026-04-23 21:00:58,831 [INFO] 开始自动滚动加载所有商品…
2026-04-23 21:01:00,496 [INFO] 抓取到 14 个商品名称
2026-04-23 21:01:00,496 [INFO] 从文件加载商品标题，共 14 项
2026-04-23 21:01:00,496 [INFO] 商品标题已保存到文件: /home/runner/work/good-monitor/good-monitor/tmp/good-monitor/arcteryx_official_titles.json
2026-04-23 22:00:46,212 [INFO] 日志系统初始化完成
2026-04-23 22:00:46,213 [INFO] === 开始一次商品监控 ===
2026-04-23 22:00:46,694 [INFO] 打开页面: https://outlet.arcteryx.com/ca/zh/c/mens/shell-jackets
2026-04-23 22:00:49,244 [INFO] 等待首屏商品渲染…
2026-04-23 22:00:50,548 [INFO] 开始自动滚动加载所有商品…
2026-04-23 22:00:52,314 [INFO] 抓取到 14 个商品名称
2026-04-23 22:00:52,314 [INFO] 从文件加载商品标题，共 14 项
2026-04-23 22:00:52,315 [INFO] 商品标题已保存到文件: /home/runner/work/good-monitor/good-monitor/tmp/good-monitor/arcteryx_official_titles.json
2026-04-23 23:00:40,473 [INFO] 日志系统初始化完成
2026-04-23 23:00:40,473 [INFO] === 开始一次商品监控 ===
2026-04-23 23:00:40,959 [INFO] 打开页面: https://outlet.arcteryx.com/ca/zh/c/mens/shell-jackets
2026-04-23 23:00:44,056 [INFO] 等待首屏商品渲染…
2026-04-23 23:00:45,767 [INFO] 开始自动滚动加载所有商品…
2026-04-23 23:00:47,500 [INFO] 抓取到 14 个商品名称
2026-04-23 23:00:47,500 [INFO] 从文件加载商品标题，共 14 项
2026-04-23 23:00:47,500 [INFO] 商品标题已保存到文件: /home/runner/work/good-monitor/good-monitor/tmp/good-monitor/arcteryx_official_titles.json
2026-04-24 00:00:36,999 [INFO] 日志系统初始化完成
2026-04-24 00:00:36,999 [INFO] === 开始一次商品监控 ===
2026-04-24 00:00:37,416 [INFO] 打开页面: https://outlet.arcteryx.com/ca/zh/c/mens/shell-jackets
2026-04-24 00:00:41,995 [INFO] 等待首屏商品渲染…
2026-04-24 00:00:42,028 [INFO] 开始自动滚动加载所有商品…
2026-04-24 00:00:43,703 [INFO] 抓取到 14 个商品名称
2026-04-24 00:00:43,703 [INFO] 从文件加载商品标题，共 14 项
2026-04-24 00:00:43,703 [INFO] 商品标题已保存到文件: /home/runner/work/good-monitor/good-monitor/tmp/good-monitor/arcteryx_official_titles.json
2026-04-24 01:00:48,507 [INFO] 日志系统初始化完成
2026-04-24 01:00:48,507 [INFO] === 开始一次商品监控 ===
2026-04-24 01:00:48,995 [INFO] 打开页面: https://outlet.arcteryx.com/ca/zh/c/mens/shell-jackets
2026-04-24 01:00:52,169 [INFO] 等待首屏商品渲染…
2026-04-24 01:00:52,222 [INFO] 开始自动滚动加载所有商品…
2026-04-24 01:00:53,900 [INFO] 抓取到 14 个商品名称
2026-04-24 01:00:53,900 [INFO] 从文件加载商品标题，共 14 项
2026-04-24 01:00:53,901 [INFO] 商品标题已保存到文件: /home/runner/work/good-monitor/good-monitor/tmp/good-monitor/arcteryx_official_titles.json
2026-04-24 02:00:44,159 [INFO] 日志系统初始化完成
2026-04-24 02:00:44,159 [INFO] === 开始一次商品监控 ===
2026-04-24 02:00:44,588 [INFO] 打开页面: https://outlet.arcteryx.com/ca/zh/c/mens/shell-jackets
2026-04-24 02:00:47,235 [INFO] 等待首屏商品渲染…
2026-04-24 02:00:48,352 [INFO] 开始自动滚动加载所有商品…
2026-04-24 02:00:50,114 [INFO] 抓取到 14 个商品名称
2026-04-24 02:00:50,114 [INFO] 从文件加载商品标题，共 14 项
2026-04-24 02:00:50,114 [INFO] 商品标题已保存到文件: /home/runner/work/good-monitor/good-monitor/tmp/good-monitor/arcteryx_official_titles.json
2026-04-24 03:00:45,453 [INFO] 日志系统初始化完成
2026-04-24 03:00:45,453 [INFO] === 开始一次商品监控 ===
2026-04-24 03:00:45,948 [INFO] 打开页面: https://outlet.arcteryx.com/ca/zh/c/mens/shell-jackets
2026-04-24 03:00:48,587 [INFO] 等待首屏商品渲染…
2026-04-24 03:00:49,838 [INFO] 开始自动滚动加载所有商品…
2026-04-24 03:00:52,340 [INFO] 抓取到 14 个商品名称
2026-04-24 03:00:52,341 [INFO] 从文件加载商品标题，共 14 项
2026-04-24 03:00:52,341 [INFO] 商品标题已保存到文件: /home/runner/work/good-monitor/good-monitor/tmp/good-monitor/arcteryx_official_titles.json
2026-04-24 04:00:49,064 [INFO] 日志系统初始化完成
2026-04-24 04:00:49,065 [INFO] === 开始一次商品监控 ===
2026-04-24 04:00:49,544 [INFO] 打开页面: https://outlet.arcteryx.com/ca/zh/c/mens/shell-jackets
2026-04-24 04:00:52,505 [INFO] 等待首屏商品渲染…
2026-04-24 04:00:53,657 [INFO] 开始自动滚动加载所有商品…
2026-04-24 04:00:56,152 [INFO] 抓取到 14 个商品名称
2026-04-24 04:00:56,152 [INFO] 从文件加载商品标题，共 14 项
2026-04-24 04:00:56,153 [INFO] 商品标题已保存到文件: /home/runner/work/good-monitor/good-monitor/tmp/good-monitor/arcteryx_official_titles.json
2026-04-24 05:00:45,185 [INFO] 日志系统初始化完成
2026-04-24 05:00:45,185 [INFO] === 开始一次商品监控 ===
2026-04-24 05:00:45,650 [INFO] 打开页面: https://outlet.arcteryx.com/ca/zh/c/mens/shell-jackets
2026-04-24 05:00:49,350 [INFO] 等待首屏商品渲染…
2026-04-24 05:00:49,427 [INFO] 开始自动滚动加载所有商品…
2026-04-24 05:00:51,918 [INFO] 抓取到 14 个商品名称
2026-04-24 05:00:51,918 [INFO] 从文件加载商品标题，共 14 项
2026-04-24 05:00:51,918 [INFO] 商品标题已保存到文件: /home/runner/work/good-monitor/good-monitor/tmp/good-monitor/arcteryx_official_titles.json
2026-04-24 06:00:46,302 [INFO] 日志系统初始化完成
2026-04-24 06:00:46,303 [INFO] === 开始一次商品监控 ===
2026-04-24 06:00:46,781 [INFO] 打开页面: https://outlet.arcteryx.com/ca/zh/c/mens/shell-jackets
2026-04-24 06:00:50,781 [INFO] 等待首屏商品渲染…
2026-04-24 06:00:50,837 [INFO] 开始自动滚动加载所有商品…
2026-04-24 06:00:53,372 [INFO] 抓取到 14 个商品名称
2026-04-24 06:00:53,372 [INFO] 从文件加载商品标题，共 14 项
2026-04-24 06:00:53,372 [INFO] 商品标题已保存到文件: /home/runner/work/good-monitor/good-monitor/tmp/good-monitor/arcteryx_official_titles.json
2026-04-24 07:00:38,257 [INFO] 日志系统初始化完成
2026-04-24 07:00:38,257 [INFO] === 开始一次商品监控 ===
2026-04-24 07:00:38,759 [INFO] 打开页面: https://outlet.arcteryx.com/ca/zh/c/mens/shell-jackets
2026-04-24 07:00:42,881 [INFO] 等待首屏商品渲染…
2026-04-24 07:00:42,969 [INFO] 开始自动滚动加载所有商品…
2026-04-24 07:00:45,488 [INFO] 抓取到 14 个商品名称
2026-04-24 07:00:45,489 [INFO] 从文件加载商品标题，共 14 项
2026-04-24 07:00:45,489 [INFO] 商品标题已保存到文件: /home/runner/work/good-monitor/good-monitor/tmp/good-monitor/arcteryx_official_titles.json
2026-04-24 08:00:51,404 [INFO] 日志系统初始化完成
2026-04-24 08:00:51,404 [INFO] === 开始一次商品监控 ===
2026-04-24 08:00:51,907 [INFO] 打开页面: https://outlet.arcteryx.com/ca/zh/c/mens/shell-jackets
2026-04-24 08:00:55,748 [INFO] 等待首屏商品渲染…
2026-04-24 08:00:55,812 [INFO] 开始自动滚动加载所有商品…
2026-04-24 08:00:57,509 [INFO] 抓取到 14 个商品名称
2026-04-24 08:00:57,510 [INFO] 从文件加载商品标题，共 14 项
2026-04-24 08:00:57,510 [INFO] 商品标题已保存到文件: /home/runner/work/good-monitor/good-monitor/tmp/good-monitor/arcteryx_official_titles.json
2026-04-24 09:00:43,216 [INFO] 日志系统初始化完成
2026-04-24 09:00:43,216 [INFO] === 开始一次商品监控 ===
2026-04-24 09:00:43,708 [INFO] 打开页面: https://outlet.arcteryx.com/ca/zh/c/mens/shell-jackets
2026-04-24 09:00:47,696 [INFO] 等待首屏商品渲染…
2026-04-24 09:00:47,728 [INFO] 开始自动滚动加载所有商品…
2026-04-24 09:00:49,471 [INFO] 抓取到 14 个商品名称
2026-04-24 09:00:49,471 [INFO] 从文件加载商品标题，共 14 项
2026-04-24 09:00:49,472 [INFO] 商品标题已保存到文件: /home/runner/work/good-monitor/good-monitor/tmp/good-monitor/arcteryx_official_titles.json
2026-04-24 10:00:44,384 [INFO] 日志系统初始化完成
2026-04-24 10:00:44,384 [INFO] === 开始一次商品监控 ===
2026-04-24 10:00:44,860 [INFO] 打开页面: https://outlet.arcteryx.com/ca/zh/c/mens/shell-jackets
2026-04-24 10:00:47,120 [INFO] 等待首屏商品渲染…
2026-04-24 10:00:48,244 [INFO] 开始自动滚动加载所有商品…
2026-04-24 10:00:50,023 [INFO] 抓取到 14 个商品名称
2026-04-24 10:00:50,023 [INFO] 从文件加载商品标题，共 14 项
2026-04-24 10:00:50,023 [INFO] 商品标题已保存到文件: /home/runner/work/good-monitor/good-monitor/tmp/good-monitor/arcteryx_official_titles.json
2026-04-24 11:00:43,637 [INFO] 日志系统初始化完成
2026-04-24 11:00:43,637 [INFO] === 开始一次商品监控 ===
2026-04-24 11:00:44,122 [INFO] 打开页面: https://outlet.arcteryx.com/ca/zh/c/mens/shell-jackets
2026-04-24 11:00:47,557 [INFO] 等待首屏商品渲染…
2026-04-24 11:00:47,624 [INFO] 开始自动滚动加载所有商品…
2026-04-24 11:00:49,324 [INFO] 抓取到 14 个商品名称
2026-04-24 11:00:49,324 [INFO] 从文件加载商品标题，共 14 项
2026-04-24 11:00:49,325 [INFO] 商品标题已保存到文件: /home/runner/work/good-monitor/good-monitor/tmp/good-monitor/arcteryx_official_titles.json
2026-04-24 12:00:38,859 [INFO] 日志系统初始化完成
2026-04-24 12:00:38,859 [INFO] === 开始一次商品监控 ===
2026-04-24 12:00:39,338 [INFO] 打开页面: https://outlet.arcteryx.com/ca/zh/c/mens/shell-jackets
2026-04-24 12:00:42,227 [INFO] 等待首屏商品渲染…
2026-04-24 12:00:43,983 [INFO] 开始自动滚动加载所有商品…
2026-04-24 12:00:46,630 [INFO] 抓取到 14 个商品名称
2026-04-24 12:00:46,630 [INFO] 从文件加载商品标题，共 14 项
2026-04-24 12:00:46,631 [INFO] 商品标题已保存到文件: /home/runner/work/good-monitor/good-monitor/tmp/good-monitor/arcteryx_official_titles.json
2026-04-24 13:00:50,174 [INFO] 日志系统初始化完成
2026-04-24 13:00:50,174 [INFO] === 开始一次商品监控 ===
2026-04-24 13:00:50,648 [INFO] 打开页面: https://outlet.arcteryx.com/ca/zh/c/mens/shell-jackets
2026-04-24 13:00:54,369 [INFO] 等待首屏商品渲染…
2026-04-24 13:00:54,428 [INFO] 开始自动滚动加载所有商品…
2026-04-24 13:00:56,925 [INFO] 抓取到 14 个商品名称
2026-04-24 13:00:56,926 [INFO] 从文件加载商品标题，共 14 项
2026-04-24 13:00:56,926 [INFO] 商品标题已保存到文件: /home/runner/work/good-monitor/good-monitor/tmp/good-monitor/arcteryx_official_titles.json
2026-04-24 14:00:52,611 [INFO] 日志系统初始化完成
2026-04-24 14:00:52,611 [INFO] === 开始一次商品监控 ===
2026-04-24 14:00:53,116 [INFO] 打开页面: https://outlet.arcteryx.com/ca/zh/c/mens/shell-jackets
2026-04-24 14:00:56,012 [INFO] 等待首屏商品渲染…
2026-04-24 14:00:57,669 [INFO] 开始自动滚动加载所有商品…
2026-04-24 14:00:59,352 [INFO] 抓取到 14 个商品名称
2026-04-24 14:00:59,353 [INFO] 从文件加载商品标题，共 14 项
2026-04-24 14:00:59,353 [INFO] 商品标题已保存到文件: /home/runner/work/good-monitor/good-monitor/tmp/good-monitor/arcteryx_official_titles.json
2026-04-24 15:00:59,038 [INFO] 日志系统初始化完成
2026-04-24 15:00:59,038 [INFO] === 开始一次商品监控 ===
2026-04-24 15:00:59,599 [INFO] 打开页面: https://outlet.arcteryx.com/ca/zh/c/mens/shell-jackets
2026-04-24 15:01:03,221 [INFO] 等待首屏商品渲染…
2026-04-24 15:01:04,296 [INFO] 开始自动滚动加载所有商品…
2026-04-24 15:01:06,768 [INFO] 抓取到 14 个商品名称
2026-04-24 15:01:06,768 [INFO] 从文件加载商品标题，共 14 项
2026-04-24 15:01:06,769 [INFO] 商品标题已保存到文件: /home/runner/work/good-monitor/good-monitor/tmp/good-monitor/arcteryx_official_titles.json
2026-04-24 16:00:41,724 [INFO] 日志系统初始化完成
2026-04-24 16:00:41,725 [INFO] === 开始一次商品监控 ===
2026-04-24 16:00:42,286 [INFO] 打开页面: https://outlet.arcteryx.com/ca/zh/c/mens/shell-jackets
2026-04-24 16:00:44,571 [INFO] 等待首屏商品渲染…
2026-04-24 16:00:46,296 [INFO] 开始自动滚动加载所有商品…
2026-04-24 16:00:47,995 [INFO] 抓取到 14 个商品名称
2026-04-24 16:00:47,995 [INFO] 从文件加载商品标题，共 14 项
2026-04-24 16:00:47,996 [INFO] 商品标题已保存到文件: /home/runner/work/good-monitor/good-monitor/tmp/good-monitor/arcteryx_official_titles.json
2026-04-24 17:00:58,231 [INFO] 日志系统初始化完成
2026-04-24 17:00:58,231 [INFO] === 开始一次商品监控 ===
2026-04-24 17:00:58,683 [INFO] 打开页面: https://outlet.arcteryx.com/ca/zh/c/mens/shell-jackets
2026-04-24 17:01:01,447 [INFO] 等待首屏商品渲染…
2026-04-24 17:01:01,770 [INFO] 开始自动滚动加载所有商品…
2026-04-24 17:01:03,449 [INFO] 抓取到 14 个商品名称
2026-04-24 17:01:03,449 [INFO] 从文件加载商品标题，共 14 项
2026-04-24 17:01:03,450 [INFO] 商品标题已保存到文件: /home/runner/work/good-monitor/good-monitor/tmp/good-monitor/arcteryx_official_titles.json
2026-04-24 18:00:46,114 [INFO] 日志系统初始化完成
2026-04-24 18:00:46,114 [INFO] === 开始一次商品监控 ===
2026-04-24 18:00:46,600 [INFO] 打开页面: https://outlet.arcteryx.com/ca/zh/c/mens/shell-jackets
2026-04-24 18:00:49,636 [INFO] 等待首屏商品渲染…
2026-04-24 18:00:50,760 [INFO] 开始自动滚动加载所有商品…
2026-04-24 18:00:52,656 [INFO] 抓取到 14 个商品名称
2026-04-24 18:00:52,656 [INFO] 从文件加载商品标题，共 14 项
2026-04-24 18:00:52,656 [INFO] 商品标题已保存到文件: /home/runner/work/good-monitor/good-monitor/tmp/good-monitor/arcteryx_official_titles.json
2026-04-24 19:00:41,978 [INFO] 日志系统初始化完成
2026-04-24 19:00:41,978 [INFO] === 开始一次商品监控 ===
2026-04-24 19:00:42,448 [INFO] 打开页面: https://outlet.arcteryx.com/ca/zh/c/mens/shell-jackets
2026-04-24 19:00:44,085 [INFO] 等待首屏商品渲染…
2026-04-24 19:00:44,366 [INFO] 开始自动滚动加载所有商品…
2026-04-24 19:00:46,353 [INFO] 抓取到 14 个商品名称
2026-04-24 19:00:46,353 [INFO] 从文件加载商品标题，共 14 项
2026-04-24 19:00:46,354 [INFO] 商品标题已保存到文件: /home/runner/work/good-monitor/good-monitor/tmp/good-monitor/arcteryx_official_titles.json
2026-04-24 20:00:51,905 [INFO] 日志系统初始化完成
2026-04-24 20:00:51,905 [INFO] === 开始一次商品监控 ===
2026-04-24 20:00:52,378 [INFO] 打开页面: https://outlet.arcteryx.com/ca/zh/c/mens/shell-jackets
2026-04-24 20:00:55,817 [INFO] 等待首屏商品渲染…
2026-04-24 20:00:55,849 [INFO] 开始自动滚动加载所有商品…
2026-04-24 20:00:57,530 [INFO] 抓取到 14 个商品名称
2026-04-24 20:00:57,530 [INFO] 从文件加载商品标题，共 14 项
2026-04-24 20:00:57,531 [INFO] 商品标题已保存到文件: /home/runner/work/good-monitor/good-monitor/tmp/good-monitor/arcteryx_official_titles.json
2026-04-24 21:00:49,112 [INFO] 日志系统初始化完成
2026-04-24 21:00:49,112 [INFO] === 开始一次商品监控 ===
2026-04-24 21:00:49,609 [INFO] 打开页面: https://outlet.arcteryx.com/ca/zh/c/mens/shell-jackets
2026-04-24 21:00:52,589 [INFO] 等待首屏商品渲染…
2026-04-24 21:00:52,640 [INFO] 开始自动滚动加载所有商品…
2026-04-24 21:00:54,322 [INFO] 抓取到 14 个商品名称
2026-04-24 21:00:54,322 [INFO] 从文件加载商品标题，共 14 项
2026-04-24 21:00:54,322 [INFO] 商品标题已保存到文件: /home/runner/work/good-monitor/good-monitor/tmp/good-monitor/arcteryx_official_titles.json
2026-04-24 22:00:43,096 [INFO] 日志系统初始化完成
2026-04-24 22:00:43,096 [INFO] === 开始一次商品监控 ===
2026-04-24 22:00:43,571 [INFO] 打开页面: https://outlet.arcteryx.com/ca/zh/c/mens/shell-jackets
2026-04-24 22:00:46,487 [INFO] 等待首屏商品渲染…
2026-04-24 22:00:48,299 [INFO] 开始自动滚动加载所有商品…
2026-04-24 22:00:50,002 [INFO] 抓取到 14 个商品名称
2026-04-24 22:00:50,003 [INFO] 从文件加载商品标题，共 14 项
2026-04-24 22:00:50,003 [INFO] 商品标题已保存到文件: /home/runner/work/good-monitor/good-monitor/tmp/good-monitor/arcteryx_official_titles.json
2026-04-24 23:00:42,812 [INFO] 日志系统初始化完成
2026-04-24 23:00:42,812 [INFO] === 开始一次商品监控 ===
2026-04-24 23:00:43,293 [INFO] 打开页面: https://outlet.arcteryx.com/ca/zh/c/mens/shell-jackets
2026-04-24 23:00:46,439 [INFO] 等待首屏商品渲染…
2026-04-24 23:00:48,186 [INFO] 开始自动滚动加载所有商品…
2026-04-24 23:00:49,869 [INFO] 抓取到 14 个商品名称
2026-04-24 23:00:49,869 [INFO] 从文件加载商品标题，共 14 项
2026-04-24 23:00:49,870 [INFO] 商品标题已保存到文件: /home/runner/work/good-monitor/good-monitor/tmp/good-monitor/arcteryx_official_titles.json
2026-04-25 00:00:38,733 [INFO] 日志系统初始化完成
2026-04-25 00:00:38,733 [INFO] === 开始一次商品监控 ===
2026-04-25 00:00:39,207 [INFO] 打开页面: https://outlet.arcteryx.com/ca/zh/c/mens/shell-jackets
2026-04-25 00:00:45,700 [INFO] 等待首屏商品渲染…
2026-04-25 00:00:45,769 [INFO] 开始自动滚动加载所有商品…
2026-04-25 00:00:48,254 [INFO] 抓取到 14 个商品名称
2026-04-25 00:00:48,255 [INFO] 从文件加载商品标题，共 14 项
2026-04-25 00:00:48,255 [INFO] 商品标题已保存到文件: /home/runner/work/good-monitor/good-monitor/tmp/good-monitor/arcteryx_official_titles.json
2026-04-25 01:00:54,896 [INFO] 日志系统初始化完成
2026-04-25 01:00:54,896 [INFO] === 开始一次商品监控 ===
2026-04-25 01:00:55,536 [INFO] 打开页面: https://outlet.arcteryx.com/ca/zh/c/mens/shell-jackets
2026-04-25 01:00:58,381 [INFO] 等待首屏商品渲染…
2026-04-25 01:00:59,323 [INFO] 开始自动滚动加载所有商品…
2026-04-25 01:01:01,037 [INFO] 抓取到 14 个商品名称
2026-04-25 01:01:01,037 [INFO] 从文件加载商品标题，共 14 项
2026-04-25 01:01:01,129 [INFO] 商品标题已保存到文件: /home/runner/work/good-monitor/good-monitor/tmp/good-monitor/arcteryx_official_titles.json
2026-04-25 02:00:45,365 [INFO] 日志系统初始化完成
2026-04-25 02:00:45,366 [INFO] === 开始一次商品监控 ===
2026-04-25 02:00:46,006 [INFO] 打开页面: https://outlet.arcteryx.com/ca/zh/c/mens/shell-jackets
2026-04-25 02:00:49,283 [INFO] 等待首屏商品渲染…
2026-04-25 02:00:50,964 [INFO] 开始自动滚动加载所有商品…
2026-04-25 02:00:52,646 [INFO] 抓取到 14 个商品名称
2026-04-25 02:00:52,646 [INFO] 从文件加载商品标题，共 14 项
2026-04-25 02:00:52,647 [INFO] 商品标题已保存到文件: /home/runner/work/good-monitor/good-monitor/tmp/good-monitor/arcteryx_official_titles.json
2026-04-25 03:00:47,957 [INFO] 日志系统初始化完成
2026-04-25 03:00:47,957 [INFO] === 开始一次商品监控 ===
2026-04-25 03:00:48,446 [INFO] 打开页面: https://outlet.arcteryx.com/ca/zh/c/mens/shell-jackets
2026-04-25 03:00:51,256 [INFO] 等待首屏商品渲染…
2026-04-25 03:00:53,121 [INFO] 开始自动滚动加载所有商品…
2026-04-25 03:00:54,857 [INFO] 抓取到 14 个商品名称
2026-04-25 03:00:54,857 [INFO] 从文件加载商品标题，共 14 项
2026-04-25 03:00:54,857 [INFO] 商品标题已保存到文件: /home/runner/work/good-monitor/good-monitor/tmp/good-monitor/arcteryx_official_titles.json
2026-04-25 04:00:46,919 [INFO] 日志系统初始化完成
2026-04-25 04:00:46,919 [INFO] === 开始一次商品监控 ===
2026-04-25 04:00:47,467 [INFO] 打开页面: https://outlet.arcteryx.com/ca/zh/c/mens/shell-jackets
2026-04-25 04:00:50,593 [INFO] 等待首屏商品渲染…
2026-04-25 04:00:52,224 [INFO] 开始自动滚动加载所有商品…
2026-04-25 04:00:53,931 [INFO] 抓取到 14 个商品名称
2026-04-25 04:00:53,931 [INFO] 从文件加载商品标题，共 14 项
2026-04-25 04:00:53,932 [INFO] 商品标题已保存到文件: /home/runner/work/good-monitor/good-monitor/tmp/good-monitor/arcteryx_official_titles.json
2026-04-25 05:00:47,381 [INFO] 日志系统初始化完成
2026-04-25 05:00:47,382 [INFO] === 开始一次商品监控 ===
2026-04-25 05:00:47,908 [INFO] 打开页面: https://outlet.arcteryx.com/ca/zh/c/mens/shell-jackets
2026-04-25 05:00:49,683 [INFO] 等待首屏商品渲染…
2026-04-25 05:00:50,899 [INFO] 开始自动滚动加载所有商品…
2026-04-25 05:00:52,774 [INFO] 抓取到 14 个商品名称
2026-04-25 05:00:52,774 [INFO] 从文件加载商品标题，共 14 项
2026-04-25 05:00:52,774 [INFO] 商品标题已保存到文件: /home/runner/work/good-monitor/good-monitor/tmp/good-monitor/arcteryx_official_titles.json
2026-04-25 06:00:39,245 [INFO] 日志系统初始化完成
2026-04-25 06:00:39,245 [INFO] === 开始一次商品监控 ===
2026-04-25 06:00:39,716 [INFO] 打开页面: https://outlet.arcteryx.com/ca/zh/c/mens/shell-jackets
2026-04-25 06:00:43,533 [INFO] 等待首屏商品渲染…
2026-04-25 06:00:43,603 [INFO] 开始自动滚动加载所有商品…
2026-04-25 06:00:46,106 [INFO] 抓取到 14 个商品名称
2026-04-25 06:00:46,106 [INFO] 从文件加载商品标题，共 14 项
2026-04-25 06:00:46,107 [INFO] 商品标题已保存到文件: /home/runner/work/good-monitor/good-monitor/tmp/good-monitor/arcteryx_official_titles.json
2026-04-25 07:00:45,630 [INFO] 日志系统初始化完成
2026-04-25 07:00:45,630 [INFO] === 开始一次商品监控 ===
2026-04-25 07:00:46,130 [INFO] 打开页面: https://outlet.arcteryx.com/ca/zh/c/mens/shell-jackets
2026-04-25 07:00:47,993 [INFO] 等待首屏商品渲染…
2026-04-25 07:00:49,133 [INFO] 开始自动滚动加载所有商品…
2026-04-25 07:00:50,920 [INFO] 抓取到 14 个商品名称
2026-04-25 07:00:50,920 [INFO] 从文件加载商品标题，共 14 项
2026-04-25 07:00:50,920 [INFO] 商品标题已保存到文件: /home/runner/work/good-monitor/good-monitor/tmp/good-monitor/arcteryx_official_titles.json
2026-04-25 08:00:45,164 [INFO] 日志系统初始化完成
2026-04-25 08:00:45,164 [INFO] === 开始一次商品监控 ===
2026-04-25 08:00:45,638 [INFO] 打开页面: https://outlet.arcteryx.com/ca/zh/c/mens/shell-jackets
2026-04-25 08:00:48,227 [INFO] 等待首屏商品渲染…
2026-04-25 08:00:49,917 [INFO] 开始自动滚动加载所有商品…
2026-04-25 08:00:52,435 [INFO] 抓取到 14 个商品名称
2026-04-25 08:00:52,436 [INFO] 从文件加载商品标题，共 14 项
2026-04-25 08:00:52,436 [INFO] 商品标题已保存到文件: /home/runner/work/good-monitor/good-monitor/tmp/good-monitor/arcteryx_official_titles.json
2026-04-25 09:00:39,867 [INFO] 日志系统初始化完成
2026-04-25 09:00:39,867 [INFO] === 开始一次商品监控 ===
2026-04-25 09:00:40,409 [INFO] 打开页面: https://outlet.arcteryx.com/ca/zh/c/mens/shell-jackets
2026-04-25 09:00:44,378 [INFO] 等待首屏商品渲染…
2026-04-25 09:00:44,453 [INFO] 开始自动滚动加载所有商品…
2026-04-25 09:00:46,957 [INFO] 抓取到 14 个商品名称
2026-04-25 09:00:46,957 [INFO] 从文件加载商品标题，共 14 项
2026-04-25 09:00:46,957 [INFO] 商品标题已保存到文件: /home/runner/work/good-monitor/good-monitor/tmp/good-monitor/arcteryx_official_titles.json
2026-04-25 10:00:40,302 [INFO] 日志系统初始化完成
2026-04-25 10:00:40,302 [INFO] === 开始一次商品监控 ===
2026-04-25 10:00:40,823 [INFO] 打开页面: https://outlet.arcteryx.com/ca/zh/c/mens/shell-jackets
2026-04-25 10:00:46,011 [INFO] 等待首屏商品渲染…
2026-04-25 10:00:46,059 [INFO] 开始自动滚动加载所有商品…
2026-04-25 10:00:47,779 [INFO] 抓取到 14 个商品名称
2026-04-25 10:00:47,779 [INFO] 从文件加载商品标题，共 14 项
2026-04-25 10:00:47,780 [INFO] 商品标题已保存到文件: /home/runner/work/good-monitor/good-monitor/tmp/good-monitor/arcteryx_official_titles.json
2026-04-25 11:00:40,559 [INFO] 日志系统初始化完成
2026-04-25 11:00:40,560 [INFO] === 开始一次商品监控 ===
2026-04-25 11:00:41,057 [INFO] 打开页面: https://outlet.arcteryx.com/ca/zh/c/mens/shell-jackets
2026-04-25 11:00:45,101 [INFO] 等待首屏商品渲染…
2026-04-25 11:00:45,150 [INFO] 开始自动滚动加载所有商品…
2026-04-25 11:00:47,633 [INFO] 抓取到 14 个商品名称
2026-04-25 11:00:47,633 [INFO] 从文件加载商品标题，共 14 项
2026-04-25 11:00:47,634 [INFO] 商品标题已保存到文件: /home/runner/work/good-monitor/good-monitor/tmp/good-monitor/arcteryx_official_titles.json
2026-04-25 12:00:44,742 [INFO] 日志系统初始化完成
2026-04-25 12:00:44,742 [INFO] === 开始一次商品监控 ===
2026-04-25 12:00:45,156 [INFO] 打开页面: https://outlet.arcteryx.com/ca/zh/c/mens/shell-jackets
2026-04-25 12:00:47,564 [INFO] 等待首屏商品渲染…
2026-04-25 12:00:48,674 [INFO] 开始自动滚动加载所有商品…
2026-04-25 12:00:50,377 [INFO] 抓取到 14 个商品名称
2026-04-25 12:00:50,377 [INFO] 从文件加载商品标题，共 14 项
2026-04-25 12:00:50,377 [INFO] 商品标题已保存到文件: /home/runner/work/good-monitor/good-monitor/tmp/good-monitor/arcteryx_official_titles.json
2026-04-25 13:00:41,181 [INFO] 日志系统初始化完成
2026-04-25 13:00:41,181 [INFO] === 开始一次商品监控 ===
2026-04-25 13:00:41,670 [INFO] 打开页面: https://outlet.arcteryx.com/ca/zh/c/mens/shell-jackets
2026-04-25 13:00:45,249 [INFO] 等待首屏商品渲染…
2026-04-25 13:00:45,319 [INFO] 开始自动滚动加载所有商品…
2026-04-25 13:00:47,821 [INFO] 抓取到 14 个商品名称
2026-04-25 13:00:47,821 [INFO] 从文件加载商品标题，共 14 项
2026-04-25 13:00:47,822 [INFO] 商品标题已保存到文件: /home/runner/work/good-monitor/good-monitor/tmp/good-monitor/arcteryx_official_titles.json
2026-04-25 14:00:42,021 [INFO] 日志系统初始化完成
2026-04-25 14:00:42,021 [INFO] === 开始一次商品监控 ===
2026-04-25 14:00:42,511 [INFO] 打开页面: https://outlet.arcteryx.com/ca/zh/c/mens/shell-jackets
2026-04-25 14:00:46,432 [INFO] 等待首屏商品渲染…
2026-04-25 14:00:46,521 [INFO] 开始自动滚动加载所有商品…
2026-04-25 14:00:49,028 [INFO] 抓取到 14 个商品名称
2026-04-25 14:00:49,028 [INFO] 从文件加载商品标题，共 14 项
2026-04-25 14:00:49,028 [INFO] 商品标题已保存到文件: /home/runner/work/good-monitor/good-monitor/tmp/good-monitor/arcteryx_official_titles.json
2026-04-25 15:00:43,568 [INFO] 日志系统初始化完成
2026-04-25 15:00:43,568 [INFO] === 开始一次商品监控 ===
2026-04-25 15:00:44,055 [INFO] 打开页面: https://outlet.arcteryx.com/ca/zh/c/mens/shell-jackets
2026-04-25 15:00:46,926 [INFO] 等待首屏商品渲染…
2026-04-25 15:00:46,981 [INFO] 开始自动滚动加载所有商品…
2026-04-25 15:00:48,677 [INFO] 抓取到 14 个商品名称
2026-04-25 15:00:48,677 [INFO] 从文件加载商品标题，共 14 项
2026-04-25 15:00:48,678 [INFO] 商品标题已保存到文件: /home/runner/work/good-monitor/good-monitor/tmp/good-monitor/arcteryx_official_titles.json
2026-04-25 16:00:42,707 [INFO] 日志系统初始化完成
2026-04-25 16:00:42,707 [INFO] === 开始一次商品监控 ===
2026-04-25 16:00:43,142 [INFO] 打开页面: https://outlet.arcteryx.com/ca/zh/c/mens/shell-jackets
2026-04-25 16:00:45,156 [INFO] 等待首屏商品渲染…
2026-04-25 16:00:46,442 [INFO] 开始自动滚动加载所有商品…
2026-04-25 16:00:48,116 [INFO] 抓取到 14 个商品名称
2026-04-25 16:00:48,117 [INFO] 从文件加载商品标题，共 14 项
2026-04-25 16:00:48,117 [INFO] 商品标题已保存到文件: /home/runner/work/good-monitor/good-monitor/tmp/good-monitor/arcteryx_official_titles.json
2026-04-25 17:00:42,392 [INFO] 日志系统初始化完成
2026-04-25 17:00:42,392 [INFO] === 开始一次商品监控 ===
2026-04-25 17:00:42,890 [INFO] 打开页面: https://outlet.arcteryx.com/ca/zh/c/mens/shell-jackets
2026-04-25 17:00:44,541 [INFO] 等待首屏商品渲染…
2026-04-25 17:00:44,851 [INFO] 开始自动滚动加载所有商品…
2026-04-25 17:00:47,436 [INFO] 抓取到 14 个商品名称
2026-04-25 17:00:47,436 [INFO] 从文件加载商品标题，共 14 项
2026-04-25 17:00:47,436 [INFO] 商品标题已保存到文件: /home/runner/work/good-monitor/good-monitor/tmp/good-monitor/arcteryx_official_titles.json
2026-04-25 18:00:39,376 [INFO] 日志系统初始化完成
2026-04-25 18:00:39,376 [INFO] === 开始一次商品监控 ===
2026-04-25 18:00:39,853 [INFO] 打开页面: https://outlet.arcteryx.com/ca/zh/c/mens/shell-jackets
2026-04-25 18:00:42,856 [INFO] 等待首屏商品渲染…
2026-04-25 18:00:44,477 [INFO] 开始自动滚动加载所有商品…
2026-04-25 18:00:46,244 [INFO] 抓取到 14 个商品名称
2026-04-25 18:00:46,245 [INFO] 从文件加载商品标题，共 14 项
2026-04-25 18:00:46,245 [INFO] 商品标题已保存到文件: /home/runner/work/good-monitor/good-monitor/tmp/good-monitor/arcteryx_official_titles.json
2026-04-25 19:00:39,222 [INFO] 日志系统初始化完成
2026-04-25 19:00:39,222 [INFO] === 开始一次商品监控 ===
2026-04-25 19:00:39,660 [INFO] 打开页面: https://outlet.arcteryx.com/ca/zh/c/mens/shell-jackets
2026-04-25 19:00:41,961 [INFO] 等待首屏商品渲染…
2026-04-25 19:00:43,096 [INFO] 开始自动滚动加载所有商品…
2026-04-25 19:00:44,892 [INFO] 抓取到 14 个商品名称
2026-04-25 19:00:44,893 [INFO] 从文件加载商品标题，共 14 项
2026-04-25 19:00:44,893 [INFO] 商品标题已保存到文件: /home/runner/work/good-monitor/good-monitor/tmp/good-monitor/arcteryx_official_titles.json
2026-04-25 20:00:45,148 [INFO] 日志系统初始化完成
2026-04-25 20:00:45,149 [INFO] === 开始一次商品监控 ===
2026-04-25 20:00:45,659 [INFO] 打开页面: https://outlet.arcteryx.com/ca/zh/c/mens/shell-jackets
2026-04-25 20:00:49,555 [INFO] 等待首屏商品渲染…
2026-04-25 20:00:49,594 [INFO] 开始自动滚动加载所有商品…
2026-04-25 20:00:51,281 [INFO] 抓取到 14 个商品名称
2026-04-25 20:00:51,281 [INFO] 从文件加载商品标题，共 14 项
2026-04-25 20:00:51,281 [INFO] 商品标题已保存到文件: /home/runner/work/good-monitor/good-monitor/tmp/good-monitor/arcteryx_official_titles.json
2026-04-25 21:00:41,091 [INFO] 日志系统初始化完成
2026-04-25 21:00:41,091 [INFO] === 开始一次商品监控 ===
2026-04-25 21:00:41,585 [INFO] 打开页面: https://outlet.arcteryx.com/ca/zh/c/mens/shell-jackets
2026-04-25 21:00:46,076 [INFO] 等待首屏商品渲染…
2026-04-25 21:00:46,446 [INFO] 开始自动滚动加载所有商品…
2026-04-25 21:00:48,182 [INFO] 抓取到 14 个商品名称
2026-04-25 21:00:48,183 [INFO] 从文件加载商品标题，共 14 项
2026-04-25 21:00:48,183 [INFO] 商品标题已保存到文件: /home/runner/work/good-monitor/good-monitor/tmp/good-monitor/arcteryx_official_titles.json
2026-04-25 22:00:43,413 [INFO] 日志系统初始化完成
2026-04-25 22:00:43,413 [INFO] === 开始一次商品监控 ===
2026-04-25 22:00:43,894 [INFO] 打开页面: https://outlet.arcteryx.com/ca/zh/c/mens/shell-jackets
2026-04-25 22:00:48,163 [INFO] 等待首屏商品渲染…
2026-04-25 22:00:48,200 [INFO] 开始自动滚动加载所有商品…
2026-04-25 22:00:50,703 [INFO] 抓取到 14 个商品名称
2026-04-25 22:00:50,703 [INFO] 从文件加载商品标题，共 14 项
2026-04-25 22:00:50,703 [INFO] 商品标题已保存到文件: /home/runner/work/good-monitor/good-monitor/tmp/good-monitor/arcteryx_official_titles.json
2026-04-25 23:00:44,209 [INFO] 日志系统初始化完成
2026-04-25 23:00:44,209 [INFO] === 开始一次商品监控 ===
2026-04-25 23:00:44,688 [INFO] 打开页面: https://outlet.arcteryx.com/ca/zh/c/mens/shell-jackets
2026-04-25 23:00:46,448 [INFO] 等待首屏商品渲染…
2026-04-25 23:00:47,610 [INFO] 开始自动滚动加载所有商品…
2026-04-25 23:00:49,354 [INFO] 抓取到 14 个商品名称
2026-04-25 23:00:49,355 [INFO] 从文件加载商品标题，共 14 项
2026-04-25 23:00:49,355 [INFO] 商品标题已保存到文件: /home/runner/work/good-monitor/good-monitor/tmp/good-monitor/arcteryx_official_titles.json
2026-04-26 00:00:40,583 [INFO] 日志系统初始化完成
2026-04-26 00:00:40,583 [INFO] === 开始一次商品监控 ===
2026-04-26 00:00:41,063 [INFO] 打开页面: https://outlet.arcteryx.com/ca/zh/c/mens/shell-jackets
2026-04-26 00:00:44,251 [INFO] 等待首屏商品渲染…
2026-04-26 00:00:44,661 [INFO] 开始自动滚动加载所有商品…
2026-04-26 00:00:47,185 [INFO] 抓取到 14 个商品名称
2026-04-26 00:00:47,185 [INFO] 从文件加载商品标题，共 14 项
2026-04-26 00:00:47,185 [INFO] 商品标题已保存到文件: /home/runner/work/good-monitor/good-monitor/tmp/good-monitor/arcteryx_official_titles.json
2026-04-26 01:00:44,215 [INFO] 日志系统初始化完成
2026-04-26 01:00:44,215 [INFO] === 开始一次商品监控 ===
2026-04-26 01:00:44,693 [INFO] 打开页面: https://outlet.arcteryx.com/ca/zh/c/mens/shell-jackets
2026-04-26 01:00:46,436 [INFO] 等待首屏商品渲染…
2026-04-26 01:00:46,912 [INFO] 开始自动滚动加载所有商品…
2026-04-26 01:00:49,435 [INFO] 抓取到 14 个商品名称
2026-04-26 01:00:49,435 [INFO] 从文件加载商品标题，共 14 项
2026-04-26 01:00:49,436 [INFO] 商品标题已保存到文件: /home/runner/work/good-monitor/good-monitor/tmp/good-monitor/arcteryx_official_titles.json
2026-04-26 02:01:03,519 [INFO] 日志系统初始化完成
2026-04-26 02:01:03,519 [INFO] === 开始一次商品监控 ===
2026-04-26 02:01:04,072 [INFO] 打开页面: https://outlet.arcteryx.com/ca/zh/c/mens/shell-jackets
2026-04-26 02:01:06,884 [INFO] 等待首屏商品渲染…
2026-04-26 02:01:08,580 [INFO] 开始自动滚动加载所有商品…
2026-04-26 02:01:10,368 [INFO] 抓取到 14 个商品名称
2026-04-26 02:01:10,369 [INFO] 从文件加载商品标题，共 14 项
2026-04-26 02:01:10,369 [INFO] 商品标题已保存到文件: /home/runner/work/good-monitor/good-monitor/tmp/good-monitor/arcteryx_official_titles.json
2026-04-26 03:00:41,767 [INFO] 日志系统初始化完成
2026-04-26 03:00:41,767 [INFO] === 开始一次商品监控 ===
2026-04-26 03:00:42,325 [INFO] 打开页面: https://outlet.arcteryx.com/ca/zh/c/mens/shell-jackets
2026-04-26 03:00:44,214 [INFO] 等待首屏商品渲染…
2026-04-26 03:00:45,387 [INFO] 开始自动滚动加载所有商品…
2026-04-26 03:00:47,886 [INFO] 抓取到 14 个商品名称
2026-04-26 03:00:47,886 [INFO] 从文件加载商品标题，共 14 项
2026-04-26 03:00:47,886 [INFO] 商品标题已保存到文件: /home/runner/work/good-monitor/good-monitor/tmp/good-monitor/arcteryx_official_titles.json
2026-04-26 04:00:40,413 [INFO] 日志系统初始化完成
2026-04-26 04:00:40,413 [INFO] === 开始一次商品监控 ===
2026-04-26 04:00:40,891 [INFO] 打开页面: https://outlet.arcteryx.com/ca/zh/c/mens/shell-jackets
2026-04-26 04:00:44,607 [INFO] 等待首屏商品渲染…
2026-04-26 04:00:45,825 [INFO] 开始自动滚动加载所有商品…
2026-04-26 04:00:47,610 [INFO] 抓取到 14 个商品名称
2026-04-26 04:00:47,610 [INFO] 从文件加载商品标题，共 14 项
2026-04-26 04:00:47,611 [INFO] 商品标题已保存到文件: /home/runner/work/good-monitor/good-monitor/tmp/good-monitor/arcteryx_official_titles.json
2026-04-26 05:00:38,308 [INFO] 日志系统初始化完成
2026-04-26 05:00:38,308 [INFO] === 开始一次商品监控 ===
2026-04-26 05:00:38,852 [INFO] 打开页面: https://outlet.arcteryx.com/ca/zh/c/mens/shell-jackets
2026-04-26 05:00:42,145 [INFO] 等待首屏商品渲染…
2026-04-26 05:00:42,175 [INFO] 开始自动滚动加载所有商品…
2026-04-26 05:00:44,643 [INFO] 抓取到 14 个商品名称
2026-04-26 05:00:44,643 [INFO] 从文件加载商品标题，共 14 项
2026-04-26 05:00:44,644 [INFO] 商品标题已保存到文件: /home/runner/work/good-monitor/good-monitor/tmp/good-monitor/arcteryx_official_titles.json
2026-04-26 06:00:41,195 [INFO] 日志系统初始化完成
2026-04-26 06:00:41,195 [INFO] === 开始一次商品监控 ===
2026-04-26 06:00:41,676 [INFO] 打开页面: https://outlet.arcteryx.com/ca/zh/c/mens/shell-jackets
2026-04-26 06:00:44,958 [INFO] 等待首屏商品渲染…
2026-04-26 06:00:45,004 [INFO] 开始自动滚动加载所有商品…
2026-04-26 06:00:46,687 [INFO] 抓取到 14 个商品名称
2026-04-26 06:00:46,687 [INFO] 从文件加载商品标题，共 14 项
2026-04-26 06:00:46,688 [INFO] 商品标题已保存到文件: /home/runner/work/good-monitor/good-monitor/tmp/good-monitor/arcteryx_official_titles.json
2026-04-26 07:00:41,724 [INFO] 日志系统初始化完成
2026-04-26 07:00:41,725 [INFO] === 开始一次商品监控 ===
2026-04-26 07:00:42,221 [INFO] 打开页面: https://outlet.arcteryx.com/ca/zh/c/mens/shell-jackets
2026-04-26 07:00:44,745 [INFO] 等待首屏商品渲染…
2026-04-26 07:00:45,894 [INFO] 开始自动滚动加载所有商品…
2026-04-26 07:00:47,575 [INFO] 抓取到 14 个商品名称
2026-04-26 07:00:47,576 [INFO] 从文件加载商品标题，共 14 项
2026-04-26 07:00:47,576 [INFO] 商品标题已保存到文件: /home/runner/work/good-monitor/good-monitor/tmp/good-monitor/arcteryx_official_titles.json
2026-04-26 08:00:44,614 [INFO] 日志系统初始化完成
2026-04-26 08:00:44,614 [INFO] === 开始一次商品监控 ===
2026-04-26 08:00:45,096 [INFO] 打开页面: https://outlet.arcteryx.com/ca/zh/c/mens/shell-jackets
2026-04-26 08:00:47,945 [INFO] 等待首屏商品渲染…
2026-04-26 08:00:49,041 [INFO] 开始自动滚动加载所有商品…
2026-04-26 08:00:50,757 [INFO] 抓取到 14 个商品名称
2026-04-26 08:00:50,757 [INFO] 从文件加载商品标题，共 14 项
2026-04-26 08:00:50,757 [INFO] 商品标题已保存到文件: /home/runner/work/good-monitor/good-monitor/tmp/good-monitor/arcteryx_official_titles.json
2026-04-26 09:00:41,334 [INFO] 日志系统初始化完成
2026-04-26 09:00:41,334 [INFO] === 开始一次商品监控 ===
2026-04-26 09:00:41,827 [INFO] 打开页面: https://outlet.arcteryx.com/ca/zh/c/mens/shell-jackets
2026-04-26 09:00:45,566 [INFO] 等待首屏商品渲染…
2026-04-26 09:00:45,639 [INFO] 开始自动滚动加载所有商品…
2026-04-26 09:00:48,141 [INFO] 抓取到 14 个商品名称
2026-04-26 09:00:48,141 [INFO] 从文件加载商品标题，共 14 项
2026-04-26 09:00:48,142 [INFO] 商品标题已保存到文件: /home/runner/work/good-monitor/good-monitor/tmp/good-monitor/arcteryx_official_titles.json
2026-04-26 10:00:43,852 [INFO] 日志系统初始化完成
2026-04-26 10:00:43,852 [INFO] === 开始一次商品监控 ===
2026-04-26 10:00:44,321 [INFO] 打开页面: https://outlet.arcteryx.com/ca/zh/c/mens/shell-jackets
2026-04-26 10:00:46,984 [INFO] 等待首屏商品渲染…
2026-04-26 10:00:47,950 [INFO] 开始自动滚动加载所有商品…
2026-04-26 10:00:49,645 [INFO] 抓取到 14 个商品名称
2026-04-26 10:00:49,646 [INFO] 从文件加载商品标题，共 14 项
2026-04-26 10:00:49,646 [INFO] 商品标题已保存到文件: /home/runner/work/good-monitor/good-monitor/tmp/good-monitor/arcteryx_official_titles.json
2026-04-26 11:00:37,190 [INFO] 日志系统初始化完成
2026-04-26 11:00:37,190 [INFO] === 开始一次商品监控 ===
2026-04-26 11:00:37,620 [INFO] 打开页面: https://outlet.arcteryx.com/ca/zh/c/mens/shell-jackets
2026-04-26 11:00:39,340 [INFO] 等待首屏商品渲染…
2026-04-26 11:00:40,466 [INFO] 开始自动滚动加载所有商品…
2026-04-26 11:00:42,202 [INFO] 抓取到 14 个商品名称
2026-04-26 11:00:42,202 [INFO] 从文件加载商品标题，共 14 项
2026-04-26 11:00:42,202 [INFO] 商品标题已保存到文件: /home/runner/work/good-monitor/good-monitor/tmp/good-monitor/arcteryx_official_titles.json
2026-04-26 12:00:44,758 [INFO] 日志系统初始化完成
2026-04-26 12:00:44,758 [INFO] === 开始一次商品监控 ===
2026-04-26 12:00:45,250 [INFO] 打开页面: https://outlet.arcteryx.com/ca/zh/c/mens/shell-jackets
2026-04-26 12:00:48,920 [INFO] 等待首屏商品渲染…
2026-04-26 12:00:48,954 [INFO] 开始自动滚动加载所有商品…
2026-04-26 12:00:50,662 [INFO] 抓取到 14 个商品名称
2026-04-26 12:00:50,662 [INFO] 从文件加载商品标题，共 14 项
2026-04-26 12:00:50,663 [INFO] 商品标题已保存到文件: /home/runner/work/good-monitor/good-monitor/tmp/good-monitor/arcteryx_official_titles.json
2026-04-26 13:00:42,908 [INFO] 日志系统初始化完成
2026-04-26 13:00:42,909 [INFO] === 开始一次商品监控 ===
2026-04-26 13:00:43,440 [INFO] 打开页面: https://outlet.arcteryx.com/ca/zh/c/mens/shell-jackets
2026-04-26 13:00:47,500 [INFO] 等待首屏商品渲染…
2026-04-26 13:00:47,548 [INFO] 开始自动滚动加载所有商品…
2026-04-26 13:00:50,032 [INFO] 抓取到 14 个商品名称
2026-04-26 13:00:50,033 [INFO] 从文件加载商品标题，共 14 项
2026-04-26 13:00:50,033 [INFO] 商品标题已保存到文件: /home/runner/work/good-monitor/good-monitor/tmp/good-monitor/arcteryx_official_titles.json
2026-04-26 14:00:41,311 [INFO] 日志系统初始化完成
2026-04-26 14:00:41,312 [INFO] === 开始一次商品监控 ===
2026-04-26 14:00:41,795 [INFO] 打开页面: https://outlet.arcteryx.com/ca/zh/c/mens/shell-jackets
2026-04-26 14:00:44,291 [INFO] 等待首屏商品渲染…
2026-04-26 14:00:45,410 [INFO] 开始自动滚动加载所有商品…
2026-04-26 14:00:47,185 [INFO] 抓取到 14 个商品名称
2026-04-26 14:00:47,185 [INFO] 从文件加载商品标题，共 14 项
2026-04-26 14:00:47,185 [INFO] 商品标题已保存到文件: /home/runner/work/good-monitor/good-monitor/tmp/good-monitor/arcteryx_official_titles.json
2026-04-26 15:00:42,420 [INFO] 日志系统初始化完成
2026-04-26 15:00:42,420 [INFO] === 开始一次商品监控 ===
2026-04-26 15:00:42,950 [INFO] 打开页面: https://outlet.arcteryx.com/ca/zh/c/mens/shell-jackets
2026-04-26 15:00:45,460 [INFO] 等待首屏商品渲染…
2026-04-26 15:00:47,131 [INFO] 开始自动滚动加载所有商品…
2026-04-26 15:00:48,936 [INFO] 抓取到 14 个商品名称
2026-04-26 15:00:48,936 [INFO] 从文件加载商品标题，共 14 项
2026-04-26 15:00:48,936 [INFO] 商品标题已保存到文件: /home/runner/work/good-monitor/good-monitor/tmp/good-monitor/arcteryx_official_titles.json
2026-04-26 16:00:41,158 [INFO] 日志系统初始化完成
2026-04-26 16:00:41,158 [INFO] === 开始一次商品监控 ===
2026-04-26 16:00:41,671 [INFO] 打开页面: https://outlet.arcteryx.com/ca/zh/c/mens/shell-jackets
2026-04-26 16:00:45,695 [INFO] 等待首屏商品渲染…
2026-04-26 16:00:45,801 [INFO] 开始自动滚动加载所有商品…
2026-04-26 16:00:48,342 [INFO] 抓取到 14 个商品名称
2026-04-26 16:00:48,342 [INFO] 从文件加载商品标题，共 14 项
2026-04-26 16:00:48,343 [INFO] 商品标题已保存到文件: /home/runner/work/good-monitor/good-monitor/tmp/good-monitor/arcteryx_official_titles.json
2026-04-26 17:00:41,102 [INFO] 日志系统初始化完成
2026-04-26 17:00:41,102 [INFO] === 开始一次商品监控 ===
2026-04-26 17:00:41,575 [INFO] 打开页面: https://outlet.arcteryx.com/ca/zh/c/mens/shell-jackets
2026-04-26 17:00:44,292 [INFO] 等待首屏商品渲染…
2026-04-26 17:00:46,013 [INFO] 开始自动滚动加载所有商品…
2026-04-26 17:00:48,507 [INFO] 抓取到 14 个商品名称
2026-04-26 17:00:48,507 [INFO] 从文件加载商品标题，共 14 项
2026-04-26 17:00:48,508 [INFO] 商品标题已保存到文件: /home/runner/work/good-monitor/good-monitor/tmp/good-monitor/arcteryx_official_titles.json
2026-04-26 18:00:46,303 [INFO] 日志系统初始化完成
2026-04-26 18:00:46,304 [INFO] === 开始一次商品监控 ===
2026-04-26 18:00:46,826 [INFO] 打开页面: https://outlet.arcteryx.com/ca/zh/c/mens/shell-jackets
2026-04-26 18:00:50,923 [INFO] 等待首屏商品渲染…
2026-04-26 18:00:50,981 [INFO] 开始自动滚动加载所有商品…
2026-04-26 18:00:52,672 [INFO] 抓取到 14 个商品名称
2026-04-26 18:00:52,672 [INFO] 从文件加载商品标题，共 14 项
2026-04-26 18:00:52,672 [INFO] 商品标题已保存到文件: /home/runner/work/good-monitor/good-monitor/tmp/good-monitor/arcteryx_official_titles.json
2026-04-26 19:00:45,435 [INFO] 日志系统初始化完成
2026-04-26 19:00:45,435 [INFO] === 开始一次商品监控 ===
2026-04-26 19:00:45,871 [INFO] 打开页面: https://outlet.arcteryx.com/ca/zh/c/mens/shell-jackets
2026-04-26 19:00:49,853 [INFO] 等待首屏商品渲染…
2026-04-26 19:00:49,908 [INFO] 开始自动滚动加载所有商品…
2026-04-26 19:00:51,586 [INFO] 抓取到 14 个商品名称
2026-04-26 19:00:51,586 [INFO] 从文件加载商品标题，共 14 项
2026-04-26 19:00:51,587 [INFO] 商品标题已保存到文件: /home/runner/work/good-monitor/good-monitor/tmp/good-monitor/arcteryx_official_titles.json
2026-04-26 20:00:46,873 [INFO] 日志系统初始化完成
2026-04-26 20:00:46,873 [INFO] === 开始一次商品监控 ===
2026-04-26 20:00:47,359 [INFO] 打开页面: https://outlet.arcteryx.com/ca/zh/c/mens/shell-jackets
2026-04-26 20:00:50,158 [INFO] 等待首屏商品渲染…
2026-04-26 20:00:50,223 [INFO] 开始自动滚动加载所有商品…
2026-04-26 20:00:51,899 [INFO] 抓取到 14 个商品名称
2026-04-26 20:00:51,899 [INFO] 从文件加载商品标题，共 14 项
2026-04-26 20:00:51,900 [INFO] 商品标题已保存到文件: /home/runner/work/good-monitor/good-monitor/tmp/good-monitor/arcteryx_official_titles.json
2026-04-26 21:00:41,349 [INFO] 日志系统初始化完成
2026-04-26 21:00:41,349 [INFO] === 开始一次商品监控 ===
2026-04-26 21:00:41,827 [INFO] 打开页面: https://outlet.arcteryx.com/ca/zh/c/mens/shell-jackets
2026-04-26 21:00:45,185 [INFO] 等待首屏商品渲染…
2026-04-26 21:00:45,213 [INFO] 开始自动滚动加载所有商品…
2026-04-26 21:00:46,878 [INFO] 抓取到 14 个商品名称
2026-04-26 21:00:46,878 [INFO] 从文件加载商品标题，共 14 项
2026-04-26 21:00:46,878 [INFO] 商品标题已保存到文件: /home/runner/work/good-monitor/good-monitor/tmp/good-monitor/arcteryx_official_titles.json
2026-04-26 22:00:39,256 [INFO] 日志系统初始化完成
2026-04-26 22:00:39,256 [INFO] === 开始一次商品监控 ===
2026-04-26 22:00:39,732 [INFO] 打开页面: https://outlet.arcteryx.com/ca/zh/c/mens/shell-jackets
2026-04-26 22:00:41,361 [INFO] 等待首屏商品渲染…
2026-04-26 22:00:45,861 [INFO] 开始自动滚动加载所有商品…
2026-04-26 22:00:47,618 [INFO] 抓取到 14 个商品名称
2026-04-26 22:00:47,618 [INFO] 从文件加载商品标题，共 14 项
2026-04-26 22:00:47,619 [INFO] 商品标题已保存到文件: /home/runner/work/good-monitor/good-monitor/tmp/good-monitor/arcteryx_official_titles.json
2026-04-26 23:00:46,657 [INFO] 日志系统初始化完成
2026-04-26 23:00:46,657 [INFO] === 开始一次商品监控 ===
2026-04-26 23:00:47,137 [INFO] 打开页面: https://outlet.arcteryx.com/ca/zh/c/mens/shell-jackets
2026-04-26 23:00:50,908 [INFO] 等待首屏商品渲染…
2026-04-26 23:00:50,974 [INFO] 开始自动滚动加载所有商品…
2026-04-26 23:00:52,656 [INFO] 抓取到 14 个商品名称
2026-04-26 23:00:52,656 [INFO] 从文件加载商品标题，共 14 项
2026-04-26 23:00:52,657 [INFO] 商品标题已保存到文件: /home/runner/work/good-monitor/good-monitor/tmp/good-monitor/arcteryx_official_titles.json
2026-04-27 00:00:43,398 [INFO] 日志系统初始化完成
2026-04-27 00:00:43,398 [INFO] === 开始一次商品监控 ===
2026-04-27 00:00:43,883 [INFO] 打开页面: https://outlet.arcteryx.com/ca/zh/c/mens/shell-jackets
2026-04-27 00:00:47,161 [INFO] 等待首屏商品渲染…
2026-04-27 00:00:48,820 [INFO] 开始自动滚动加载所有商品…
2026-04-27 00:00:50,517 [INFO] 抓取到 14 个商品名称
2026-04-27 00:00:50,517 [INFO] 从文件加载商品标题，共 14 项
2026-04-27 00:00:50,517 [INFO] 商品标题已保存到文件: /home/runner/work/good-monitor/good-monitor/tmp/good-monitor/arcteryx_official_titles.json
2026-04-27 01:00:39,910 [INFO] 日志系统初始化完成
2026-04-27 01:00:39,910 [INFO] === 开始一次商品监控 ===
2026-04-27 01:00:40,387 [INFO] 打开页面: https://outlet.arcteryx.com/ca/zh/c/mens/shell-jackets
2026-04-27 01:00:42,599 [INFO] 等待首屏商品渲染…
2026-04-27 01:00:42,982 [INFO] 开始自动滚动加载所有商品…
2026-04-27 01:00:45,621 [INFO] 抓取到 14 个商品名称
2026-04-27 01:00:45,622 [INFO] 从文件加载商品标题，共 14 项
2026-04-27 01:00:45,622 [INFO] 商品标题已保存到文件: /home/runner/work/good-monitor/good-monitor/tmp/good-monitor/arcteryx_official_titles.json
2026-04-27 02:00:42,545 [INFO] 日志系统初始化完成
2026-04-27 02:00:42,545 [INFO] === 开始一次商品监控 ===
2026-04-27 02:00:43,023 [INFO] 打开页面: https://outlet.arcteryx.com/ca/zh/c/mens/shell-jackets
2026-04-27 02:00:46,342 [INFO] 等待首屏商品渲染…
2026-04-27 02:00:47,945 [INFO] 开始自动滚动加载所有商品…
2026-04-27 02:00:49,630 [INFO] 抓取到 14 个商品名称
2026-04-27 02:00:49,630 [INFO] 从文件加载商品标题，共 14 项
2026-04-27 02:00:49,631 [INFO] 商品标题已保存到文件: /home/runner/work/good-monitor/good-monitor/tmp/good-monitor/arcteryx_official_titles.json
2026-04-27 03:00:39,337 [INFO] 日志系统初始化完成
2026-04-27 03:00:39,337 [INFO] === 开始一次商品监控 ===
2026-04-27 03:00:39,779 [INFO] 打开页面: https://outlet.arcteryx.com/ca/zh/c/mens/shell-jackets
2026-04-27 03:00:42,322 [INFO] 等待首屏商品渲染…
2026-04-27 03:00:43,993 [INFO] 开始自动滚动加载所有商品…
2026-04-27 03:00:45,680 [INFO] 抓取到 14 个商品名称
2026-04-27 03:00:45,681 [INFO] 从文件加载商品标题，共 14 项
2026-04-27 03:00:45,681 [INFO] 商品标题已保存到文件: /home/runner/work/good-monitor/good-monitor/tmp/good-monitor/arcteryx_official_titles.json
2026-04-27 04:00:38,837 [INFO] 日志系统初始化完成
2026-04-27 04:00:38,837 [INFO] === 开始一次商品监控 ===
2026-04-27 04:00:39,326 [INFO] 打开页面: https://outlet.arcteryx.com/ca/zh/c/mens/shell-jackets
2026-04-27 04:00:42,112 [INFO] 等待首屏商品渲染…
2026-04-27 04:00:43,725 [INFO] 开始自动滚动加载所有商品…
2026-04-27 04:00:45,443 [INFO] 抓取到 14 个商品名称
2026-04-27 04:00:45,443 [INFO] 从文件加载商品标题，共 14 项
2026-04-27 04:00:45,444 [INFO] 商品标题已保存到文件: /home/runner/work/good-monitor/good-monitor/tmp/good-monitor/arcteryx_official_titles.json
2026-04-27 05:00:38,955 [INFO] 日志系统初始化完成
2026-04-27 05:00:38,955 [INFO] === 开始一次商品监控 ===
2026-04-27 05:00:39,459 [INFO] 打开页面: https://outlet.arcteryx.com/ca/zh/c/mens/shell-jackets
2026-04-27 05:00:43,612 [INFO] 等待首屏商品渲染…
2026-04-27 05:00:43,700 [INFO] 开始自动滚动加载所有商品…
2026-04-27 05:00:46,280 [INFO] 抓取到 14 个商品名称
2026-04-27 05:00:46,281 [INFO] 从文件加载商品标题，共 14 项
2026-04-27 05:00:46,281 [INFO] 商品标题已保存到文件: /home/runner/work/good-monitor/good-monitor/tmp/good-monitor/arcteryx_official_titles.json
2026-04-27 06:00:56,618 [INFO] 日志系统初始化完成
2026-04-27 06:00:56,618 [INFO] === 开始一次商品监控 ===
2026-04-27 06:00:57,138 [INFO] 打开页面: https://outlet.arcteryx.com/ca/zh/c/mens/shell-jackets
2026-04-27 06:00:59,955 [INFO] 等待首屏商品渲染…
2026-04-27 06:01:01,114 [INFO] 开始自动滚动加载所有商品…
2026-04-27 06:01:02,934 [INFO] 抓取到 14 个商品名称
2026-04-27 06:01:02,934 [INFO] 从文件加载商品标题，共 14 项
2026-04-27 06:01:02,935 [INFO] 商品标题已保存到文件: /home/runner/work/good-monitor/good-monitor/tmp/good-monitor/arcteryx_official_titles.json
2026-04-27 07:00:44,111 [INFO] 日志系统初始化完成
2026-04-27 07:00:44,111 [INFO] === 开始一次商品监控 ===
2026-04-27 07:00:44,585 [INFO] 打开页面: https://outlet.arcteryx.com/ca/zh/c/mens/shell-jackets
2026-04-27 07:00:48,676 [INFO] 等待首屏商品渲染…
2026-04-27 07:00:48,732 [INFO] 开始自动滚动加载所有商品…
2026-04-27 07:00:50,433 [INFO] 抓取到 14 个商品名称
2026-04-27 07:00:50,433 [INFO] 从文件加载商品标题，共 14 项
2026-04-27 07:00:50,434 [INFO] 商品标题已保存到文件: /home/runner/work/good-monitor/good-monitor/tmp/good-monitor/arcteryx_official_titles.json
2026-04-27 08:00:43,062 [INFO] 日志系统初始化完成
2026-04-27 08:00:43,062 [INFO] === 开始一次商品监控 ===
2026-04-27 08:00:43,552 [INFO] 打开页面: https://outlet.arcteryx.com/ca/zh/c/mens/shell-jackets
2026-04-27 08:00:47,455 [INFO] 等待首屏商品渲染…
2026-04-27 08:00:47,510 [INFO] 开始自动滚动加载所有商品…
2026-04-27 08:00:50,003 [INFO] 抓取到 14 个商品名称
2026-04-27 08:00:50,004 [INFO] 从文件加载商品标题，共 14 项
2026-04-27 08:00:50,004 [INFO] 商品标题已保存到文件: /home/runner/work/good-monitor/good-monitor/tmp/good-monitor/arcteryx_official_titles.json
2026-04-27 09:00:44,846 [INFO] 日志系统初始化完成
2026-04-27 09:00:44,846 [INFO] === 开始一次商品监控 ===
2026-04-27 09:00:45,335 [INFO] 打开页面: https://outlet.arcteryx.com/ca/zh/c/mens/shell-jackets
2026-04-27 09:00:48,230 [INFO] 等待首屏商品渲染…
2026-04-27 09:00:48,299 [INFO] 开始自动滚动加载所有商品…
2026-04-27 09:00:49,996 [INFO] 抓取到 14 个商品名称
2026-04-27 09:00:49,996 [INFO] 从文件加载商品标题，共 14 项
2026-04-27 09:00:49,996 [INFO] 商品标题已保存到文件: /home/runner/work/good-monitor/good-monitor/tmp/good-monitor/arcteryx_official_titles.json
2026-04-27 10:00:43,414 [INFO] 日志系统初始化完成
2026-04-27 10:00:43,414 [INFO] === 开始一次商品监控 ===
2026-04-27 10:00:43,896 [INFO] 打开页面: https://outlet.arcteryx.com/ca/zh/c/mens/shell-jackets
2026-04-27 10:00:47,278 [INFO] 等待首屏商品渲染…
2026-04-27 10:00:47,665 [INFO] 开始自动滚动加载所有商品…
2026-04-27 10:00:50,217 [INFO] 抓取到 14 个商品名称
2026-04-27 10:00:50,217 [INFO] 从文件加载商品标题，共 14 项
2026-04-27 10:00:50,218 [INFO] 商品标题已保存到文件: /home/runner/work/good-monitor/good-monitor/tmp/good-monitor/arcteryx_official_titles.json
2026-04-27 11:00:38,961 [INFO] 日志系统初始化完成
2026-04-27 11:00:38,961 [INFO] === 开始一次商品监控 ===
2026-04-27 11:00:39,408 [INFO] 打开页面: https://outlet.arcteryx.com/ca/zh/c/mens/shell-jackets
2026-04-27 11:00:43,400 [INFO] 等待首屏商品渲染…
2026-04-27 11:00:43,448 [INFO] 开始自动滚动加载所有商品…
2026-04-27 11:00:45,124 [INFO] 抓取到 14 个商品名称
2026-04-27 11:00:45,124 [INFO] 从文件加载商品标题，共 14 项
2026-04-27 11:00:45,124 [INFO] 商品标题已保存到文件: /home/runner/work/good-monitor/good-monitor/tmp/good-monitor/arcteryx_official_titles.json
2026-04-27 12:00:41,770 [INFO] 日志系统初始化完成
2026-04-27 12:00:41,771 [INFO] === 开始一次商品监控 ===
2026-04-27 12:00:42,230 [INFO] 打开页面: https://outlet.arcteryx.com/ca/zh/c/mens/shell-jackets
2026-04-27 12:00:44,519 [INFO] 等待首屏商品渲染…
2026-04-27 12:00:45,699 [INFO] 开始自动滚动加载所有商品…
2026-04-27 12:00:47,389 [INFO] 抓取到 14 个商品名称
2026-04-27 12:00:47,389 [INFO] 从文件加载商品标题，共 14 项
2026-04-27 12:00:47,389 [INFO] 商品标题已保存到文件: /home/runner/work/good-monitor/good-monitor/tmp/good-monitor/arcteryx_official_titles.json
2026-04-27 13:00:46,468 [INFO] 日志系统初始化完成
2026-04-27 13:00:46,468 [INFO] === 开始一次商品监控 ===
2026-04-27 13:00:46,939 [INFO] 打开页面: https://outlet.arcteryx.com/ca/zh/c/mens/shell-jackets
2026-04-27 13:00:49,792 [INFO] 等待首屏商品渲染…
2026-04-27 13:00:50,951 [INFO] 开始自动滚动加载所有商品…
2026-04-27 13:00:52,695 [INFO] 抓取到 14 个商品名称
2026-04-27 13:00:52,695 [INFO] 从文件加载商品标题，共 14 项
2026-04-27 13:00:52,695 [INFO] 商品标题已保存到文件: /home/runner/work/good-monitor/good-monitor/tmp/good-monitor/arcteryx_official_titles.json
2026-04-27 14:00:46,954 [INFO] 日志系统初始化完成
2026-04-27 14:00:46,955 [INFO] === 开始一次商品监控 ===
2026-04-27 14:00:47,469 [INFO] 打开页面: https://outlet.arcteryx.com/ca/zh/c/mens/shell-jackets
2026-04-27 14:00:49,256 [INFO] 等待首屏商品渲染…
2026-04-27 14:00:50,436 [INFO] 开始自动滚动加载所有商品…
2026-04-27 14:00:52,140 [INFO] 抓取到 14 个商品名称
2026-04-27 14:00:52,141 [INFO] 从文件加载商品标题，共 14 项
2026-04-27 14:00:52,141 [INFO] 商品标题已保存到文件: /home/runner/work/good-monitor/good-monitor/tmp/good-monitor/arcteryx_official_titles.json
2026-04-27 15:00:55,433 [INFO] 日志系统初始化完成
2026-04-27 15:00:55,433 [INFO] === 开始一次商品监控 ===
2026-04-27 15:00:55,942 [INFO] 打开页面: https://outlet.arcteryx.com/ca/zh/c/mens/shell-jackets
2026-04-27 15:00:59,973 [INFO] 等待首屏商品渲染…
2026-04-27 15:01:00,034 [INFO] 开始自动滚动加载所有商品…
2026-04-27 15:01:01,729 [INFO] 抓取到 14 个商品名称
2026-04-27 15:01:01,730 [INFO] 从文件加载商品标题，共 14 项
2026-04-27 15:01:01,730 [INFO] 商品标题已保存到文件: /home/runner/work/good-monitor/good-monitor/tmp/good-monitor/arcteryx_official_titles.json
2026-04-27 16:00:46,788 [INFO] 日志系统初始化完成
2026-04-27 16:00:46,788 [INFO] === 开始一次商品监控 ===
2026-04-27 16:00:47,277 [INFO] 打开页面: https://outlet.arcteryx.com/ca/zh/c/mens/shell-jackets
2026-04-27 16:00:48,905 [INFO] 等待首屏商品渲染…
2026-04-27 16:00:49,258 [INFO] 开始自动滚动加载所有商品…
2026-04-27 16:00:51,999 [INFO] 抓取到 14 个商品名称
2026-04-27 16:00:52,000 [INFO] 从文件加载商品标题，共 14 项
2026-04-27 16:00:52,000 [INFO] 商品标题已保存到文件: /home/runner/work/good-monitor/good-monitor/tmp/good-monitor/arcteryx_official_titles.json
2026-04-27 17:00:44,454 [INFO] 日志系统初始化完成
2026-04-27 17:00:44,454 [INFO] === 开始一次商品监控 ===
2026-04-27 17:00:44,968 [INFO] 打开页面: https://outlet.arcteryx.com/ca/zh/c/mens/shell-jackets
2026-04-27 17:00:48,579 [INFO] 等待首屏商品渲染…
2026-04-27 17:00:50,350 [INFO] 开始自动滚动加载所有商品…
2026-04-27 17:00:52,119 [INFO] 抓取到 10 个商品名称
2026-04-27 17:00:52,119 [INFO] 从文件加载商品标题，共 14 项
2026-04-27 17:00:52,119 [INFO] 下架商品: ['Gamma MX连帽衣 男装', 'Alpha 夹克 男装', 'Gamma Lightweight夹克 男装', 'Indisce西装夹克 男装']
2026-04-27 17:00:53,820 [INFO] 推送结果: {"code":200,"message":"success","timestamp":1777309253}
2026-04-27 17:00:53,822 [INFO] 商品标题已保存到文件: /home/runner/work/good-monitor/good-monitor/tmp/good-monitor/arcteryx_official_titles.json
2026-04-27 18:00:45,272 [INFO] 日志系统初始化完成
2026-04-27 18:00:45,272 [INFO] === 开始一次商品监控 ===
2026-04-27 18:00:45,743 [INFO] 打开页面: https://outlet.arcteryx.com/ca/zh/c/mens/shell-jackets
2026-04-27 18:00:49,190 [INFO] 等待首屏商品渲染…
2026-04-27 18:00:50,407 [INFO] 开始自动滚动加载所有商品…
2026-04-27 18:00:52,137 [INFO] 抓取到 10 个商品名称
2026-04-27 18:00:52,137 [INFO] 从文件加载商品标题，共 10 项
2026-04-27 18:00:52,137 [INFO] 商品标题已保存到文件: /home/runner/work/good-monitor/good-monitor/tmp/good-monitor/arcteryx_official_titles.json
2026-04-27 19:00:49,325 [INFO] 日志系统初始化完成
2026-04-27 19:00:49,326 [INFO] === 开始一次商品监控 ===
2026-04-27 19:00:49,817 [INFO] 打开页面: https://outlet.arcteryx.com/ca/zh/c/mens/shell-jackets
2026-04-27 19:00:51,314 [INFO] 等待首屏商品渲染…
2026-04-27 19:00:51,611 [INFO] 开始自动滚动加载所有商品…
2026-04-27 19:00:54,127 [INFO] 抓取到 10 个商品名称
2026-04-27 19:00:54,127 [INFO] 从文件加载商品标题，共 10 项
2026-04-27 19:00:54,127 [INFO] 商品标题已保存到文件: /home/runner/work/good-monitor/good-monitor/tmp/good-monitor/arcteryx_official_titles.json
2026-04-27 20:00:58,918 [INFO] 日志系统初始化完成
2026-04-27 20:00:58,918 [INFO] === 开始一次商品监控 ===
2026-04-27 20:00:59,563 [INFO] 打开页面: https://outlet.arcteryx.com/ca/zh/c/mens/shell-jackets
2026-04-27 20:01:01,531 [INFO] 等待首屏商品渲染…
2026-04-27 20:01:02,061 [INFO] 开始自动滚动加载所有商品…
2026-04-27 20:01:04,951 [INFO] 抓取到 10 个商品名称
2026-04-27 20:01:04,952 [INFO] 从文件加载商品标题，共 10 项
2026-04-27 20:01:04,952 [INFO] 商品标题已保存到文件: /home/runner/work/good-monitor/good-monitor/tmp/good-monitor/arcteryx_official_titles.json
2026-04-27 21:00:51,095 [INFO] 日志系统初始化完成
2026-04-27 21:00:51,095 [INFO] === 开始一次商品监控 ===
2026-04-27 21:00:51,575 [INFO] 打开页面: https://outlet.arcteryx.com/ca/zh/c/mens/shell-jackets
2026-04-27 21:00:55,729 [INFO] 等待首屏商品渲染…
2026-04-27 21:00:55,771 [INFO] 开始自动滚动加载所有商品…
2026-04-27 21:00:57,506 [INFO] 抓取到 10 个商品名称
2026-04-27 21:00:57,506 [INFO] 从文件加载商品标题，共 10 项
2026-04-27 21:00:57,507 [INFO] 商品标题已保存到文件: /home/runner/work/good-monitor/good-monitor/tmp/good-monitor/arcteryx_official_titles.json
2026-04-27 22:00:43,541 [INFO] 日志系统初始化完成
2026-04-27 22:00:43,541 [INFO] === 开始一次商品监控 ===
2026-04-27 22:00:44,024 [INFO] 打开页面: https://outlet.arcteryx.com/ca/zh/c/mens/shell-jackets
2026-04-27 22:00:47,816 [INFO] 等待首屏商品渲染…
2026-04-27 22:00:47,906 [INFO] 开始自动滚动加载所有商品…
2026-04-27 22:00:50,441 [INFO] 抓取到 10 个商品名称
2026-04-27 22:00:50,442 [INFO] 从文件加载商品标题，共 10 项
2026-04-27 22:00:50,442 [INFO] 商品标题已保存到文件: /home/runner/work/good-monitor/good-monitor/tmp/good-monitor/arcteryx_official_titles.json
2026-04-27 23:00:47,612 [INFO] 日志系统初始化完成
2026-04-27 23:00:47,613 [INFO] === 开始一次商品监控 ===
2026-04-27 23:00:48,116 [INFO] 打开页面: https://outlet.arcteryx.com/ca/zh/c/mens/shell-jackets
2026-04-27 23:00:50,692 [INFO] 等待首屏商品渲染…
2026-04-27 23:00:51,808 [INFO] 开始自动滚动加载所有商品…
2026-04-27 23:00:53,610 [INFO] 抓取到 10 个商品名称
2026-04-27 23:00:53,610 [INFO] 从文件加载商品标题，共 10 项
2026-04-27 23:00:53,610 [INFO] 商品标题已保存到文件: /home/runner/work/good-monitor/good-monitor/tmp/good-monitor/arcteryx_official_titles.json
2026-04-28 00:00:47,844 [INFO] 日志系统初始化完成
2026-04-28 00:00:47,844 [INFO] === 开始一次商品监控 ===
2026-04-28 00:00:48,373 [INFO] 打开页面: https://outlet.arcteryx.com/ca/zh/c/mens/shell-jackets
2026-04-28 00:00:51,585 [INFO] 等待首屏商品渲染…
2026-04-28 00:00:51,895 [INFO] 开始自动滚动加载所有商品…
2026-04-28 00:00:53,574 [INFO] 抓取到 10 个商品名称
2026-04-28 00:00:53,574 [INFO] 从文件加载商品标题，共 10 项
2026-04-28 00:00:53,574 [INFO] 商品标题已保存到文件: /home/runner/work/good-monitor/good-monitor/tmp/good-monitor/arcteryx_official_titles.json
2026-04-28 01:00:43,612 [INFO] 日志系统初始化完成
2026-04-28 01:00:43,612 [INFO] === 开始一次商品监控 ===
2026-04-28 01:00:44,089 [INFO] 打开页面: https://outlet.arcteryx.com/ca/zh/c/mens/shell-jackets
2026-04-28 01:00:47,149 [INFO] 等待首屏商品渲染…
2026-04-28 01:00:48,725 [INFO] 开始自动滚动加载所有商品…
2026-04-28 01:00:50,471 [INFO] 抓取到 10 个商品名称
2026-04-28 01:00:50,472 [INFO] 从文件加载商品标题，共 10 项
2026-04-28 01:00:50,472 [INFO] 商品标题已保存到文件: /home/runner/work/good-monitor/good-monitor/tmp/good-monitor/arcteryx_official_titles.json
2026-04-28 02:00:52,081 [INFO] 日志系统初始化完成
2026-04-28 02:00:52,081 [INFO] === 开始一次商品监控 ===
2026-04-28 02:00:52,571 [INFO] 打开页面: https://outlet.arcteryx.com/ca/zh/c/mens/shell-jackets
2026-04-28 02:00:54,694 [INFO] 等待首屏商品渲染…
2026-04-28 02:00:55,013 [INFO] 开始自动滚动加载所有商品…
2026-04-28 02:00:56,703 [INFO] 抓取到 10 个商品名称
2026-04-28 02:00:56,703 [INFO] 从文件加载商品标题，共 10 项
2026-04-28 02:00:56,704 [INFO] 商品标题已保存到文件: /home/runner/work/good-monitor/good-monitor/tmp/good-monitor/arcteryx_official_titles.json
2026-04-28 03:00:42,649 [INFO] 日志系统初始化完成
2026-04-28 03:00:42,649 [INFO] === 开始一次商品监控 ===
2026-04-28 03:00:43,118 [INFO] 打开页面: https://outlet.arcteryx.com/ca/zh/c/mens/shell-jackets
2026-04-28 03:00:45,156 [INFO] 等待首屏商品渲染…
2026-04-28 03:00:46,304 [INFO] 开始自动滚动加载所有商品…
2026-04-28 03:00:48,018 [INFO] 抓取到 10 个商品名称
2026-04-28 03:00:48,019 [INFO] 从文件加载商品标题，共 10 项
2026-04-28 03:00:48,019 [INFO] 商品标题已保存到文件: /home/runner/work/good-monitor/good-monitor/tmp/good-monitor/arcteryx_official_titles.json
2026-04-28 04:00:41,536 [INFO] 日志系统初始化完成
2026-04-28 04:00:41,536 [INFO] === 开始一次商品监控 ===
2026-04-28 04:00:42,040 [INFO] 打开页面: https://outlet.arcteryx.com/ca/zh/c/mens/shell-jackets
2026-04-28 04:00:46,188 [INFO] 等待首屏商品渲染…
2026-04-28 04:00:46,231 [INFO] 开始自动滚动加载所有商品…
2026-04-28 04:00:47,928 [INFO] 抓取到 10 个商品名称
2026-04-28 04:00:47,928 [INFO] 从文件加载商品标题，共 10 项
2026-04-28 04:00:47,928 [INFO] 商品标题已保存到文件: /home/runner/work/good-monitor/good-monitor/tmp/good-monitor/arcteryx_official_titles.json
2026-04-28 05:00:41,257 [INFO] 日志系统初始化完成
2026-04-28 05:00:41,257 [INFO] === 开始一次商品监控 ===
2026-04-28 05:00:41,736 [INFO] 打开页面: https://outlet.arcteryx.com/ca/zh/c/mens/shell-jackets
2026-04-28 05:00:44,784 [INFO] 等待首屏商品渲染…
2026-04-28 05:00:44,862 [INFO] 开始自动滚动加载所有商品…
2026-04-28 05:00:47,377 [INFO] 抓取到 10 个商品名称
2026-04-28 05:00:47,378 [INFO] 从文件加载商品标题，共 10 项
2026-04-28 05:00:47,378 [INFO] 商品标题已保存到文件: /home/runner/work/good-monitor/good-monitor/tmp/good-monitor/arcteryx_official_titles.json
2026-04-28 06:00:49,512 [INFO] 日志系统初始化完成
2026-04-28 06:00:49,512 [INFO] === 开始一次商品监控 ===
2026-04-28 06:00:49,988 [INFO] 打开页面: https://outlet.arcteryx.com/ca/zh/c/mens/shell-jackets
2026-04-28 06:00:51,661 [INFO] 等待首屏商品渲染…
2026-04-28 06:00:52,774 [INFO] 开始自动滚动加载所有商品…
2026-04-28 06:00:54,554 [INFO] 抓取到 10 个商品名称
2026-04-28 06:00:54,554 [INFO] 从文件加载商品标题，共 10 项
2026-04-28 06:00:54,555 [INFO] 商品标题已保存到文件: /home/runner/work/good-monitor/good-monitor/tmp/good-monitor/arcteryx_official_titles.json
2026-04-28 07:00:47,251 [INFO] 日志系统初始化完成
2026-04-28 07:00:47,251 [INFO] === 开始一次商品监控 ===
2026-04-28 07:00:47,747 [INFO] 打开页面: https://outlet.arcteryx.com/ca/zh/c/mens/shell-jackets
2026-04-28 07:00:51,608 [INFO] 等待首屏商品渲染…
2026-04-28 07:00:51,672 [INFO] 开始自动滚动加载所有商品…
2026-04-28 07:00:54,173 [INFO] 抓取到 10 个商品名称
2026-04-28 07:00:54,173 [INFO] 从文件加载商品标题，共 10 项
2026-04-28 07:00:54,174 [INFO] 商品标题已保存到文件: /home/runner/work/good-monitor/good-monitor/tmp/good-monitor/arcteryx_official_titles.json
2026-04-28 08:01:09,428 [INFO] 日志系统初始化完成
2026-04-28 08:01:09,429 [INFO] === 开始一次商品监控 ===
2026-04-28 08:01:10,405 [INFO] 打开页面: https://outlet.arcteryx.com/ca/zh/c/mens/shell-jackets
2026-04-28 08:01:12,955 [INFO] 等待首屏商品渲染…
2026-04-28 08:01:14,109 [INFO] 开始自动滚动加载所有商品…
2026-04-28 08:01:15,825 [INFO] 抓取到 10 个商品名称
2026-04-28 08:01:15,826 [INFO] 从文件加载商品标题，共 10 项
2026-04-28 08:01:15,826 [INFO] 商品标题已保存到文件: /home/runner/work/good-monitor/good-monitor/tmp/good-monitor/arcteryx_official_titles.json
2026-04-28 09:00:43,336 [INFO] 日志系统初始化完成
2026-04-28 09:00:43,336 [INFO] === 开始一次商品监控 ===
2026-04-28 09:00:43,840 [INFO] 打开页面: https://outlet.arcteryx.com/ca/zh/c/mens/shell-jackets
2026-04-28 09:00:46,161 [INFO] 等待首屏商品渲染…
2026-04-28 09:00:46,400 [INFO] 开始自动滚动加载所有商品…
2026-04-28 09:00:49,201 [INFO] 抓取到 10 个商品名称
2026-04-28 09:00:49,202 [INFO] 从文件加载商品标题，共 10 项
2026-04-28 09:00:49,202 [INFO] 商品标题已保存到文件: /home/runner/work/good-monitor/good-monitor/tmp/good-monitor/arcteryx_official_titles.json
2026-04-28 10:00:46,986 [INFO] 日志系统初始化完成
2026-04-28 10:00:46,986 [INFO] === 开始一次商品监控 ===
2026-04-28 10:00:47,524 [INFO] 打开页面: https://outlet.arcteryx.com/ca/zh/c/mens/shell-jackets
2026-04-28 10:00:51,848 [INFO] 等待首屏商品渲染…
2026-04-28 10:00:52,191 [INFO] 开始自动滚动加载所有商品…
2026-04-28 10:00:54,674 [INFO] 抓取到 10 个商品名称
2026-04-28 10:00:54,674 [INFO] 从文件加载商品标题，共 10 项
2026-04-28 10:00:54,675 [INFO] 商品标题已保存到文件: /home/runner/work/good-monitor/good-monitor/tmp/good-monitor/arcteryx_official_titles.json
2026-04-28 11:00:52,810 [INFO] 日志系统初始化完成
2026-04-28 11:00:52,810 [INFO] === 开始一次商品监控 ===
2026-04-28 11:00:53,250 [INFO] 打开页面: https://outlet.arcteryx.com/ca/zh/c/mens/shell-jackets
2026-04-28 11:00:57,448 [INFO] 等待首屏商品渲染…
2026-04-28 11:00:57,486 [INFO] 开始自动滚动加载所有商品…
2026-04-28 11:00:59,178 [INFO] 抓取到 10 个商品名称
2026-04-28 11:00:59,178 [INFO] 从文件加载商品标题，共 10 项
2026-04-28 11:00:59,179 [INFO] 商品标题已保存到文件: /home/runner/work/good-monitor/good-monitor/tmp/good-monitor/arcteryx_official_titles.json
2026-04-28 12:00:49,075 [INFO] 日志系统初始化完成
2026-04-28 12:00:49,075 [INFO] === 开始一次商品监控 ===
2026-04-28 12:00:49,619 [INFO] 打开页面: https://outlet.arcteryx.com/ca/zh/c/mens/shell-jackets
2026-04-28 12:00:53,252 [INFO] 等待首屏商品渲染…
2026-04-28 12:00:53,294 [INFO] 开始自动滚动加载所有商品…
2026-04-28 12:00:54,977 [INFO] 抓取到 10 个商品名称
2026-04-28 12:00:54,977 [INFO] 从文件加载商品标题，共 10 项
2026-04-28 12:00:54,978 [INFO] 商品标题已保存到文件: /home/runner/work/good-monitor/good-monitor/tmp/good-monitor/arcteryx_official_titles.json
2026-04-28 13:00:56,252 [INFO] 日志系统初始化完成
2026-04-28 13:00:56,252 [INFO] === 开始一次商品监控 ===
2026-04-28 13:00:56,760 [INFO] 打开页面: https://outlet.arcteryx.com/ca/zh/c/mens/shell-jackets
2026-04-28 13:01:01,859 [INFO] 等待首屏商品渲染…
2026-04-28 13:01:01,973 [INFO] 开始自动滚动加载所有商品…
2026-04-28 13:01:03,667 [INFO] 抓取到 10 个商品名称
2026-04-28 13:01:03,668 [INFO] 从文件加载商品标题，共 10 项
2026-04-28 13:01:03,668 [INFO] 商品标题已保存到文件: /home/runner/work/good-monitor/good-monitor/tmp/good-monitor/arcteryx_official_titles.json
2026-04-28 14:00:56,432 [INFO] 日志系统初始化完成
2026-04-28 14:00:56,432 [INFO] === 开始一次商品监控 ===
2026-04-28 14:00:56,944 [INFO] 打开页面: https://outlet.arcteryx.com/ca/zh/c/mens/shell-jackets
2026-04-28 14:00:59,501 [INFO] 等待首屏商品渲染…
2026-04-28 14:01:00,672 [INFO] 开始自动滚动加载所有商品…
2026-04-28 14:01:02,537 [INFO] 抓取到 10 个商品名称
2026-04-28 14:01:02,538 [INFO] 从文件加载商品标题，共 10 项
2026-04-28 14:01:02,538 [INFO] 商品标题已保存到文件: /home/runner/work/good-monitor/good-monitor/tmp/good-monitor/arcteryx_official_titles.json
2026-04-28 15:00:59,436 [INFO] 日志系统初始化完成
2026-04-28 15:00:59,436 [INFO] === 开始一次商品监控 ===
2026-04-28 15:00:59,914 [INFO] 打开页面: https://outlet.arcteryx.com/ca/zh/c/mens/shell-jackets
2026-04-28 15:01:04,162 [INFO] 等待首屏商品渲染…
2026-04-28 15:01:04,207 [INFO] 开始自动滚动加载所有商品…
2026-04-28 15:01:05,905 [INFO] 抓取到 10 个商品名称
2026-04-28 15:01:05,905 [INFO] 从文件加载商品标题，共 10 项
2026-04-28 15:01:05,905 [INFO] 商品标题已保存到文件: /home/runner/work/good-monitor/good-monitor/tmp/good-monitor/arcteryx_official_titles.json
2026-04-28 16:00:49,677 [INFO] 日志系统初始化完成
2026-04-28 16:00:49,677 [INFO] === 开始一次商品监控 ===
2026-04-28 16:00:50,206 [INFO] 打开页面: https://outlet.arcteryx.com/ca/zh/c/mens/shell-jackets
2026-04-28 16:00:54,239 [INFO] 等待首屏商品渲染…
2026-04-28 16:00:54,280 [INFO] 开始自动滚动加载所有商品…
2026-04-28 16:00:55,973 [INFO] 抓取到 10 个商品名称
2026-04-28 16:00:55,973 [INFO] 从文件加载商品标题，共 10 项
2026-04-28 16:00:55,974 [INFO] 商品标题已保存到文件: /home/runner/work/good-monitor/good-monitor/tmp/good-monitor/arcteryx_official_titles.json
2026-04-28 17:00:52,600 [INFO] 日志系统初始化完成
2026-04-28 17:00:52,600 [INFO] === 开始一次商品监控 ===
2026-04-28 17:00:53,076 [INFO] 打开页面: https://outlet.arcteryx.com/ca/zh/c/mens/shell-jackets
2026-04-28 17:00:56,875 [INFO] 等待首屏商品渲染…
2026-04-28 17:00:56,941 [INFO] 开始自动滚动加载所有商品…
2026-04-28 17:00:58,631 [INFO] 抓取到 10 个商品名称
2026-04-28 17:00:58,631 [INFO] 从文件加载商品标题，共 10 项
2026-04-28 17:00:58,631 [INFO] 商品标题已保存到文件: /home/runner/work/good-monitor/good-monitor/tmp/good-monitor/arcteryx_official_titles.json
2026-04-28 18:00:45,425 [INFO] 日志系统初始化完成
2026-04-28 18:00:45,425 [INFO] === 开始一次商品监控 ===
2026-04-28 18:00:45,906 [INFO] 打开页面: https://outlet.arcteryx.com/ca/zh/c/mens/shell-jackets
2026-04-28 18:00:49,965 [INFO] 等待首屏商品渲染…
2026-04-28 18:00:50,037 [INFO] 开始自动滚动加载所有商品…
2026-04-28 18:00:51,722 [INFO] 抓取到 10 个商品名称
2026-04-28 18:00:51,722 [INFO] 从文件加载商品标题，共 10 项
2026-04-28 18:00:51,723 [INFO] 商品标题已保存到文件: /home/runner/work/good-monitor/good-monitor/tmp/good-monitor/arcteryx_official_titles.json
2026-04-28 19:00:53,992 [INFO] 日志系统初始化完成
2026-04-28 19:00:53,992 [INFO] === 开始一次商品监控 ===
2026-04-28 19:00:54,482 [INFO] 打开页面: https://outlet.arcteryx.com/ca/zh/c/mens/shell-jackets
2026-04-28 19:00:57,308 [INFO] 等待首屏商品渲染…
2026-04-28 19:00:57,352 [INFO] 开始自动滚动加载所有商品…
2026-04-28 19:00:59,033 [INFO] 抓取到 10 个商品名称
2026-04-28 19:00:59,033 [INFO] 从文件加载商品标题，共 10 项
2026-04-28 19:00:59,033 [INFO] 商品标题已保存到文件: /home/runner/work/good-monitor/good-monitor/tmp/good-monitor/arcteryx_official_titles.json
2026-04-28 20:00:53,433 [INFO] 日志系统初始化完成
2026-04-28 20:00:53,433 [INFO] === 开始一次商品监控 ===
2026-04-28 20:00:53,938 [INFO] 打开页面: https://outlet.arcteryx.com/ca/zh/c/mens/shell-jackets
2026-04-28 20:00:57,306 [INFO] 等待首屏商品渲染…
2026-04-28 20:00:58,943 [INFO] 开始自动滚动加载所有商品…
2026-04-28 20:01:00,681 [INFO] 抓取到 10 个商品名称
2026-04-28 20:01:00,682 [INFO] 从文件加载商品标题，共 10 项
2026-04-28 20:01:00,682 [INFO] 商品标题已保存到文件: /home/runner/work/good-monitor/good-monitor/tmp/good-monitor/arcteryx_official_titles.json
2026-04-28 21:00:50,128 [INFO] 日志系统初始化完成
2026-04-28 21:00:50,128 [INFO] === 开始一次商品监控 ===
2026-04-28 21:00:50,605 [INFO] 打开页面: https://outlet.arcteryx.com/ca/zh/c/mens/shell-jackets
2026-04-28 21:00:53,994 [INFO] 等待首屏商品渲染…
2026-04-28 21:00:54,293 [INFO] 开始自动滚动加载所有商品…
2026-04-28 21:00:55,974 [INFO] 抓取到 10 个商品名称
2026-04-28 21:00:55,974 [INFO] 从文件加载商品标题，共 10 项
2026-04-28 21:00:55,974 [INFO] 商品标题已保存到文件: /home/runner/work/good-monitor/good-monitor/tmp/good-monitor/arcteryx_official_titles.json
2026-04-28 22:00:45,086 [INFO] 日志系统初始化完成
2026-04-28 22:00:45,086 [INFO] === 开始一次商品监控 ===
2026-04-28 22:00:45,565 [INFO] 打开页面: https://outlet.arcteryx.com/ca/zh/c/mens/shell-jackets
2026-04-28 22:00:47,411 [INFO] 等待首屏商品渲染…
2026-04-28 22:00:48,366 [INFO] 开始自动滚动加载所有商品…
2026-04-28 22:00:50,362 [INFO] 抓取到 10 个商品名称
2026-04-28 22:00:50,362 [INFO] 从文件加载商品标题，共 10 项
2026-04-28 22:00:50,362 [INFO] 商品标题已保存到文件: /home/runner/work/good-monitor/good-monitor/tmp/good-monitor/arcteryx_official_titles.json
2026-04-28 23:00:48,024 [INFO] 日志系统初始化完成
2026-04-28 23:00:48,024 [INFO] === 开始一次商品监控 ===
2026-04-28 23:00:48,493 [INFO] 打开页面: https://outlet.arcteryx.com/ca/zh/c/mens/shell-jackets
2026-04-28 23:00:51,780 [INFO] 等待首屏商品渲染…
2026-04-28 23:00:53,404 [INFO] 开始自动滚动加载所有商品…
2026-04-28 23:00:56,030 [INFO] 抓取到 10 个商品名称
2026-04-28 23:00:56,031 [INFO] 从文件加载商品标题，共 10 项
2026-04-28 23:00:56,031 [INFO] 商品标题已保存到文件: /home/runner/work/good-monitor/good-monitor/tmp/good-monitor/arcteryx_official_titles.json
2026-04-29 00:00:47,346 [INFO] 日志系统初始化完成
2026-04-29 00:00:47,346 [INFO] === 开始一次商品监控 ===
2026-04-29 00:00:47,873 [INFO] 打开页面: https://outlet.arcteryx.com/ca/zh/c/mens/shell-jackets
2026-04-29 00:00:50,616 [INFO] 等待首屏商品渲染…
2026-04-29 00:00:51,749 [INFO] 开始自动滚动加载所有商品…
2026-04-29 00:00:53,497 [INFO] 抓取到 10 个商品名称
2026-04-29 00:00:53,497 [INFO] 从文件加载商品标题，共 10 项
2026-04-29 00:00:53,498 [INFO] 商品标题已保存到文件: /home/runner/work/good-monitor/good-monitor/tmp/good-monitor/arcteryx_official_titles.json
2026-04-29 01:00:44,312 [INFO] 日志系统初始化完成
2026-04-29 01:00:44,312 [INFO] === 开始一次商品监控 ===
2026-04-29 01:00:44,841 [INFO] 打开页面: https://outlet.arcteryx.com/ca/zh/c/mens/shell-jackets
2026-04-29 01:00:46,804 [INFO] 等待首屏商品渲染…
2026-04-29 01:00:47,969 [INFO] 开始自动滚动加载所有商品…
2026-04-29 01:00:49,767 [INFO] 抓取到 10 个商品名称
2026-04-29 01:00:49,768 [INFO] 从文件加载商品标题，共 10 项
2026-04-29 01:00:49,768 [INFO] 商品标题已保存到文件: /home/runner/work/good-monitor/good-monitor/tmp/good-monitor/arcteryx_official_titles.json
2026-04-29 02:00:46,826 [INFO] 日志系统初始化完成
2026-04-29 02:00:46,827 [INFO] === 开始一次商品监控 ===
2026-04-29 02:00:47,323 [INFO] 打开页面: https://outlet.arcteryx.com/ca/zh/c/mens/shell-jackets
2026-04-29 02:00:49,216 [INFO] 等待首屏商品渲染…
2026-04-29 02:00:50,397 [INFO] 开始自动滚动加载所有商品…
2026-04-29 02:00:52,264 [INFO] 抓取到 10 个商品名称
2026-04-29 02:00:52,264 [INFO] 从文件加载商品标题，共 10 项
2026-04-29 02:00:52,265 [INFO] 商品标题已保存到文件: /home/runner/work/good-monitor/good-monitor/tmp/good-monitor/arcteryx_official_titles.json
2026-04-29 03:00:39,956 [INFO] 日志系统初始化完成
2026-04-29 03:00:39,956 [INFO] === 开始一次商品监控 ===
2026-04-29 03:00:40,446 [INFO] 打开页面: https://outlet.arcteryx.com/ca/zh/c/mens/shell-jackets
2026-04-29 03:00:43,544 [INFO] 等待首屏商品渲染…
2026-04-29 03:00:45,232 [INFO] 开始自动滚动加载所有商品…
2026-04-29 03:00:47,030 [INFO] 抓取到 10 个商品名称
2026-04-29 03:00:47,030 [INFO] 从文件加载商品标题，共 10 项
2026-04-29 03:00:47,031 [INFO] 商品标题已保存到文件: /home/runner/work/good-monitor/good-monitor/tmp/good-monitor/arcteryx_official_titles.json
2026-04-29 04:00:50,713 [INFO] 日志系统初始化完成
2026-04-29 04:00:50,713 [INFO] === 开始一次商品监控 ===
2026-04-29 04:00:51,204 [INFO] 打开页面: https://outlet.arcteryx.com/ca/zh/c/mens/shell-jackets
2026-04-29 04:00:54,988 [INFO] 等待首屏商品渲染…
2026-04-29 04:00:55,058 [INFO] 开始自动滚动加载所有商品…
2026-04-29 04:00:56,747 [INFO] 抓取到 10 个商品名称
2026-04-29 04:00:56,748 [INFO] 从文件加载商品标题，共 10 项
2026-04-29 04:00:56,748 [INFO] 商品标题已保存到文件: /home/runner/work/good-monitor/good-monitor/tmp/good-monitor/arcteryx_official_titles.json
2026-04-29 05:00:37,710 [INFO] 日志系统初始化完成
2026-04-29 05:00:37,710 [INFO] === 开始一次商品监控 ===
2026-04-29 05:00:38,232 [INFO] 打开页面: https://outlet.arcteryx.com/ca/zh/c/mens/shell-jackets
2026-04-29 05:00:41,365 [INFO] 等待首屏商品渲染…
2026-04-29 05:00:43,043 [INFO] 开始自动滚动加载所有商品…
2026-04-29 05:00:44,855 [INFO] 抓取到 10 个商品名称
2026-04-29 05:00:44,855 [INFO] 从文件加载商品标题，共 10 项
2026-04-29 05:00:44,856 [INFO] 商品标题已保存到文件: /home/runner/work/good-monitor/good-monitor/tmp/good-monitor/arcteryx_official_titles.json
2026-04-29 06:00:50,669 [INFO] 日志系统初始化完成
2026-04-29 06:00:50,669 [INFO] === 开始一次商品监控 ===
2026-04-29 06:00:51,147 [INFO] 打开页面: https://outlet.arcteryx.com/ca/zh/c/mens/shell-jackets
2026-04-29 06:00:54,239 [INFO] 等待首屏商品渲染…
2026-04-29 06:00:55,414 [INFO] 开始自动滚动加载所有商品…
2026-04-29 06:00:57,086 [INFO] 抓取到 10 个商品名称
2026-04-29 06:00:57,087 [INFO] 从文件加载商品标题，共 10 项
2026-04-29 06:00:57,087 [INFO] 商品标题已保存到文件: /home/runner/work/good-monitor/good-monitor/tmp/good-monitor/arcteryx_official_titles.json
2026-04-29 07:00:37,985 [INFO] 日志系统初始化完成
2026-04-29 07:00:37,985 [INFO] === 开始一次商品监控 ===
2026-04-29 07:00:38,436 [INFO] 打开页面: https://outlet.arcteryx.com/ca/zh/c/mens/shell-jackets
2026-04-29 07:00:41,062 [INFO] 等待首屏商品渲染…
2026-04-29 07:00:42,205 [INFO] 开始自动滚动加载所有商品…
2026-04-29 07:00:43,934 [INFO] 抓取到 10 个商品名称
2026-04-29 07:00:43,935 [INFO] 从文件加载商品标题，共 10 项
2026-04-29 07:00:43,935 [INFO] 商品标题已保存到文件: /home/runner/work/good-monitor/good-monitor/tmp/good-monitor/arcteryx_official_titles.json
2026-04-29 08:00:45,073 [INFO] 日志系统初始化完成
2026-04-29 08:00:45,073 [INFO] === 开始一次商品监控 ===
2026-04-29 08:00:45,541 [INFO] 打开页面: https://outlet.arcteryx.com/ca/zh/c/mens/shell-jackets
2026-04-29 08:00:49,559 [INFO] 等待首屏商品渲染…
2026-04-29 08:00:49,641 [INFO] 开始自动滚动加载所有商品…
2026-04-29 08:00:51,336 [INFO] 抓取到 10 个商品名称
2026-04-29 08:00:51,337 [INFO] 从文件加载商品标题，共 10 项
2026-04-29 08:00:51,337 [INFO] 商品标题已保存到文件: /home/runner/work/good-monitor/good-monitor/tmp/good-monitor/arcteryx_official_titles.json
2026-04-29 09:00:47,412 [INFO] 日志系统初始化完成
2026-04-29 09:00:47,412 [INFO] === 开始一次商品监控 ===
2026-04-29 09:00:47,807 [INFO] 打开页面: https://outlet.arcteryx.com/ca/zh/c/mens/shell-jackets
2026-04-29 09:00:50,882 [INFO] 等待首屏商品渲染…
2026-04-29 09:00:52,661 [INFO] 开始自动滚动加载所有商品…
2026-04-29 09:00:54,394 [INFO] 抓取到 10 个商品名称
2026-04-29 09:00:54,394 [INFO] 从文件加载商品标题，共 10 项
2026-04-29 09:00:54,394 [INFO] 商品标题已保存到文件: /home/runner/work/good-monitor/good-monitor/tmp/good-monitor/arcteryx_official_titles.json
2026-04-29 10:00:54,998 [INFO] 日志系统初始化完成
2026-04-29 10:00:54,998 [INFO] === 开始一次商品监控 ===
2026-04-29 10:00:55,390 [INFO] 打开页面: https://outlet.arcteryx.com/ca/zh/c/mens/shell-jackets
2026-04-29 10:00:59,012 [INFO] 等待首屏商品渲染…
2026-04-29 10:00:59,102 [INFO] 开始自动滚动加载所有商品…
2026-04-29 10:01:00,801 [INFO] 抓取到 10 个商品名称
2026-04-29 10:01:00,801 [INFO] 从文件加载商品标题，共 10 项
2026-04-29 10:01:00,801 [INFO] 商品标题已保存到文件: /home/runner/work/good-monitor/good-monitor/tmp/good-monitor/arcteryx_official_titles.json
2026-04-29 11:00:49,100 [INFO] 日志系统初始化完成
2026-04-29 11:00:49,101 [INFO] === 开始一次商品监控 ===
2026-04-29 11:00:49,514 [INFO] 打开页面: https://outlet.arcteryx.com/ca/zh/c/mens/shell-jackets
2026-04-29 11:00:53,806 [INFO] 等待首屏商品渲染…
2026-04-29 11:00:53,846 [INFO] 开始自动滚动加载所有商品…
2026-04-29 11:00:55,557 [INFO] 抓取到 10 个商品名称
2026-04-29 11:00:55,558 [INFO] 从文件加载商品标题，共 10 项
2026-04-29 11:00:55,558 [INFO] 商品标题已保存到文件: /home/runner/work/good-monitor/good-monitor/tmp/good-monitor/arcteryx_official_titles.json
2026-04-29 12:00:52,859 [INFO] 日志系统初始化完成
2026-04-29 12:00:52,859 [INFO] === 开始一次商品监控 ===
2026-04-29 12:00:53,269 [INFO] 打开页面: https://outlet.arcteryx.com/ca/zh/c/mens/shell-jackets
2026-04-29 12:00:56,950 [INFO] 等待首屏商品渲染…
2026-04-29 12:00:57,015 [INFO] 开始自动滚动加载所有商品…
2026-04-29 12:00:58,699 [INFO] 抓取到 10 个商品名称
2026-04-29 12:00:58,700 [INFO] 从文件加载商品标题，共 10 项
2026-04-29 12:00:58,700 [INFO] 商品标题已保存到文件: /home/runner/work/good-monitor/good-monitor/tmp/good-monitor/arcteryx_official_titles.json
2026-04-29 13:00:57,507 [INFO] 日志系统初始化完成
2026-04-29 13:00:57,508 [INFO] === 开始一次商品监控 ===
2026-04-29 13:00:57,885 [INFO] 打开页面: https://outlet.arcteryx.com/ca/zh/c/mens/shell-jackets
2026-04-29 13:01:02,109 [INFO] 等待首屏商品渲染…
2026-04-29 13:01:02,164 [INFO] 开始自动滚动加载所有商品…
2026-04-29 13:01:03,996 [INFO] 抓取到 10 个商品名称
2026-04-29 13:01:03,997 [INFO] 从文件加载商品标题，共 10 项
2026-04-29 13:01:03,997 [INFO] 商品标题已保存到文件: /home/runner/work/good-monitor/good-monitor/tmp/good-monitor/arcteryx_official_titles.json
2026-04-29 14:01:13,352 [INFO] 日志系统初始化完成
2026-04-29 14:01:13,352 [INFO] === 开始一次商品监控 ===
2026-04-29 14:01:13,726 [INFO] 打开页面: https://outlet.arcteryx.com/ca/zh/c/mens/shell-jackets
2026-04-29 14:01:15,430 [INFO] 等待首屏商品渲染…
2026-04-29 14:01:19,255 [INFO] 开始自动滚动加载所有商品…
2026-04-29 14:01:21,764 [INFO] 抓取到 10 个商品名称
2026-04-29 14:01:21,764 [INFO] 从文件加载商品标题，共 10 项
2026-04-29 14:01:21,764 [INFO] 商品标题已保存到文件: /home/runner/work/good-monitor/good-monitor/tmp/good-monitor/arcteryx_official_titles.json
2026-04-29 15:00:52,498 [INFO] 日志系统初始化完成
2026-04-29 15:00:52,498 [INFO] === 开始一次商品监控 ===
2026-04-29 15:00:52,894 [INFO] 打开页面: https://outlet.arcteryx.com/ca/zh/c/mens/shell-jackets
2026-04-29 15:00:54,432 [INFO] 等待首屏商品渲染…
2026-04-29 15:00:55,523 [INFO] 开始自动滚动加载所有商品…
2026-04-29 15:00:58,122 [INFO] 抓取到 10 个商品名称
2026-04-29 15:00:58,122 [INFO] 从文件加载商品标题，共 10 项
2026-04-29 15:00:58,123 [INFO] 商品标题已保存到文件: /home/runner/work/good-monitor/good-monitor/tmp/good-monitor/arcteryx_official_titles.json
2026-04-29 16:00:56,664 [INFO] 日志系统初始化完成
2026-04-29 16:00:56,664 [INFO] === 开始一次商品监控 ===
2026-04-29 16:00:57,077 [INFO] 打开页面: https://outlet.arcteryx.com/ca/zh/c/mens/shell-jackets
2026-04-29 16:01:02,361 [INFO] 等待首屏商品渲染…
2026-04-29 16:01:02,415 [INFO] 开始自动滚动加载所有商品…
2026-04-29 16:01:04,090 [INFO] 抓取到 10 个商品名称
2026-04-29 16:01:04,090 [INFO] 从文件加载商品标题，共 10 项
2026-04-29 16:01:04,090 [INFO] 商品标题已保存到文件: /home/runner/work/good-monitor/good-monitor/tmp/good-monitor/arcteryx_official_titles.json
2026-04-29 17:00:52,823 [INFO] 日志系统初始化完成
2026-04-29 17:00:52,823 [INFO] === 开始一次商品监控 ===
2026-04-29 17:00:53,219 [INFO] 打开页面: https://outlet.arcteryx.com/ca/zh/c/mens/shell-jackets
2026-04-29 17:00:58,056 [INFO] 等待首屏商品渲染…
2026-04-29 17:00:58,095 [INFO] 开始自动滚动加载所有商品…
2026-04-29 17:00:59,821 [INFO] 抓取到 10 个商品名称
2026-04-29 17:00:59,821 [INFO] 从文件加载商品标题，共 10 项
2026-04-29 17:00:59,822 [INFO] 商品标题已保存到文件: /home/runner/work/good-monitor/good-monitor/tmp/good-monitor/arcteryx_official_titles.json
2026-04-29 18:00:50,657 [INFO] 日志系统初始化完成
2026-04-29 18:00:50,657 [INFO] === 开始一次商品监控 ===
2026-04-29 18:00:51,001 [INFO] 打开页面: https://outlet.arcteryx.com/ca/zh/c/mens/shell-jackets
2026-04-29 18:00:53,902 [INFO] 等待首屏商品渲染…
2026-04-29 18:00:54,202 [INFO] 开始自动滚动加载所有商品…
2026-04-29 18:00:55,868 [INFO] 抓取到 10 个商品名称
2026-04-29 18:00:55,868 [INFO] 从文件加载商品标题，共 10 项
2026-04-29 18:00:55,868 [INFO] 商品标题已保存到文件: /home/runner/work/good-monitor/good-monitor/tmp/good-monitor/arcteryx_official_titles.json
2026-04-29 19:00:59,070 [INFO] 日志系统初始化完成
2026-04-29 19:00:59,070 [INFO] === 开始一次商品监控 ===
2026-04-29 19:00:59,449 [INFO] 打开页面: https://outlet.arcteryx.com/ca/zh/c/mens/shell-jackets
2026-04-29 19:01:02,816 [INFO] 等待首屏商品渲染…
2026-04-29 19:01:04,555 [INFO] 开始自动滚动加载所有商品…
2026-04-29 19:01:06,356 [INFO] 抓取到 10 个商品名称
2026-04-29 19:01:06,357 [INFO] 从文件加载商品标题，共 10 项
2026-04-29 19:01:06,357 [INFO] 商品标题已保存到文件: /home/runner/work/good-monitor/good-monitor/tmp/good-monitor/arcteryx_official_titles.json
2026-04-29 20:00:42,505 [INFO] 日志系统初始化完成
2026-04-29 20:00:42,505 [INFO] === 开始一次商品监控 ===
2026-04-29 20:00:42,883 [INFO] 打开页面: https://outlet.arcteryx.com/ca/zh/c/mens/shell-jackets
2026-04-29 20:00:45,714 [INFO] 等待首屏商品渲染…
2026-04-29 20:00:46,096 [INFO] 开始自动滚动加载所有商品…
2026-04-29 20:00:48,801 [INFO] 抓取到 10 个商品名称
2026-04-29 20:00:48,801 [INFO] 从文件加载商品标题，共 10 项
2026-04-29 20:00:48,802 [INFO] 商品标题已保存到文件: /home/runner/work/good-monitor/good-monitor/tmp/good-monitor/arcteryx_official_titles.json
2026-04-29 21:00:47,635 [INFO] 日志系统初始化完成
2026-04-29 21:00:47,635 [INFO] === 开始一次商品监控 ===
2026-04-29 21:00:48,018 [INFO] 打开页面: https://outlet.arcteryx.com/ca/zh/c/mens/shell-jackets
2026-04-29 21:00:51,741 [INFO] 等待首屏商品渲染…
2026-04-29 21:00:51,798 [INFO] 开始自动滚动加载所有商品…
2026-04-29 21:00:54,364 [INFO] 抓取到 10 个商品名称
2026-04-29 21:00:54,364 [INFO] 从文件加载商品标题，共 10 项
2026-04-29 21:00:54,364 [INFO] 商品标题已保存到文件: /home/runner/work/good-monitor/good-monitor/tmp/good-monitor/arcteryx_official_titles.json
2026-04-29 22:01:07,561 [INFO] 日志系统初始化完成
2026-04-29 22:01:07,561 [INFO] === 开始一次商品监控 ===
2026-04-29 22:01:07,939 [INFO] 打开页面: https://outlet.arcteryx.com/ca/zh/c/mens/shell-jackets
2026-04-29 22:01:10,935 [INFO] 等待首屏商品渲染…
2026-04-29 22:01:12,531 [INFO] 开始自动滚动加载所有商品…
2026-04-29 22:01:14,273 [INFO] 抓取到 10 个商品名称
2026-04-29 22:01:14,273 [INFO] 从文件加载商品标题，共 10 项
2026-04-29 22:01:14,274 [INFO] 商品标题已保存到文件: /home/runner/work/good-monitor/good-monitor/tmp/good-monitor/arcteryx_official_titles.json
2026-04-29 23:01:03,056 [INFO] 日志系统初始化完成
2026-04-29 23:01:03,056 [INFO] === 开始一次商品监控 ===
2026-04-29 23:01:03,504 [INFO] 打开页面: https://outlet.arcteryx.com/ca/zh/c/mens/shell-jackets
2026-04-29 23:01:06,255 [INFO] 等待首屏商品渲染…
2026-04-29 23:01:07,171 [INFO] 开始自动滚动加载所有商品…
2026-04-29 23:01:08,894 [INFO] 抓取到 10 个商品名称
2026-04-29 23:01:08,894 [INFO] 从文件加载商品标题，共 10 项
2026-04-29 23:01:08,894 [INFO] 商品标题已保存到文件: /home/runner/work/good-monitor/good-monitor/tmp/good-monitor/arcteryx_official_titles.json
2026-04-30 00:00:51,671 [INFO] 日志系统初始化完成
2026-04-30 00:00:51,671 [INFO] === 开始一次商品监控 ===
2026-04-30 00:00:52,050 [INFO] 打开页面: https://outlet.arcteryx.com/ca/zh/c/mens/shell-jackets
2026-04-30 00:00:54,485 [INFO] 等待首屏商品渲染…
2026-04-30 00:01:01,477 [INFO] 开始自动滚动加载所有商品…
2026-04-30 00:01:03,165 [INFO] 抓取到 10 个商品名称
2026-04-30 00:01:03,165 [INFO] 从文件加载商品标题，共 10 项
2026-04-30 00:01:03,165 [INFO] 商品标题已保存到文件: /home/runner/work/good-monitor/good-monitor/tmp/good-monitor/arcteryx_official_titles.json
2026-04-30 01:01:02,828 [INFO] 日志系统初始化完成
2026-04-30 01:01:02,828 [INFO] === 开始一次商品监控 ===
2026-04-30 01:01:03,126 [INFO] 打开页面: https://outlet.arcteryx.com/ca/zh/c/mens/shell-jackets
2026-04-30 01:01:06,630 [INFO] 等待首屏商品渲染…
2026-04-30 01:01:06,663 [INFO] 开始自动滚动加载所有商品…
2026-04-30 01:01:08,341 [INFO] 抓取到 10 个商品名称
2026-04-30 01:01:08,341 [INFO] 从文件加载商品标题，共 10 项
2026-04-30 01:01:08,341 [INFO] 商品标题已保存到文件: /home/runner/work/good-monitor/good-monitor/tmp/good-monitor/arcteryx_official_titles.json
2026-04-30 02:00:52,333 [INFO] 日志系统初始化完成
2026-04-30 02:00:52,333 [INFO] === 开始一次商品监控 ===
2026-04-30 02:00:52,729 [INFO] 打开页面: https://outlet.arcteryx.com/ca/zh/c/mens/shell-jackets
2026-04-30 02:00:56,154 [INFO] 等待首屏商品渲染…
2026-04-30 02:00:57,787 [INFO] 开始自动滚动加载所有商品…
2026-04-30 02:00:59,491 [INFO] 抓取到 10 个商品名称
2026-04-30 02:00:59,491 [INFO] 从文件加载商品标题，共 10 项
2026-04-30 02:00:59,491 [INFO] 商品标题已保存到文件: /home/runner/work/good-monitor/good-monitor/tmp/good-monitor/arcteryx_official_titles.json
2026-04-30 03:00:48,842 [INFO] 日志系统初始化完成
2026-04-30 03:00:48,842 [INFO] === 开始一次商品监控 ===
2026-04-30 03:00:49,255 [INFO] 打开页面: https://outlet.arcteryx.com/ca/zh/c/mens/shell-jackets
2026-04-30 03:00:52,310 [INFO] 等待首屏商品渲染…
2026-04-30 03:00:53,485 [INFO] 开始自动滚动加载所有商品…
2026-04-30 03:00:55,189 [INFO] 抓取到 10 个商品名称
2026-04-30 03:00:55,190 [INFO] 从文件加载商品标题，共 10 项
2026-04-30 03:00:55,190 [INFO] 商品标题已保存到文件: /home/runner/work/good-monitor/good-monitor/tmp/good-monitor/arcteryx_official_titles.json
2026-04-30 04:00:52,326 [INFO] 日志系统初始化完成
2026-04-30 04:00:52,326 [INFO] === 开始一次商品监控 ===
2026-04-30 04:00:52,694 [INFO] 打开页面: https://outlet.arcteryx.com/ca/zh/c/mens/shell-jackets
2026-04-30 04:00:56,085 [INFO] 等待首屏商品渲染…
2026-04-30 04:00:57,839 [INFO] 开始自动滚动加载所有商品…
2026-04-30 04:00:59,557 [INFO] 抓取到 10 个商品名称
2026-04-30 04:00:59,557 [INFO] 从文件加载商品标题，共 10 项
2026-04-30 04:00:59,557 [INFO] 商品标题已保存到文件: /home/runner/work/good-monitor/good-monitor/tmp/good-monitor/arcteryx_official_titles.json
2026-04-30 05:00:57,808 [INFO] 日志系统初始化完成
2026-04-30 05:00:57,808 [INFO] === 开始一次商品监控 ===
2026-04-30 05:00:58,197 [INFO] 打开页面: https://outlet.arcteryx.com/ca/zh/c/mens/shell-jackets
2026-04-30 05:01:02,577 [INFO] 等待首屏商品渲染…
2026-04-30 05:01:02,611 [INFO] 开始自动滚动加载所有商品…
2026-04-30 05:01:04,317 [INFO] 抓取到 10 个商品名称
2026-04-30 05:01:04,317 [INFO] 从文件加载商品标题，共 10 项
2026-04-30 05:01:04,318 [INFO] 商品标题已保存到文件: /home/runner/work/good-monitor/good-monitor/tmp/good-monitor/arcteryx_official_titles.json
2026-04-30 06:00:47,147 [INFO] 日志系统初始化完成
2026-04-30 06:00:47,147 [INFO] === 开始一次商品监控 ===
2026-04-30 06:00:47,516 [INFO] 打开页面: https://outlet.arcteryx.com/ca/zh/c/mens/shell-jackets
2026-04-30 06:00:49,653 [INFO] 等待首屏商品渲染…
2026-04-30 06:00:50,763 [INFO] 开始自动滚动加载所有商品…
2026-04-30 06:00:52,526 [INFO] 抓取到 10 个商品名称
2026-04-30 06:00:52,526 [INFO] 从文件加载商品标题，共 10 项
2026-04-30 06:00:52,527 [INFO] 商品标题已保存到文件: /home/runner/work/good-monitor/good-monitor/tmp/good-monitor/arcteryx_official_titles.json
2026-04-30 07:00:50,995 [INFO] 日志系统初始化完成
2026-04-30 07:00:50,995 [INFO] === 开始一次商品监控 ===
2026-04-30 07:00:51,396 [INFO] 打开页面: https://outlet.arcteryx.com/ca/zh/c/mens/shell-jackets
2026-04-30 07:00:55,113 [INFO] 等待首屏商品渲染…
2026-04-30 07:00:55,148 [INFO] 开始自动滚动加载所有商品…
2026-04-30 07:00:56,891 [INFO] 抓取到 10 个商品名称
2026-04-30 07:00:56,892 [INFO] 从文件加载商品标题，共 10 项
2026-04-30 07:00:56,892 [INFO] 商品标题已保存到文件: /home/runner/work/good-monitor/good-monitor/tmp/good-monitor/arcteryx_official_titles.json
2026-04-30 08:01:00,010 [INFO] 日志系统初始化完成
2026-04-30 08:01:00,011 [INFO] === 开始一次商品监控 ===
2026-04-30 08:01:00,405 [INFO] 打开页面: https://outlet.arcteryx.com/ca/zh/c/mens/shell-jackets
2026-04-30 08:01:04,531 [INFO] 等待首屏商品渲染…
2026-04-30 08:01:04,608 [INFO] 开始自动滚动加载所有商品…
2026-04-30 08:01:06,359 [INFO] 抓取到 10 个商品名称
2026-04-30 08:01:06,359 [INFO] 从文件加载商品标题，共 10 项
2026-04-30 08:01:06,359 [INFO] 商品标题已保存到文件: /home/runner/work/good-monitor/good-monitor/tmp/good-monitor/arcteryx_official_titles.json
2026-04-30 09:00:58,684 [INFO] 日志系统初始化完成
2026-04-30 09:00:58,684 [INFO] === 开始一次商品监控 ===
2026-04-30 09:00:58,991 [INFO] 打开页面: https://outlet.arcteryx.com/ca/zh/c/mens/shell-jackets
2026-04-30 09:01:03,142 [INFO] 等待首屏商品渲染…
2026-04-30 09:01:03,184 [INFO] 开始自动滚动加载所有商品…
2026-04-30 09:01:04,853 [INFO] 抓取到 10 个商品名称
2026-04-30 09:01:04,853 [INFO] 从文件加载商品标题，共 10 项
2026-04-30 09:01:04,853 [INFO] 商品标题已保存到文件: /home/runner/work/good-monitor/good-monitor/tmp/good-monitor/arcteryx_official_titles.json
2026-04-30 10:00:42,634 [INFO] 日志系统初始化完成
2026-04-30 10:00:42,634 [INFO] === 开始一次商品监控 ===
2026-04-30 10:00:42,998 [INFO] 打开页面: https://outlet.arcteryx.com/ca/zh/c/mens/shell-jackets
2026-04-30 10:00:46,733 [INFO] 等待首屏商品渲染…
2026-04-30 10:00:46,797 [INFO] 开始自动滚动加载所有商品…
2026-04-30 10:00:48,533 [INFO] 抓取到 10 个商品名称
2026-04-30 10:00:48,533 [INFO] 从文件加载商品标题，共 10 项
2026-04-30 10:00:48,534 [INFO] 商品标题已保存到文件: /home/runner/work/good-monitor/good-monitor/tmp/good-monitor/arcteryx_official_titles.json
2026-04-30 11:00:52,095 [INFO] 日志系统初始化完成
2026-04-30 11:00:52,095 [INFO] === 开始一次商品监控 ===
2026-04-30 11:00:52,470 [INFO] 打开页面: https://outlet.arcteryx.com/ca/zh/c/mens/shell-jackets
2026-04-30 11:00:56,563 [INFO] 等待首屏商品渲染…
2026-04-30 11:00:56,713 [INFO] 开始自动滚动加载所有商品…
2026-04-30 11:00:59,232 [INFO] 抓取到 10 个商品名称
2026-04-30 11:00:59,232 [INFO] 从文件加载商品标题，共 10 项
2026-04-30 11:00:59,233 [INFO] 商品标题已保存到文件: /home/runner/work/good-monitor/good-monitor/tmp/good-monitor/arcteryx_official_titles.json
2026-04-30 12:00:49,263 [INFO] 日志系统初始化完成
2026-04-30 12:00:49,263 [INFO] === 开始一次商品监控 ===
2026-04-30 12:00:49,637 [INFO] 打开页面: https://outlet.arcteryx.com/ca/zh/c/mens/shell-jackets
2026-04-30 12:00:53,673 [INFO] 等待首屏商品渲染…
2026-04-30 12:00:53,753 [INFO] 开始自动滚动加载所有商品…
2026-04-30 12:00:56,259 [INFO] 抓取到 10 个商品名称
2026-04-30 12:00:56,260 [INFO] 从文件加载商品标题，共 10 项
2026-04-30 12:00:56,260 [INFO] 商品标题已保存到文件: /home/runner/work/good-monitor/good-monitor/tmp/good-monitor/arcteryx_official_titles.json
2026-04-30 13:00:51,088 [INFO] 日志系统初始化完成
2026-04-30 13:00:51,089 [INFO] === 开始一次商品监控 ===
2026-04-30 13:00:51,437 [INFO] 打开页面: https://outlet.arcteryx.com/ca/zh/c/mens/shell-jackets
2026-04-30 13:00:55,950 [INFO] 等待首屏商品渲染…
2026-04-30 13:00:55,991 [INFO] 开始自动滚动加载所有商品…
2026-04-30 13:00:57,741 [INFO] 抓取到 10 个商品名称
2026-04-30 13:00:57,741 [INFO] 从文件加载商品标题，共 10 项
2026-04-30 13:00:57,742 [INFO] 商品标题已保存到文件: /home/runner/work/good-monitor/good-monitor/tmp/good-monitor/arcteryx_official_titles.json
2026-04-30 14:00:53,168 [INFO] 日志系统初始化完成
2026-04-30 14:00:53,168 [INFO] === 开始一次商品监控 ===
2026-04-30 14:00:53,560 [INFO] 打开页面: https://outlet.arcteryx.com/ca/zh/c/mens/shell-jackets
2026-04-30 14:00:56,750 [INFO] 等待首屏商品渲染…
2026-04-30 14:00:56,831 [INFO] 开始自动滚动加载所有商品…
2026-04-30 14:00:59,342 [INFO] 抓取到 10 个商品名称
2026-04-30 14:00:59,342 [INFO] 从文件加载商品标题，共 10 项
2026-04-30 14:00:59,342 [INFO] 商品标题已保存到文件: /home/runner/work/good-monitor/good-monitor/tmp/good-monitor/arcteryx_official_titles.json
2026-04-30 15:00:44,454 [INFO] 日志系统初始化完成
2026-04-30 15:00:44,455 [INFO] === 开始一次商品监控 ===
2026-04-30 15:00:44,826 [INFO] 打开页面: https://outlet.arcteryx.com/ca/zh/c/mens/shell-jackets
2026-04-30 15:00:49,084 [INFO] 等待首屏商品渲染…
2026-04-30 15:00:49,277 [INFO] 开始自动滚动加载所有商品…
2026-04-30 15:00:51,806 [INFO] 抓取到 10 个商品名称
2026-04-30 15:00:51,806 [INFO] 从文件加载商品标题，共 10 项
2026-04-30 15:00:51,806 [INFO] 商品标题已保存到文件: /home/runner/work/good-monitor/good-monitor/tmp/good-monitor/arcteryx_official_titles.json
2026-04-30 16:00:59,345 [INFO] 日志系统初始化完成
2026-04-30 16:00:59,345 [INFO] === 开始一次商品监控 ===
2026-04-30 16:00:59,720 [INFO] 打开页面: https://outlet.arcteryx.com/ca/zh/c/mens/shell-jackets
2026-04-30 16:01:04,220 [INFO] 等待首屏商品渲染…
2026-04-30 16:01:04,259 [INFO] 开始自动滚动加载所有商品…
2026-04-30 16:01:05,992 [INFO] 抓取到 10 个商品名称
2026-04-30 16:01:05,992 [INFO] 从文件加载商品标题，共 10 项
2026-04-30 16:01:05,993 [INFO] 商品标题已保存到文件: /home/runner/work/good-monitor/good-monitor/tmp/good-monitor/arcteryx_official_titles.json
2026-04-30 17:00:43,404 [INFO] 日志系统初始化完成
2026-04-30 17:00:43,404 [INFO] === 开始一次商品监控 ===
2026-04-30 17:00:43,807 [INFO] 打开页面: https://outlet.arcteryx.com/ca/zh/c/mens/shell-jackets
2026-04-30 17:00:48,303 [INFO] 等待首屏商品渲染…
2026-04-30 17:00:48,477 [INFO] 开始自动滚动加载所有商品…
2026-04-30 17:00:50,990 [INFO] 抓取到 10 个商品名称
2026-04-30 17:00:50,990 [INFO] 从文件加载商品标题，共 10 项
2026-04-30 17:00:50,990 [INFO] 商品标题已保存到文件: /home/runner/work/good-monitor/good-monitor/tmp/good-monitor/arcteryx_official_titles.json
2026-04-30 18:00:48,057 [INFO] 日志系统初始化完成
2026-04-30 18:00:48,057 [INFO] === 开始一次商品监控 ===
2026-04-30 18:00:48,487 [INFO] 打开页面: https://outlet.arcteryx.com/ca/zh/c/mens/shell-jackets
2026-04-30 18:00:51,312 [INFO] 等待首屏商品渲染…
2026-04-30 18:00:52,888 [INFO] 开始自动滚动加载所有商品…
2026-04-30 18:00:54,581 [INFO] 抓取到 10 个商品名称
2026-04-30 18:00:54,581 [INFO] 从文件加载商品标题，共 10 项
2026-04-30 18:00:54,582 [INFO] 商品标题已保存到文件: /home/runner/work/good-monitor/good-monitor/tmp/good-monitor/arcteryx_official_titles.json
2026-04-30 19:00:48,557 [INFO] 日志系统初始化完成
2026-04-30 19:00:48,557 [INFO] === 开始一次商品监控 ===
2026-04-30 19:00:48,929 [INFO] 打开页面: https://outlet.arcteryx.com/ca/zh/c/mens/shell-jackets
2026-04-30 19:00:52,338 [INFO] 等待首屏商品渲染…
2026-04-30 19:00:54,069 [INFO] 开始自动滚动加载所有商品…
2026-04-30 19:00:56,015 [INFO] 抓取到 10 个商品名称
2026-04-30 19:00:56,016 [INFO] 从文件加载商品标题，共 10 项
2026-04-30 19:00:56,016 [INFO] 商品标题已保存到文件: /home/runner/work/good-monitor/good-monitor/tmp/good-monitor/arcteryx_official_titles.json
2026-04-30 20:00:52,488 [INFO] 日志系统初始化完成
2026-04-30 20:00:52,488 [INFO] === 开始一次商品监控 ===
2026-04-30 20:00:52,861 [INFO] 打开页面: https://outlet.arcteryx.com/ca/zh/c/mens/shell-jackets
2026-04-30 20:00:56,815 [INFO] 等待首屏商品渲染…
2026-04-30 20:00:58,602 [INFO] 开始自动滚动加载所有商品…
2026-04-30 20:01:00,297 [INFO] 抓取到 10 个商品名称
2026-04-30 20:01:00,297 [INFO] 从文件加载商品标题，共 10 项
2026-04-30 20:01:00,297 [INFO] 商品标题已保存到文件: /home/runner/work/good-monitor/good-monitor/tmp/good-monitor/arcteryx_official_titles.json
2026-04-30 21:00:43,273 [INFO] 日志系统初始化完成
2026-04-30 21:00:43,273 [INFO] === 开始一次商品监控 ===
2026-04-30 21:00:43,613 [INFO] 打开页面: https://outlet.arcteryx.com/ca/zh/c/mens/shell-jackets
2026-04-30 21:00:45,828 [INFO] 等待首屏商品渲染…
2026-04-30 21:00:47,578 [INFO] 开始自动滚动加载所有商品…
2026-04-30 21:00:49,315 [INFO] 抓取到 10 个商品名称
2026-04-30 21:00:49,315 [INFO] 从文件加载商品标题，共 10 项
2026-04-30 21:00:49,316 [INFO] 商品标题已保存到文件: /home/runner/work/good-monitor/good-monitor/tmp/good-monitor/arcteryx_official_titles.json
2026-04-30 22:00:43,511 [INFO] 日志系统初始化完成
2026-04-30 22:00:43,512 [INFO] === 开始一次商品监控 ===
2026-04-30 22:00:43,883 [INFO] 打开页面: https://outlet.arcteryx.com/ca/zh/c/mens/shell-jackets
2026-04-30 22:00:47,480 [INFO] 等待首屏商品渲染…
2026-04-30 22:00:49,104 [INFO] 开始自动滚动加载所有商品…
2026-04-30 22:00:50,978 [INFO] 抓取到 10 个商品名称
2026-04-30 22:00:50,978 [INFO] 从文件加载商品标题，共 10 项
2026-04-30 22:00:50,978 [INFO] 商品标题已保存到文件: /home/runner/work/good-monitor/good-monitor/tmp/good-monitor/arcteryx_official_titles.json
2026-04-30 23:00:47,795 [INFO] 日志系统初始化完成
2026-04-30 23:00:47,795 [INFO] === 开始一次商品监控 ===
2026-04-30 23:00:48,175 [INFO] 打开页面: https://outlet.arcteryx.com/ca/zh/c/mens/shell-jackets
2026-04-30 23:00:51,009 [INFO] 等待首屏商品渲染…
2026-04-30 23:00:52,129 [INFO] 开始自动滚动加载所有商品…
2026-04-30 23:00:54,000 [INFO] 抓取到 10 个商品名称
2026-04-30 23:00:54,000 [INFO] 从文件加载商品标题，共 10 项
2026-04-30 23:00:54,001 [INFO] 商品标题已保存到文件: /home/runner/work/good-monitor/good-monitor/tmp/good-monitor/arcteryx_official_titles.json
2026-05-01 00:01:01,421 [INFO] 日志系统初始化完成
2026-05-01 00:01:01,421 [INFO] === 开始一次商品监控 ===
2026-05-01 00:01:01,829 [INFO] 打开页面: https://outlet.arcteryx.com/ca/zh/c/mens/shell-jackets
2026-05-01 00:01:05,354 [INFO] 等待首屏商品渲染…
2026-05-01 00:01:08,529 [INFO] 开始自动滚动加载所有商品…
2026-05-01 00:01:11,038 [INFO] 抓取到 10 个商品名称
2026-05-01 00:01:11,038 [INFO] 从文件加载商品标题，共 10 项
2026-05-01 00:01:11,039 [INFO] 商品标题已保存到文件: /home/runner/work/good-monitor/good-monitor/tmp/good-monitor/arcteryx_official_titles.json
2026-05-01 01:00:48,244 [INFO] 日志系统初始化完成
2026-05-01 01:00:48,244 [INFO] === 开始一次商品监控 ===
2026-05-01 01:00:48,644 [INFO] 打开页面: https://outlet.arcteryx.com/ca/zh/c/mens/shell-jackets
2026-05-01 01:00:54,162 [INFO] 等待首屏商品渲染…
2026-05-01 01:00:54,256 [INFO] 开始自动滚动加载所有商品…
2026-05-01 01:00:56,791 [INFO] 抓取到 10 个商品名称
2026-05-01 01:00:56,792 [INFO] 从文件加载商品标题，共 10 项
2026-05-01 01:00:56,792 [INFO] 商品标题已保存到文件: /home/runner/work/good-monitor/good-monitor/tmp/good-monitor/arcteryx_official_titles.json
2026-05-01 02:00:55,605 [INFO] 日志系统初始化完成
2026-05-01 02:00:55,605 [INFO] === 开始一次商品监控 ===
2026-05-01 02:00:56,064 [INFO] 打开页面: https://outlet.arcteryx.com/ca/zh/c/mens/shell-jackets
2026-05-01 02:01:00,410 [INFO] 等待首屏商品渲染…
2026-05-01 02:01:00,471 [INFO] 开始自动滚动加载所有商品…
2026-05-01 02:01:02,148 [INFO] 抓取到 10 个商品名称
2026-05-01 02:01:02,149 [INFO] 从文件加载商品标题，共 10 项
2026-05-01 02:01:02,149 [INFO] 商品标题已保存到文件: /home/runner/work/good-monitor/good-monitor/tmp/good-monitor/arcteryx_official_titles.json
2026-05-01 03:00:51,388 [INFO] 日志系统初始化完成
2026-05-01 03:00:51,389 [INFO] === 开始一次商品监控 ===
2026-05-01 03:00:51,817 [INFO] 打开页面: https://outlet.arcteryx.com/ca/zh/c/mens/shell-jackets
2026-05-01 03:00:55,793 [INFO] 等待首屏商品渲染…
2026-05-01 03:00:55,881 [INFO] 开始自动滚动加载所有商品…
2026-05-01 03:00:58,397 [INFO] 抓取到 10 个商品名称
2026-05-01 03:00:58,397 [INFO] 从文件加载商品标题，共 10 项
2026-05-01 03:00:58,397 [INFO] 商品标题已保存到文件: /home/runner/work/good-monitor/good-monitor/tmp/good-monitor/arcteryx_official_titles.json
2026-05-01 04:00:53,376 [INFO] 日志系统初始化完成
2026-05-01 04:00:53,376 [INFO] === 开始一次商品监控 ===
2026-05-01 04:00:53,762 [INFO] 打开页面: https://outlet.arcteryx.com/ca/zh/c/mens/shell-jackets
2026-05-01 04:00:58,423 [INFO] 等待首屏商品渲染…
2026-05-01 04:00:58,486 [INFO] 开始自动滚动加载所有商品…
2026-05-01 04:01:00,190 [INFO] 抓取到 10 个商品名称
2026-05-01 04:01:00,190 [INFO] 从文件加载商品标题，共 10 项
2026-05-01 04:01:00,190 [INFO] 商品标题已保存到文件: /home/runner/work/good-monitor/good-monitor/tmp/good-monitor/arcteryx_official_titles.json
2026-05-01 05:00:56,042 [INFO] 日志系统初始化完成
2026-05-01 05:00:56,042 [INFO] === 开始一次商品监控 ===
2026-05-01 05:00:56,488 [INFO] 打开页面: https://outlet.arcteryx.com/ca/zh/c/mens/shell-jackets
2026-05-01 05:00:58,585 [INFO] 等待首屏商品渲染…
2026-05-01 05:00:59,828 [INFO] 开始自动滚动加载所有商品…
2026-05-01 05:01:01,527 [INFO] 抓取到 10 个商品名称
2026-05-01 05:01:01,527 [INFO] 从文件加载商品标题，共 10 项
2026-05-01 05:01:01,527 [INFO] 商品标题已保存到文件: /home/runner/work/good-monitor/good-monitor/tmp/good-monitor/arcteryx_official_titles.json
2026-05-01 06:00:52,572 [INFO] 日志系统初始化完成
2026-05-01 06:00:52,572 [INFO] === 开始一次商品监控 ===
2026-05-01 06:00:52,966 [INFO] 打开页面: https://outlet.arcteryx.com/ca/zh/c/mens/shell-jackets
2026-05-01 06:00:57,092 [INFO] 等待首屏商品渲染…
2026-05-01 06:00:57,193 [INFO] 开始自动滚动加载所有商品…
2026-05-01 06:00:58,900 [INFO] 抓取到 10 个商品名称
2026-05-01 06:00:58,900 [INFO] 从文件加载商品标题，共 10 项
2026-05-01 06:00:58,900 [INFO] 商品标题已保存到文件: /home/runner/work/good-monitor/good-monitor/tmp/good-monitor/arcteryx_official_titles.json
2026-05-01 07:00:49,059 [INFO] 日志系统初始化完成
2026-05-01 07:00:49,059 [INFO] === 开始一次商品监控 ===
2026-05-01 07:00:49,437 [INFO] 打开页面: https://outlet.arcteryx.com/ca/zh/c/mens/shell-jackets
2026-05-01 07:00:52,640 [INFO] 等待首屏商品渲染…
2026-05-01 07:00:54,276 [INFO] 开始自动滚动加载所有商品…
2026-05-01 07:00:55,961 [INFO] 抓取到 10 个商品名称
2026-05-01 07:00:55,961 [INFO] 从文件加载商品标题，共 10 项
2026-05-01 07:00:55,961 [INFO] 商品标题已保存到文件: /home/runner/work/good-monitor/good-monitor/tmp/good-monitor/arcteryx_official_titles.json
2026-05-01 08:00:41,626 [INFO] 日志系统初始化完成
2026-05-01 08:00:41,626 [INFO] === 开始一次商品监控 ===
2026-05-01 08:00:42,036 [INFO] 打开页面: https://outlet.arcteryx.com/ca/zh/c/mens/shell-jackets
2026-05-01 08:00:45,424 [INFO] 等待首屏商品渲染…
2026-05-01 08:00:45,514 [INFO] 开始自动滚动加载所有商品…
2026-05-01 08:00:48,017 [INFO] 抓取到 10 个商品名称
2026-05-01 08:00:48,017 [INFO] 从文件加载商品标题，共 10 项
2026-05-01 08:00:48,018 [INFO] 商品标题已保存到文件: /home/runner/work/good-monitor/good-monitor/tmp/good-monitor/arcteryx_official_titles.json
2026-05-01 09:00:48,677 [INFO] 日志系统初始化完成
2026-05-01 09:00:48,677 [INFO] === 开始一次商品监控 ===
2026-05-01 09:00:48,981 [INFO] 打开页面: https://outlet.arcteryx.com/ca/zh/c/mens/shell-jackets
2026-05-01 09:00:52,142 [INFO] 等待首屏商品渲染…
2026-05-01 09:00:52,192 [INFO] 开始自动滚动加载所有商品…
2026-05-01 09:00:53,885 [INFO] 抓取到 10 个商品名称
2026-05-01 09:00:53,885 [INFO] 从文件加载商品标题，共 10 项
2026-05-01 09:00:53,885 [INFO] 商品标题已保存到文件: /home/runner/work/good-monitor/good-monitor/tmp/good-monitor/arcteryx_official_titles.json
2026-05-01 10:00:53,205 [INFO] 日志系统初始化完成
2026-05-01 10:00:53,205 [INFO] === 开始一次商品监控 ===
2026-05-01 10:00:53,595 [INFO] 打开页面: https://outlet.arcteryx.com/ca/zh/c/mens/shell-jackets
2026-05-01 10:01:15,773 [INFO] 等待首屏商品渲染…
2026-05-01 10:01:15,807 [INFO] 开始自动滚动加载所有商品…
2026-05-01 10:01:17,504 [INFO] 抓取到 10 个商品名称
2026-05-01 10:01:17,504 [INFO] 从文件加载商品标题，共 10 项
2026-05-01 10:01:17,540 [INFO] 商品标题已保存到文件: /home/runner/work/good-monitor/good-monitor/tmp/good-monitor/arcteryx_official_titles.json
2026-05-01 11:00:48,579 [INFO] 日志系统初始化完成
2026-05-01 11:00:48,579 [INFO] === 开始一次商品监控 ===
2026-05-01 11:00:48,966 [INFO] 打开页面: https://outlet.arcteryx.com/ca/zh/c/mens/shell-jackets
2026-05-01 11:00:53,395 [INFO] 等待首屏商品渲染…
2026-05-01 11:00:53,456 [INFO] 开始自动滚动加载所有商品…
2026-05-01 11:00:55,136 [INFO] 抓取到 10 个商品名称
2026-05-01 11:00:55,136 [INFO] 从文件加载商品标题，共 10 项
2026-05-01 11:00:55,137 [INFO] 商品标题已保存到文件: /home/runner/work/good-monitor/good-monitor/tmp/good-monitor/arcteryx_official_titles.json
2026-05-01 12:00:43,728 [INFO] 日志系统初始化完成
2026-05-01 12:00:43,729 [INFO] === 开始一次商品监控 ===
2026-05-01 12:00:44,118 [INFO] 打开页面: https://outlet.arcteryx.com/ca/zh/c/mens/shell-jackets
2026-05-01 12:00:47,358 [INFO] 等待首屏商品渲染…
2026-05-01 12:00:47,426 [INFO] 开始自动滚动加载所有商品…
2026-05-01 12:00:49,155 [INFO] 抓取到 10 个商品名称
2026-05-01 12:00:49,155 [INFO] 从文件加载商品标题，共 10 项
2026-05-01 12:00:49,155 [INFO] 商品标题已保存到文件: /home/runner/work/good-monitor/good-monitor/tmp/good-monitor/arcteryx_official_titles.json
2026-05-01 13:00:53,555 [INFO] 日志系统初始化完成
2026-05-01 13:00:53,555 [INFO] === 开始一次商品监控 ===
2026-05-01 13:00:53,964 [INFO] 打开页面: https://outlet.arcteryx.com/ca/zh/c/mens/shell-jackets
2026-05-01 13:00:58,062 [INFO] 等待首屏商品渲染…
2026-05-01 13:00:58,192 [INFO] 开始自动滚动加载所有商品…
2026-05-01 13:01:00,739 [INFO] 抓取到 10 个商品名称
2026-05-01 13:01:00,739 [INFO] 从文件加载商品标题，共 10 项
2026-05-01 13:01:00,739 [INFO] 商品标题已保存到文件: /home/runner/work/good-monitor/good-monitor/tmp/good-monitor/arcteryx_official_titles.json
2026-05-01 14:00:44,174 [INFO] 日志系统初始化完成
2026-05-01 14:00:44,174 [INFO] === 开始一次商品监控 ===
2026-05-01 14:00:44,550 [INFO] 打开页面: https://outlet.arcteryx.com/ca/zh/c/mens/shell-jackets
2026-05-01 14:00:48,099 [INFO] 等待首屏商品渲染…
2026-05-01 14:00:48,145 [INFO] 开始自动滚动加载所有商品…
2026-05-01 14:00:50,634 [INFO] 抓取到 10 个商品名称
2026-05-01 14:00:50,634 [INFO] 从文件加载商品标题，共 10 项
2026-05-01 14:00:50,634 [INFO] 商品标题已保存到文件: /home/runner/work/good-monitor/good-monitor/tmp/good-monitor/arcteryx_official_titles.json
2026-05-01 15:01:01,332 [INFO] 日志系统初始化完成
2026-05-01 15:01:01,332 [INFO] === 开始一次商品监控 ===
2026-05-01 15:01:01,722 [INFO] 打开页面: https://outlet.arcteryx.com/ca/zh/c/mens/shell-jackets
2026-05-01 15:01:05,550 [INFO] 等待首屏商品渲染…
2026-05-01 15:01:05,601 [INFO] 开始自动滚动加载所有商品…
2026-05-01 15:01:07,285 [INFO] 抓取到 10 个商品名称
2026-05-01 15:01:07,285 [INFO] 从文件加载商品标题，共 10 项
2026-05-01 15:01:07,285 [INFO] 商品标题已保存到文件: /home/runner/work/good-monitor/good-monitor/tmp/good-monitor/arcteryx_official_titles.json
2026-05-01 16:00:53,512 [INFO] 日志系统初始化完成
2026-05-01 16:00:53,512 [INFO] === 开始一次商品监控 ===
2026-05-01 16:00:53,899 [INFO] 打开页面: https://outlet.arcteryx.com/ca/zh/c/mens/shell-jackets
2026-05-01 16:00:57,422 [INFO] 等待首屏商品渲染…
2026-05-01 16:00:57,765 [INFO] 开始自动滚动加载所有商品…
2026-05-01 16:01:00,263 [INFO] 抓取到 10 个商品名称
2026-05-01 16:01:00,263 [INFO] 从文件加载商品标题，共 10 项
2026-05-01 16:01:00,264 [INFO] 商品标题已保存到文件: /home/runner/work/good-monitor/good-monitor/tmp/good-monitor/arcteryx_official_titles.json
2026-05-01 17:00:43,846 [INFO] 日志系统初始化完成
2026-05-01 17:00:43,846 [INFO] === 开始一次商品监控 ===
2026-05-01 17:00:44,233 [INFO] 打开页面: https://outlet.arcteryx.com/ca/zh/c/mens/shell-jackets
2026-05-01 17:00:48,478 [INFO] 等待首屏商品渲染…
2026-05-01 17:00:48,513 [INFO] 开始自动滚动加载所有商品…
2026-05-01 17:00:50,277 [INFO] 抓取到 10 个商品名称
2026-05-01 17:00:50,277 [INFO] 从文件加载商品标题，共 10 项
2026-05-01 17:00:50,277 [INFO] 商品标题已保存到文件: /home/runner/work/good-monitor/good-monitor/tmp/good-monitor/arcteryx_official_titles.json
2026-05-01 18:00:53,396 [INFO] 日志系统初始化完成
2026-05-01 18:00:53,396 [INFO] === 开始一次商品监控 ===
2026-05-01 18:00:53,786 [INFO] 打开页面: https://outlet.arcteryx.com/ca/zh/c/mens/shell-jackets
2026-05-01 18:00:56,812 [INFO] 等待首屏商品渲染…
2026-05-01 18:00:56,872 [INFO] 开始自动滚动加载所有商品…
2026-05-01 18:00:58,559 [INFO] 抓取到 10 个商品名称
2026-05-01 18:00:58,559 [INFO] 从文件加载商品标题，共 10 项
2026-05-01 18:00:58,560 [INFO] 商品标题已保存到文件: /home/runner/work/good-monitor/good-monitor/tmp/good-monitor/arcteryx_official_titles.json
2026-05-01 19:00:53,334 [INFO] 日志系统初始化完成
2026-05-01 19:00:53,334 [INFO] === 开始一次商品监控 ===
2026-05-01 19:00:53,755 [INFO] 打开页面: https://outlet.arcteryx.com/ca/zh/c/mens/shell-jackets
2026-05-01 19:00:57,139 [INFO] 等待首屏商品渲染…
2026-05-01 19:00:58,773 [INFO] 开始自动滚动加载所有商品…
2026-05-01 19:01:00,490 [INFO] 抓取到 10 个商品名称
2026-05-01 19:01:00,490 [INFO] 从文件加载商品标题，共 10 项
2026-05-01 19:01:00,490 [INFO] 商品标题已保存到文件: /home/runner/work/good-monitor/good-monitor/tmp/good-monitor/arcteryx_official_titles.json
2026-05-01 20:00:50,048 [INFO] 日志系统初始化完成
2026-05-01 20:00:50,048 [INFO] === 开始一次商品监控 ===
2026-05-01 20:00:50,426 [INFO] 打开页面: https://outlet.arcteryx.com/ca/zh/c/mens/shell-jackets
2026-05-01 20:00:54,584 [INFO] 等待首屏商品渲染…
2026-05-01 20:00:54,618 [INFO] 开始自动滚动加载所有商品…
2026-05-01 20:00:56,329 [INFO] 抓取到 10 个商品名称
2026-05-01 20:00:56,330 [INFO] 从文件加载商品标题，共 10 项
2026-05-01 20:00:56,330 [INFO] 商品标题已保存到文件: /home/runner/work/good-monitor/good-monitor/tmp/good-monitor/arcteryx_official_titles.json
2026-05-01 21:00:46,466 [INFO] 日志系统初始化完成
2026-05-01 21:00:46,466 [INFO] === 开始一次商品监控 ===
2026-05-01 21:00:46,851 [INFO] 打开页面: https://outlet.arcteryx.com/ca/zh/c/mens/shell-jackets
2026-05-01 21:00:51,400 [INFO] 等待首屏商品渲染…
2026-05-01 21:00:51,434 [INFO] 开始自动滚动加载所有商品…
2026-05-01 21:00:53,151 [INFO] 抓取到 10 个商品名称
2026-05-01 21:00:53,151 [INFO] 从文件加载商品标题，共 10 项
2026-05-01 21:00:53,151 [INFO] 商品标题已保存到文件: /home/runner/work/good-monitor/good-monitor/tmp/good-monitor/arcteryx_official_titles.json
2026-05-01 22:00:47,222 [INFO] 日志系统初始化完成
2026-05-01 22:00:47,222 [INFO] === 开始一次商品监控 ===
2026-05-01 22:00:47,605 [INFO] 打开页面: https://outlet.arcteryx.com/ca/zh/c/mens/shell-jackets
2026-05-01 22:00:52,670 [INFO] 等待首屏商品渲染…
2026-05-01 22:00:52,705 [INFO] 开始自动滚动加载所有商品…
2026-05-01 22:00:54,394 [INFO] 抓取到 10 个商品名称
2026-05-01 22:00:54,394 [INFO] 从文件加载商品标题，共 10 项
2026-05-01 22:00:54,394 [INFO] 商品标题已保存到文件: /home/runner/work/good-monitor/good-monitor/tmp/good-monitor/arcteryx_official_titles.json
2026-05-01 23:00:55,717 [INFO] 日志系统初始化完成
2026-05-01 23:00:55,717 [INFO] === 开始一次商品监控 ===
2026-05-01 23:00:56,100 [INFO] 打开页面: https://outlet.arcteryx.com/ca/zh/c/mens/shell-jackets
2026-05-01 23:00:57,571 [INFO] 等待首屏商品渲染…
2026-05-01 23:01:00,882 [INFO] 开始自动滚动加载所有商品…
2026-05-01 23:01:02,682 [INFO] 抓取到 10 个商品名称
2026-05-01 23:01:02,683 [INFO] 从文件加载商品标题，共 10 项
2026-05-01 23:01:02,683 [INFO] 商品标题已保存到文件: /home/runner/work/good-monitor/good-monitor/tmp/good-monitor/arcteryx_official_titles.json
2026-05-02 00:00:41,926 [INFO] 日志系统初始化完成
2026-05-02 00:00:41,926 [INFO] === 开始一次商品监控 ===
2026-05-02 00:00:42,301 [INFO] 打开页面: https://outlet.arcteryx.com/ca/zh/c/mens/shell-jackets
2026-05-02 00:00:46,301 [INFO] 等待首屏商品渲染…
2026-05-02 00:00:46,437 [INFO] 开始自动滚动加载所有商品…
2026-05-02 00:00:48,931 [INFO] 抓取到 10 个商品名称
2026-05-02 00:00:48,931 [INFO] 从文件加载商品标题，共 10 项
2026-05-02 00:00:48,932 [INFO] 商品标题已保存到文件: /home/runner/work/good-monitor/good-monitor/tmp/good-monitor/arcteryx_official_titles.json
2026-05-02 01:00:53,837 [INFO] 日志系统初始化完成
2026-05-02 01:00:53,837 [INFO] === 开始一次商品监控 ===
2026-05-02 01:00:54,221 [INFO] 打开页面: https://outlet.arcteryx.com/ca/zh/c/mens/shell-jackets
2026-05-02 01:00:57,161 [INFO] 等待首屏商品渲染…
2026-05-02 01:00:57,368 [INFO] 开始自动滚动加载所有商品…
2026-05-02 01:01:00,089 [INFO] 抓取到 10 个商品名称
2026-05-02 01:01:00,089 [INFO] 从文件加载商品标题，共 10 项
2026-05-02 01:01:00,089 [INFO] 商品标题已保存到文件: /home/runner/work/good-monitor/good-monitor/tmp/good-monitor/arcteryx_official_titles.json
2026-05-02 02:00:49,867 [INFO] 日志系统初始化完成
2026-05-02 02:00:49,867 [INFO] === 开始一次商品监控 ===
2026-05-02 02:00:50,237 [INFO] 打开页面: https://outlet.arcteryx.com/ca/zh/c/mens/shell-jackets
2026-05-02 02:00:53,584 [INFO] 等待首屏商品渲染…
2026-05-02 02:00:55,045 [INFO] 开始自动滚动加载所有商品…
2026-05-02 02:00:56,735 [INFO] 抓取到 10 个商品名称
2026-05-02 02:00:56,735 [INFO] 从文件加载商品标题，共 10 项
2026-05-02 02:00:56,735 [INFO] 商品标题已保存到文件: /home/runner/work/good-monitor/good-monitor/tmp/good-monitor/arcteryx_official_titles.json
2026-05-02 03:00:51,131 [INFO] 日志系统初始化完成
2026-05-02 03:00:51,131 [INFO] === 开始一次商品监控 ===
2026-05-02 03:00:51,588 [INFO] 打开页面: https://outlet.arcteryx.com/ca/zh/c/mens/shell-jackets
2026-05-02 03:00:55,043 [INFO] 等待首屏商品渲染…
2026-05-02 03:00:56,784 [INFO] 开始自动滚动加载所有商品…
2026-05-02 03:00:58,538 [INFO] 抓取到 10 个商品名称
2026-05-02 03:00:58,539 [INFO] 从文件加载商品标题，共 10 项
2026-05-02 03:00:58,539 [INFO] 商品标题已保存到文件: /home/runner/work/good-monitor/good-monitor/tmp/good-monitor/arcteryx_official_titles.json
2026-05-02 04:00:59,211 [INFO] 日志系统初始化完成
2026-05-02 04:00:59,211 [INFO] === 开始一次商品监控 ===
2026-05-02 04:00:59,542 [INFO] 打开页面: https://outlet.arcteryx.com/ca/zh/c/mens/shell-jackets
2026-05-02 04:01:02,026 [INFO] 等待首屏商品渲染…
2026-05-02 04:01:03,175 [INFO] 开始自动滚动加载所有商品…
2026-05-02 04:01:04,896 [INFO] 抓取到 10 个商品名称
2026-05-02 04:01:04,896 [INFO] 从文件加载商品标题，共 10 项
2026-05-02 04:01:04,896 [INFO] 商品标题已保存到文件: /home/runner/work/good-monitor/good-monitor/tmp/good-monitor/arcteryx_official_titles.json
2026-05-02 05:00:52,678 [INFO] 日志系统初始化完成
2026-05-02 05:00:52,678 [INFO] === 开始一次商品监控 ===
2026-05-02 05:00:53,054 [INFO] 打开页面: https://outlet.arcteryx.com/ca/zh/c/mens/shell-jackets
2026-05-02 05:00:55,408 [INFO] 等待首屏商品渲染…
2026-05-02 05:00:56,596 [INFO] 开始自动滚动加载所有商品…
2026-05-02 05:00:58,374 [INFO] 抓取到 10 个商品名称
2026-05-02 05:00:58,374 [INFO] 从文件加载商品标题，共 10 项
2026-05-02 05:00:58,375 [INFO] 商品标题已保存到文件: /home/runner/work/good-monitor/good-monitor/tmp/good-monitor/arcteryx_official_titles.json
2026-05-02 06:00:54,328 [INFO] 日志系统初始化完成
2026-05-02 06:00:54,328 [INFO] === 开始一次商品监控 ===
2026-05-02 06:00:54,713 [INFO] 打开页面: https://outlet.arcteryx.com/ca/zh/c/mens/shell-jackets
2026-05-02 06:00:56,587 [INFO] 等待首屏商品渲染…
2026-05-02 06:00:57,687 [INFO] 开始自动滚动加载所有商品…
2026-05-02 06:00:59,432 [INFO] 抓取到 10 个商品名称
2026-05-02 06:00:59,433 [INFO] 从文件加载商品标题，共 10 项
2026-05-02 06:00:59,433 [INFO] 商品标题已保存到文件: /home/runner/work/good-monitor/good-monitor/tmp/good-monitor/arcteryx_official_titles.json
2026-05-02 07:00:54,904 [INFO] 日志系统初始化完成
2026-05-02 07:00:54,904 [INFO] === 开始一次商品监控 ===
2026-05-02 07:00:55,358 [INFO] 打开页面: https://outlet.arcteryx.com/ca/zh/c/mens/shell-jackets
2026-05-02 07:00:58,472 [INFO] 等待首屏商品渲染…
2026-05-02 07:00:58,758 [INFO] 开始自动滚动加载所有商品…
2026-05-02 07:01:00,563 [INFO] 抓取到 10 个商品名称
2026-05-02 07:01:00,563 [INFO] 从文件加载商品标题，共 10 项
2026-05-02 07:01:00,564 [INFO] 商品标题已保存到文件: /home/runner/work/good-monitor/good-monitor/tmp/good-monitor/arcteryx_official_titles.json
2026-05-02 08:00:53,702 [INFO] 日志系统初始化完成
2026-05-02 08:00:53,702 [INFO] === 开始一次商品监控 ===
2026-05-02 08:00:54,093 [INFO] 打开页面: https://outlet.arcteryx.com/ca/zh/c/mens/shell-jackets
2026-05-02 08:00:56,746 [INFO] 等待首屏商品渲染…
2026-05-02 08:00:57,882 [INFO] 开始自动滚动加载所有商品…
2026-05-02 08:01:00,585 [INFO] 抓取到 10 个商品名称
2026-05-02 08:01:00,585 [INFO] 从文件加载商品标题，共 10 项
2026-05-02 08:01:00,586 [INFO] 商品标题已保存到文件: /home/runner/work/good-monitor/good-monitor/tmp/good-monitor/arcteryx_official_titles.json
2026-05-02 09:00:44,965 [INFO] 日志系统初始化完成
2026-05-02 09:00:44,965 [INFO] === 开始一次商品监控 ===
2026-05-02 09:00:45,347 [INFO] 打开页面: https://outlet.arcteryx.com/ca/zh/c/mens/shell-jackets
2026-05-02 09:00:48,823 [INFO] 等待首屏商品渲染…
2026-05-02 09:00:48,858 [INFO] 开始自动滚动加载所有商品…
2026-05-02 09:00:50,579 [INFO] 抓取到 10 个商品名称
2026-05-02 09:00:50,579 [INFO] 从文件加载商品标题，共 10 项
2026-05-02 09:00:50,579 [INFO] 商品标题已保存到文件: /home/runner/work/good-monitor/good-monitor/tmp/good-monitor/arcteryx_official_titles.json
2026-05-02 10:00:47,899 [INFO] 日志系统初始化完成
2026-05-02 10:00:47,899 [INFO] === 开始一次商品监控 ===
2026-05-02 10:00:48,313 [INFO] 打开页面: https://outlet.arcteryx.com/ca/zh/c/mens/shell-jackets
2026-05-02 10:00:52,833 [INFO] 等待首屏商品渲染…
2026-05-02 10:00:52,918 [INFO] 开始自动滚动加载所有商品…
2026-05-02 10:00:55,418 [INFO] 抓取到 10 个商品名称
2026-05-02 10:00:55,419 [INFO] 从文件加载商品标题，共 10 项
2026-05-02 10:00:55,419 [INFO] 商品标题已保存到文件: /home/runner/work/good-monitor/good-monitor/tmp/good-monitor/arcteryx_official_titles.json
2026-05-02 11:00:46,380 [INFO] 日志系统初始化完成
2026-05-02 11:00:46,380 [INFO] === 开始一次商品监控 ===
2026-05-02 11:00:46,782 [INFO] 打开页面: https://outlet.arcteryx.com/ca/zh/c/mens/shell-jackets
2026-05-02 11:00:51,179 [INFO] 等待首屏商品渲染…
2026-05-02 11:00:51,308 [INFO] 开始自动滚动加载所有商品…
2026-05-02 11:00:53,809 [INFO] 抓取到 10 个商品名称
2026-05-02 11:00:53,810 [INFO] 从文件加载商品标题，共 10 项
2026-05-02 11:00:53,810 [INFO] 商品标题已保存到文件: /home/runner/work/good-monitor/good-monitor/tmp/good-monitor/arcteryx_official_titles.json
2026-05-02 12:00:49,874 [INFO] 日志系统初始化完成
2026-05-02 12:00:49,874 [INFO] === 开始一次商品监控 ===
2026-05-02 12:00:50,267 [INFO] 打开页面: https://outlet.arcteryx.com/ca/zh/c/mens/shell-jackets
2026-05-02 12:00:54,330 [INFO] 等待首屏商品渲染…
2026-05-02 12:00:54,433 [INFO] 开始自动滚动加载所有商品…
2026-05-02 12:00:56,942 [INFO] 抓取到 10 个商品名称
2026-05-02 12:00:56,942 [INFO] 从文件加载商品标题，共 10 项
2026-05-02 12:00:56,943 [INFO] 商品标题已保存到文件: /home/runner/work/good-monitor/good-monitor/tmp/good-monitor/arcteryx_official_titles.json
2026-05-02 13:00:48,237 [INFO] 日志系统初始化完成
2026-05-02 13:00:48,237 [INFO] === 开始一次商品监控 ===
2026-05-02 13:00:48,668 [INFO] 打开页面: https://outlet.arcteryx.com/ca/zh/c/mens/shell-jackets
2026-05-02 13:00:50,948 [INFO] 等待首屏商品渲染…
2026-05-02 13:00:52,104 [INFO] 开始自动滚动加载所有商品…
2026-05-02 13:00:53,874 [INFO] 抓取到 10 个商品名称
2026-05-02 13:00:53,874 [INFO] 从文件加载商品标题，共 10 项
2026-05-02 13:00:53,874 [INFO] 商品标题已保存到文件: /home/runner/work/good-monitor/good-monitor/tmp/good-monitor/arcteryx_official_titles.json
2026-05-02 14:00:43,046 [INFO] 日志系统初始化完成
2026-05-02 14:00:43,046 [INFO] === 开始一次商品监控 ===
2026-05-02 14:00:43,426 [INFO] 打开页面: https://outlet.arcteryx.com/ca/zh/c/mens/shell-jackets
2026-05-02 14:00:46,194 [INFO] 等待首屏商品渲染…
2026-05-02 14:00:47,856 [INFO] 开始自动滚动加载所有商品…
2026-05-02 14:00:49,569 [INFO] 抓取到 10 个商品名称
2026-05-02 14:00:49,569 [INFO] 从文件加载商品标题，共 10 项
2026-05-02 14:00:49,570 [INFO] 商品标题已保存到文件: /home/runner/work/good-monitor/good-monitor/tmp/good-monitor/arcteryx_official_titles.json
2026-05-02 15:00:49,505 [INFO] 日志系统初始化完成
2026-05-02 15:00:49,505 [INFO] === 开始一次商品监控 ===
2026-05-02 15:00:49,926 [INFO] 打开页面: https://outlet.arcteryx.com/ca/zh/c/mens/shell-jackets
2026-05-02 15:00:54,226 [INFO] 等待首屏商品渲染…
2026-05-02 15:00:54,292 [INFO] 开始自动滚动加载所有商品…
2026-05-02 15:00:56,029 [INFO] 抓取到 10 个商品名称
2026-05-02 15:00:56,029 [INFO] 从文件加载商品标题，共 10 项
2026-05-02 15:00:56,030 [INFO] 商品标题已保存到文件: /home/runner/work/good-monitor/good-monitor/tmp/good-monitor/arcteryx_official_titles.json
2026-05-02 16:00:42,932 [INFO] 日志系统初始化完成
2026-05-02 16:00:42,932 [INFO] === 开始一次商品监控 ===
2026-05-02 16:00:43,344 [INFO] 打开页面: https://outlet.arcteryx.com/ca/zh/c/mens/shell-jackets
2026-05-02 16:00:46,865 [INFO] 等待首屏商品渲染…
2026-05-02 16:00:46,951 [INFO] 开始自动滚动加载所有商品…
2026-05-02 16:00:49,444 [INFO] 抓取到 10 个商品名称
2026-05-02 16:00:49,445 [INFO] 从文件加载商品标题，共 10 项
2026-05-02 16:00:49,445 [INFO] 商品标题已保存到文件: /home/runner/work/good-monitor/good-monitor/tmp/good-monitor/arcteryx_official_titles.json
2026-05-02 17:00:47,142 [INFO] 日志系统初始化完成
2026-05-02 17:00:47,142 [INFO] === 开始一次商品监控 ===
2026-05-02 17:00:47,740 [INFO] 打开页面: https://outlet.arcteryx.com/ca/zh/c/mens/shell-jackets
2026-05-02 17:00:51,059 [INFO] 等待首屏商品渲染…
2026-05-02 17:00:51,094 [INFO] 开始自动滚动加载所有商品…
2026-05-02 17:00:52,773 [INFO] 抓取到 10 个商品名称
2026-05-02 17:00:52,773 [INFO] 从文件加载商品标题，共 10 项
2026-05-02 17:00:52,773 [INFO] 商品标题已保存到文件: /home/runner/work/good-monitor/good-monitor/tmp/good-monitor/arcteryx_official_titles.json
2026-05-02 18:00:50,883 [INFO] 日志系统初始化完成
2026-05-02 18:00:50,883 [INFO] === 开始一次商品监控 ===
2026-05-02 18:00:51,259 [INFO] 打开页面: https://outlet.arcteryx.com/ca/zh/c/mens/shell-jackets
2026-05-02 18:00:56,476 [INFO] 等待首屏商品渲染…
2026-05-02 18:00:56,535 [INFO] 开始自动滚动加载所有商品…
2026-05-02 18:00:58,215 [INFO] 抓取到 10 个商品名称
2026-05-02 18:00:58,215 [INFO] 从文件加载商品标题，共 10 项
2026-05-02 18:00:58,216 [INFO] 商品标题已保存到文件: /home/runner/work/good-monitor/good-monitor/tmp/good-monitor/arcteryx_official_titles.json
2026-05-02 19:00:44,803 [INFO] 日志系统初始化完成
2026-05-02 19:00:44,803 [INFO] === 开始一次商品监控 ===
2026-05-02 19:00:45,188 [INFO] 打开页面: https://outlet.arcteryx.com/ca/zh/c/mens/shell-jackets
2026-05-02 19:00:49,047 [INFO] 等待首屏商品渲染…
2026-05-02 19:00:49,083 [INFO] 开始自动滚动加载所有商品…
2026-05-02 19:00:50,794 [INFO] 抓取到 10 个商品名称
2026-05-02 19:00:50,794 [INFO] 从文件加载商品标题，共 10 项
2026-05-02 19:00:50,795 [INFO] 商品标题已保存到文件: /home/runner/work/good-monitor/good-monitor/tmp/good-monitor/arcteryx_official_titles.json
2026-05-02 20:00:45,520 [INFO] 日志系统初始化完成
2026-05-02 20:00:45,520 [INFO] === 开始一次商品监控 ===
2026-05-02 20:00:45,890 [INFO] 打开页面: https://outlet.arcteryx.com/ca/zh/c/mens/shell-jackets
2026-05-02 20:00:48,067 [INFO] 等待首屏商品渲染…
2026-05-02 20:00:49,672 [INFO] 开始自动滚动加载所有商品…
2026-05-02 20:00:51,381 [INFO] 抓取到 10 个商品名称
2026-05-02 20:00:51,382 [INFO] 从文件加载商品标题，共 10 项
2026-05-02 20:00:51,382 [INFO] 商品标题已保存到文件: /home/runner/work/good-monitor/good-monitor/tmp/good-monitor/arcteryx_official_titles.json
2026-05-02 21:00:48,426 [INFO] 日志系统初始化完成
2026-05-02 21:00:48,426 [INFO] === 开始一次商品监控 ===
2026-05-02 21:00:48,803 [INFO] 打开页面: https://outlet.arcteryx.com/ca/zh/c/mens/shell-jackets
2026-05-02 21:00:50,846 [INFO] 等待首屏商品渲染…
2026-05-02 21:00:51,110 [INFO] 开始自动滚动加载所有商品…
2026-05-02 21:00:52,810 [INFO] 抓取到 10 个商品名称
2026-05-02 21:00:52,811 [INFO] 从文件加载商品标题，共 10 项
2026-05-02 21:00:52,811 [INFO] 商品标题已保存到文件: /home/runner/work/good-monitor/good-monitor/tmp/good-monitor/arcteryx_official_titles.json
2026-05-02 22:00:42,476 [INFO] 日志系统初始化完成
2026-05-02 22:00:42,476 [INFO] === 开始一次商品监控 ===
2026-05-02 22:00:42,828 [INFO] 打开页面: https://outlet.arcteryx.com/ca/zh/c/mens/shell-jackets
2026-05-02 22:00:45,543 [INFO] 等待首屏商品渲染…
2026-05-02 22:00:46,689 [INFO] 开始自动滚动加载所有商品…
2026-05-02 22:00:48,416 [INFO] 抓取到 10 个商品名称
2026-05-02 22:00:48,416 [INFO] 从文件加载商品标题，共 10 项
2026-05-02 22:00:48,417 [INFO] 商品标题已保存到文件: /home/runner/work/good-monitor/good-monitor/tmp/good-monitor/arcteryx_official_titles.json
2026-05-02 23:00:43,768 [INFO] 日志系统初始化完成
2026-05-02 23:00:43,768 [INFO] === 开始一次商品监控 ===
2026-05-02 23:00:44,147 [INFO] 打开页面: https://outlet.arcteryx.com/ca/zh/c/mens/shell-jackets
2026-05-02 23:00:45,650 [INFO] 等待首屏商品渲染…
2026-05-02 23:00:45,876 [INFO] 开始自动滚动加载所有商品…
2026-05-02 23:00:48,560 [INFO] 抓取到 10 个商品名称
2026-05-02 23:00:48,561 [INFO] 从文件加载商品标题，共 10 项
2026-05-02 23:00:48,561 [INFO] 商品标题已保存到文件: /home/runner/work/good-monitor/good-monitor/tmp/good-monitor/arcteryx_official_titles.json
2026-05-03 00:00:55,698 [INFO] 日志系统初始化完成
2026-05-03 00:00:55,698 [INFO] === 开始一次商品监控 ===
2026-05-03 00:00:56,103 [INFO] 打开页面: https://outlet.arcteryx.com/ca/zh/c/mens/shell-jackets
2026-05-03 00:00:58,764 [INFO] 等待首屏商品渲染…
2026-05-03 00:01:00,450 [INFO] 开始自动滚动加载所有商品…
2026-05-03 00:01:02,153 [INFO] 抓取到 10 个商品名称
2026-05-03 00:01:02,154 [INFO] 从文件加载商品标题，共 10 项
2026-05-03 00:01:02,154 [INFO] 商品标题已保存到文件: /home/runner/work/good-monitor/good-monitor/tmp/good-monitor/arcteryx_official_titles.json
2026-05-03 01:00:50,238 [INFO] 日志系统初始化完成
2026-05-03 01:00:50,238 [INFO] === 开始一次商品监控 ===
2026-05-03 01:00:50,660 [INFO] 打开页面: https://outlet.arcteryx.com/ca/zh/c/mens/shell-jackets
2026-05-03 01:00:54,844 [INFO] 等待首屏商品渲染…
2026-05-03 01:00:55,015 [INFO] 开始自动滚动加载所有商品…
2026-05-03 01:00:57,546 [INFO] 抓取到 10 个商品名称
2026-05-03 01:00:57,547 [INFO] 从文件加载商品标题，共 10 项
2026-05-03 01:00:57,547 [INFO] 商品标题已保存到文件: /home/runner/work/good-monitor/good-monitor/tmp/good-monitor/arcteryx_official_titles.json
2026-05-03 02:00:48,616 [INFO] 日志系统初始化完成
2026-05-03 02:00:48,616 [INFO] === 开始一次商品监控 ===
2026-05-03 02:00:49,003 [INFO] 打开页面: https://outlet.arcteryx.com/ca/zh/c/mens/shell-jackets
2026-05-03 02:00:51,740 [INFO] 等待首屏商品渲染…
2026-05-03 02:00:53,389 [INFO] 开始自动滚动加载所有商品…
2026-05-03 02:00:55,170 [INFO] 抓取到 10 个商品名称
2026-05-03 02:00:55,170 [INFO] 从文件加载商品标题，共 10 项
2026-05-03 02:00:55,170 [INFO] 商品标题已保存到文件: /home/runner/work/good-monitor/good-monitor/tmp/good-monitor/arcteryx_official_titles.json
2026-05-03 03:00:51,690 [INFO] 日志系统初始化完成
2026-05-03 03:00:51,691 [INFO] === 开始一次商品监控 ===
2026-05-03 03:00:52,073 [INFO] 打开页面: https://outlet.arcteryx.com/ca/zh/c/mens/shell-jackets
2026-05-03 03:00:55,231 [INFO] 等待首屏商品渲染…
2026-05-03 03:00:56,835 [INFO] 开始自动滚动加载所有商品…
2026-05-03 03:00:58,545 [INFO] 抓取到 10 个商品名称
2026-05-03 03:00:58,546 [INFO] 从文件加载商品标题，共 10 项
2026-05-03 03:00:58,546 [INFO] 商品标题已保存到文件: /home/runner/work/good-monitor/good-monitor/tmp/good-monitor/arcteryx_official_titles.json
2026-05-03 04:00:46,789 [INFO] 日志系统初始化完成
2026-05-03 04:00:46,789 [INFO] === 开始一次商品监控 ===
2026-05-03 04:00:47,132 [INFO] 打开页面: https://outlet.arcteryx.com/ca/zh/c/mens/shell-jackets
2026-05-03 04:00:49,756 [INFO] 等待首屏商品渲染…
2026-05-03 04:00:50,865 [INFO] 开始自动滚动加载所有商品…
2026-05-03 04:00:52,596 [INFO] 抓取到 10 个商品名称
2026-05-03 04:00:52,597 [INFO] 从文件加载商品标题，共 10 项
2026-05-03 04:00:52,597 [INFO] 商品标题已保存到文件: /home/runner/work/good-monitor/good-monitor/tmp/good-monitor/arcteryx_official_titles.json
2026-05-03 05:00:49,530 [INFO] 日志系统初始化完成
2026-05-03 05:00:49,530 [INFO] === 开始一次商品监控 ===
2026-05-03 05:00:49,905 [INFO] 打开页面: https://outlet.arcteryx.com/ca/zh/c/mens/shell-jackets
2026-05-03 05:00:53,029 [INFO] 等待首屏商品渲染…
2026-05-03 05:00:53,068 [INFO] 开始自动滚动加载所有商品…
2026-05-03 05:00:54,758 [INFO] 抓取到 10 个商品名称
2026-05-03 05:00:54,758 [INFO] 从文件加载商品标题，共 10 项
2026-05-03 05:00:54,759 [INFO] 商品标题已保存到文件: /home/runner/work/good-monitor/good-monitor/tmp/good-monitor/arcteryx_official_titles.json
2026-05-03 06:00:46,371 [INFO] 日志系统初始化完成
2026-05-03 06:00:46,371 [INFO] === 开始一次商品监控 ===
2026-05-03 06:00:46,754 [INFO] 打开页面: https://outlet.arcteryx.com/ca/zh/c/mens/shell-jackets
2026-05-03 06:00:49,183 [INFO] 等待首屏商品渲染…
2026-05-03 06:00:50,892 [INFO] 开始自动滚动加载所有商品…
2026-05-03 06:00:52,853 [INFO] 抓取到 10 个商品名称
2026-05-03 06:00:52,854 [INFO] 从文件加载商品标题，共 10 项
2026-05-03 06:00:52,854 [INFO] 商品标题已保存到文件: /home/runner/work/good-monitor/good-monitor/tmp/good-monitor/arcteryx_official_titles.json
2026-05-03 07:00:45,840 [INFO] 日志系统初始化完成
2026-05-03 07:00:45,840 [INFO] === 开始一次商品监控 ===
2026-05-03 07:00:46,219 [INFO] 打开页面: https://outlet.arcteryx.com/ca/zh/c/mens/shell-jackets
2026-05-03 07:00:50,627 [INFO] 等待首屏商品渲染…
2026-05-03 07:00:50,659 [INFO] 开始自动滚动加载所有商品…
2026-05-03 07:00:52,324 [INFO] 抓取到 10 个商品名称
2026-05-03 07:00:52,324 [INFO] 从文件加载商品标题，共 10 项
2026-05-03 07:00:52,324 [INFO] 商品标题已保存到文件: /home/runner/work/good-monitor/good-monitor/tmp/good-monitor/arcteryx_official_titles.json
2026-05-03 08:00:48,876 [INFO] 日志系统初始化完成
2026-05-03 08:00:48,876 [INFO] === 开始一次商品监控 ===
2026-05-03 08:00:49,296 [INFO] 打开页面: https://outlet.arcteryx.com/ca/zh/c/mens/shell-jackets
2026-05-03 08:00:53,103 [INFO] 等待首屏商品渲染…
2026-05-03 08:00:53,171 [INFO] 开始自动滚动加载所有商品…
2026-05-03 08:00:54,845 [INFO] 抓取到 10 个商品名称
2026-05-03 08:00:54,845 [INFO] 从文件加载商品标题，共 10 项
2026-05-03 08:00:54,846 [INFO] 商品标题已保存到文件: /home/runner/work/good-monitor/good-monitor/tmp/good-monitor/arcteryx_official_titles.json
2026-05-03 09:00:53,559 [INFO] 日志系统初始化完成
2026-05-03 09:00:53,559 [INFO] === 开始一次商品监控 ===
2026-05-03 09:00:53,940 [INFO] 打开页面: https://outlet.arcteryx.com/ca/zh/c/mens/shell-jackets
2026-05-03 09:00:56,511 [INFO] 等待首屏商品渲染…
2026-05-03 09:00:57,400 [INFO] 开始自动滚动加载所有商品…
2026-05-03 09:00:59,269 [INFO] 抓取到 10 个商品名称
2026-05-03 09:00:59,270 [INFO] 从文件加载商品标题，共 10 项
2026-05-03 09:00:59,270 [INFO] 商品标题已保存到文件: /home/runner/work/good-monitor/good-monitor/tmp/good-monitor/arcteryx_official_titles.json
2026-05-03 10:00:54,159 [INFO] 日志系统初始化完成
2026-05-03 10:00:54,159 [INFO] === 开始一次商品监控 ===
2026-05-03 10:00:54,547 [INFO] 打开页面: https://outlet.arcteryx.com/ca/zh/c/mens/shell-jackets
2026-05-03 10:00:58,237 [INFO] 等待首屏商品渲染…
2026-05-03 10:00:58,321 [INFO] 开始自动滚动加载所有商品…
2026-05-03 10:01:00,814 [INFO] 抓取到 10 个商品名称
2026-05-03 10:01:00,814 [INFO] 从文件加载商品标题，共 10 项
2026-05-03 10:01:00,814 [INFO] 商品标题已保存到文件: /home/runner/work/good-monitor/good-monitor/tmp/good-monitor/arcteryx_official_titles.json
2026-05-03 11:00:40,008 [INFO] 日志系统初始化完成
2026-05-03 11:00:40,008 [INFO] === 开始一次商品监控 ===
2026-05-03 11:00:40,344 [INFO] 打开页面: https://outlet.arcteryx.com/ca/zh/c/mens/shell-jackets
2026-05-03 11:00:42,582 [INFO] 等待首屏商品渲染…
2026-05-03 11:00:43,710 [INFO] 开始自动滚动加载所有商品…
2026-05-03 11:00:45,489 [INFO] 抓取到 10 个商品名称
2026-05-03 11:00:45,490 [INFO] 从文件加载商品标题，共 10 项
2026-05-03 11:00:45,490 [INFO] 商品标题已保存到文件: /home/runner/work/good-monitor/good-monitor/tmp/good-monitor/arcteryx_official_titles.json
2026-05-03 12:00:46,758 [INFO] 日志系统初始化完成
2026-05-03 12:00:46,758 [INFO] === 开始一次商品监控 ===
2026-05-03 12:00:47,138 [INFO] 打开页面: https://outlet.arcteryx.com/ca/zh/c/mens/shell-jackets
2026-05-03 12:00:48,947 [INFO] 等待首屏商品渲染…
2026-05-03 12:00:50,185 [INFO] 开始自动滚动加载所有商品…
2026-05-03 12:00:52,031 [INFO] 抓取到 10 个商品名称
2026-05-03 12:00:52,031 [INFO] 从文件加载商品标题，共 10 项
2026-05-03 12:00:52,032 [INFO] 商品标题已保存到文件: /home/runner/work/good-monitor/good-monitor/tmp/good-monitor/arcteryx_official_titles.json
2026-05-03 13:00:49,342 [INFO] 日志系统初始化完成
2026-05-03 13:00:49,343 [INFO] === 开始一次商品监控 ===
2026-05-03 13:00:49,706 [INFO] 打开页面: https://outlet.arcteryx.com/ca/zh/c/mens/shell-jackets
2026-05-03 13:00:51,223 [INFO] 等待首屏商品渲染…
2026-05-03 13:00:51,426 [INFO] 开始自动滚动加载所有商品…
2026-05-03 13:00:53,456 [INFO] 抓取到 10 个商品名称
2026-05-03 13:00:53,456 [INFO] 从文件加载商品标题，共 10 项
2026-05-03 13:00:53,456 [INFO] 商品标题已保存到文件: /home/runner/work/good-monitor/good-monitor/tmp/good-monitor/arcteryx_official_titles.json
2026-05-03 14:00:44,991 [INFO] 日志系统初始化完成
2026-05-03 14:00:44,991 [INFO] === 开始一次商品监控 ===
2026-05-03 14:00:45,386 [INFO] 打开页面: https://outlet.arcteryx.com/ca/zh/c/mens/shell-jackets
2026-05-03 14:00:48,127 [INFO] 等待首屏商品渲染…
2026-05-03 14:00:49,744 [INFO] 开始自动滚动加载所有商品…
2026-05-03 14:00:51,519 [INFO] 抓取到 10 个商品名称
2026-05-03 14:00:51,519 [INFO] 从文件加载商品标题，共 10 项
2026-05-03 14:00:51,520 [INFO] 商品标题已保存到文件: /home/runner/work/good-monitor/good-monitor/tmp/good-monitor/arcteryx_official_titles.json
2026-05-03 15:00:50,304 [INFO] 日志系统初始化完成
2026-05-03 15:00:50,304 [INFO] === 开始一次商品监控 ===
2026-05-03 15:00:50,756 [INFO] 打开页面: https://outlet.arcteryx.com/ca/zh/c/mens/shell-jackets
2026-05-03 15:00:54,311 [INFO] 等待首屏商品渲染…
2026-05-03 15:00:56,076 [INFO] 开始自动滚动加载所有商品…
2026-05-03 15:00:58,561 [INFO] 抓取到 10 个商品名称
2026-05-03 15:00:58,561 [INFO] 从文件加载商品标题，共 10 项
2026-05-03 15:00:58,562 [INFO] 商品标题已保存到文件: /home/runner/work/good-monitor/good-monitor/tmp/good-monitor/arcteryx_official_titles.json
2026-05-03 16:00:53,237 [INFO] 日志系统初始化完成
2026-05-03 16:00:53,237 [INFO] === 开始一次商品监控 ===
2026-05-03 16:00:53,610 [INFO] 打开页面: https://outlet.arcteryx.com/ca/zh/c/mens/shell-jackets
2026-05-03 16:00:57,861 [INFO] 等待首屏商品渲染…
2026-05-03 16:00:57,899 [INFO] 开始自动滚动加载所有商品…
2026-05-03 16:00:59,573 [INFO] 抓取到 10 个商品名称
2026-05-03 16:00:59,573 [INFO] 从文件加载商品标题，共 10 项
2026-05-03 16:00:59,573 [INFO] 商品标题已保存到文件: /home/runner/work/good-monitor/good-monitor/tmp/good-monitor/arcteryx_official_titles.json
2026-05-03 17:00:56,980 [INFO] 日志系统初始化完成
2026-05-03 17:00:56,980 [INFO] === 开始一次商品监控 ===
2026-05-03 17:00:57,351 [INFO] 打开页面: https://outlet.arcteryx.com/ca/zh/c/mens/shell-jackets
2026-05-03 17:00:59,087 [INFO] 等待首屏商品渲染…
2026-05-03 17:00:59,332 [INFO] 开始自动滚动加载所有商品…
2026-05-03 17:01:01,270 [INFO] 抓取到 10 个商品名称
2026-05-03 17:01:01,271 [INFO] 从文件加载商品标题，共 10 项
2026-05-03 17:01:01,271 [INFO] 商品标题已保存到文件: /home/runner/work/good-monitor/good-monitor/tmp/good-monitor/arcteryx_official_titles.json
2026-05-03 18:00:58,697 [INFO] 日志系统初始化完成
2026-05-03 18:00:58,697 [INFO] === 开始一次商品监控 ===
2026-05-03 18:00:59,070 [INFO] 打开页面: https://outlet.arcteryx.com/ca/zh/c/mens/shell-jackets
2026-05-03 18:01:01,856 [INFO] 等待首屏商品渲染…
2026-05-03 18:01:03,242 [INFO] 开始自动滚动加载所有商品…
2026-05-03 18:01:04,936 [INFO] 抓取到 10 个商品名称
2026-05-03 18:01:04,936 [INFO] 从文件加载商品标题，共 10 项
2026-05-03 18:01:04,937 [INFO] 商品标题已保存到文件: /home/runner/work/good-monitor/good-monitor/tmp/good-monitor/arcteryx_official_titles.json
2026-05-03 19:00:50,638 [INFO] 日志系统初始化完成
2026-05-03 19:00:50,638 [INFO] === 开始一次商品监控 ===
2026-05-03 19:00:50,994 [INFO] 打开页面: https://outlet.arcteryx.com/ca/zh/c/mens/shell-jackets
2026-05-03 19:00:54,662 [INFO] 等待首屏商品渲染…
2026-05-03 19:00:54,708 [INFO] 开始自动滚动加载所有商品…
2026-05-03 19:00:56,400 [INFO] 抓取到 10 个商品名称
2026-05-03 19:00:56,400 [INFO] 从文件加载商品标题，共 10 项
2026-05-03 19:00:56,401 [INFO] 商品标题已保存到文件: /home/runner/work/good-monitor/good-monitor/tmp/good-monitor/arcteryx_official_titles.json
2026-05-03 20:00:58,376 [INFO] 日志系统初始化完成
2026-05-03 20:00:58,376 [INFO] === 开始一次商品监控 ===
2026-05-03 20:00:58,753 [INFO] 打开页面: https://outlet.arcteryx.com/ca/zh/c/mens/shell-jackets
2026-05-03 20:01:01,890 [INFO] 等待首屏商品渲染…
2026-05-03 20:01:03,169 [INFO] 开始自动滚动加载所有商品…
2026-05-03 20:01:04,887 [INFO] 抓取到 10 个商品名称
2026-05-03 20:01:04,887 [INFO] 从文件加载商品标题，共 10 项
2026-05-03 20:01:04,888 [INFO] 商品标题已保存到文件: /home/runner/work/good-monitor/good-monitor/tmp/good-monitor/arcteryx_official_titles.json
2026-05-03 21:00:54,410 [INFO] 日志系统初始化完成
2026-05-03 21:00:54,410 [INFO] === 开始一次商品监控 ===
2026-05-03 21:00:54,792 [INFO] 打开页面: https://outlet.arcteryx.com/ca/zh/c/mens/shell-jackets
2026-05-03 21:00:57,880 [INFO] 等待首屏商品渲染…
2026-05-03 21:00:57,947 [INFO] 开始自动滚动加载所有商品…
2026-05-03 21:00:59,640 [INFO] 抓取到 10 个商品名称
2026-05-03 21:00:59,640 [INFO] 从文件加载商品标题，共 10 项
2026-05-03 21:00:59,641 [INFO] 商品标题已保存到文件: /home/runner/work/good-monitor/good-monitor/tmp/good-monitor/arcteryx_official_titles.json
2026-05-03 22:00:41,992 [INFO] 日志系统初始化完成
2026-05-03 22:00:41,992 [INFO] === 开始一次商品监控 ===
2026-05-03 22:00:42,363 [INFO] 打开页面: https://outlet.arcteryx.com/ca/zh/c/mens/shell-jackets
2026-05-03 22:00:45,959 [INFO] 等待首屏商品渲染…
2026-05-03 22:00:46,070 [INFO] 开始自动滚动加载所有商品…
2026-05-03 22:00:48,575 [INFO] 抓取到 10 个商品名称
2026-05-03 22:00:48,575 [INFO] 从文件加载商品标题，共 10 项
2026-05-03 22:00:48,575 [INFO] 商品标题已保存到文件: /home/runner/work/good-monitor/good-monitor/tmp/good-monitor/arcteryx_official_titles.json
2026-05-03 23:01:03,089 [INFO] 日志系统初始化完成
2026-05-03 23:01:03,089 [INFO] === 开始一次商品监控 ===
2026-05-03 23:01:03,399 [INFO] 打开页面: https://outlet.arcteryx.com/ca/zh/c/mens/shell-jackets
2026-05-03 23:01:06,132 [INFO] 等待首屏商品渲染…
2026-05-03 23:01:06,176 [INFO] 开始自动滚动加载所有商品…
2026-05-03 23:01:07,848 [INFO] 抓取到 10 个商品名称
2026-05-03 23:01:07,849 [INFO] 从文件加载商品标题，共 10 项
2026-05-03 23:01:07,849 [INFO] 商品标题已保存到文件: /home/runner/work/good-monitor/good-monitor/tmp/good-monitor/arcteryx_official_titles.json
2026-05-04 00:00:49,324 [INFO] 日志系统初始化完成
2026-05-04 00:00:49,324 [INFO] === 开始一次商品监控 ===
2026-05-04 00:00:49,714 [INFO] 打开页面: https://outlet.arcteryx.com/ca/zh/c/mens/shell-jackets
2026-05-04 00:00:52,602 [INFO] 等待首屏商品渲染…
2026-05-04 00:00:53,789 [INFO] 开始自动滚动加载所有商品…
2026-05-04 00:00:56,298 [INFO] 抓取到 10 个商品名称
2026-05-04 00:00:56,298 [INFO] 从文件加载商品标题，共 10 项
2026-05-04 00:00:56,299 [INFO] 商品标题已保存到文件: /home/runner/work/good-monitor/good-monitor/tmp/good-monitor/arcteryx_official_titles.json
2026-05-04 01:00:45,759 [INFO] 日志系统初始化完成
2026-05-04 01:00:45,760 [INFO] === 开始一次商品监控 ===
2026-05-04 01:00:46,146 [INFO] 打开页面: https://outlet.arcteryx.com/ca/zh/c/mens/shell-jackets
2026-05-04 01:00:47,923 [INFO] 等待首屏商品渲染…
2026-05-04 01:00:52,533 [INFO] 开始自动滚动加载所有商品…
2026-05-04 01:00:54,353 [INFO] 抓取到 10 个商品名称
2026-05-04 01:00:54,353 [INFO] 从文件加载商品标题，共 10 项
2026-05-04 01:00:54,353 [INFO] 商品标题已保存到文件: /home/runner/work/good-monitor/good-monitor/tmp/good-monitor/arcteryx_official_titles.json
2026-05-04 02:00:50,157 [INFO] 日志系统初始化完成
2026-05-04 02:00:50,157 [INFO] === 开始一次商品监控 ===
2026-05-04 02:00:50,536 [INFO] 打开页面: https://outlet.arcteryx.com/ca/zh/c/mens/shell-jackets
2026-05-04 02:00:54,401 [INFO] 等待首屏商品渲染…
2026-05-04 02:00:54,817 [INFO] 开始自动滚动加载所有商品…
2026-05-04 02:00:57,346 [INFO] 抓取到 10 个商品名称
2026-05-04 02:00:57,346 [INFO] 从文件加载商品标题，共 10 项
2026-05-04 02:00:57,347 [INFO] 商品标题已保存到文件: /home/runner/work/good-monitor/good-monitor/tmp/good-monitor/arcteryx_official_titles.json
2026-05-04 03:00:53,018 [INFO] 日志系统初始化完成
2026-05-04 03:00:53,019 [INFO] === 开始一次商品监控 ===
2026-05-04 03:00:53,401 [INFO] 打开页面: https://outlet.arcteryx.com/ca/zh/c/mens/shell-jackets
2026-05-04 03:00:55,978 [INFO] 等待首屏商品渲染…
2026-05-04 03:00:57,658 [INFO] 开始自动滚动加载所有商品…
2026-05-04 03:01:00,230 [INFO] 抓取到 10 个商品名称
2026-05-04 03:01:00,231 [INFO] 从文件加载商品标题，共 10 项
2026-05-04 03:01:00,231 [INFO] 商品标题已保存到文件: /home/runner/work/good-monitor/good-monitor/tmp/good-monitor/arcteryx_official_titles.json
2026-05-04 04:00:51,629 [INFO] 日志系统初始化完成
2026-05-04 04:00:51,629 [INFO] === 开始一次商品监控 ===
2026-05-04 04:00:51,998 [INFO] 打开页面: https://outlet.arcteryx.com/ca/zh/c/mens/shell-jackets
2026-05-04 04:00:55,694 [INFO] 等待首屏商品渲染…
2026-05-04 04:00:55,770 [INFO] 开始自动滚动加载所有商品…
2026-05-04 04:00:58,270 [INFO] 抓取到 10 个商品名称
2026-05-04 04:00:58,271 [INFO] 从文件加载商品标题，共 10 项
2026-05-04 04:00:58,271 [INFO] 商品标题已保存到文件: /home/runner/work/good-monitor/good-monitor/tmp/good-monitor/arcteryx_official_titles.json
2026-05-04 05:00:45,415 [INFO] 日志系统初始化完成
2026-05-04 05:00:45,415 [INFO] === 开始一次商品监控 ===
2026-05-04 05:00:45,792 [INFO] 打开页面: https://outlet.arcteryx.com/ca/zh/c/mens/shell-jackets
2026-05-04 05:00:49,356 [INFO] 等待首屏商品渲染…
2026-05-04 05:00:49,454 [INFO] 开始自动滚动加载所有商品…
2026-05-04 05:00:51,974 [INFO] 抓取到 10 个商品名称
2026-05-04 05:00:51,974 [INFO] 从文件加载商品标题，共 10 项
2026-05-04 05:00:51,974 [INFO] 商品标题已保存到文件: /home/runner/work/good-monitor/good-monitor/tmp/good-monitor/arcteryx_official_titles.json
2026-05-04 06:00:51,519 [INFO] 日志系统初始化完成
2026-05-04 06:00:51,519 [INFO] === 开始一次商品监控 ===
2026-05-04 06:00:51,909 [INFO] 打开页面: https://outlet.arcteryx.com/ca/zh/c/mens/shell-jackets
2026-05-04 06:00:55,923 [INFO] 等待首屏商品渲染…
2026-05-04 06:00:56,006 [INFO] 开始自动滚动加载所有商品…
2026-05-04 06:00:58,513 [INFO] 抓取到 10 个商品名称
2026-05-04 06:00:58,513 [INFO] 从文件加载商品标题，共 10 项
2026-05-04 06:00:58,513 [INFO] 商品标题已保存到文件: /home/runner/work/good-monitor/good-monitor/tmp/good-monitor/arcteryx_official_titles.json
2026-05-04 07:00:49,918 [INFO] 日志系统初始化完成
2026-05-04 07:00:49,918 [INFO] === 开始一次商品监控 ===
2026-05-04 07:00:50,306 [INFO] 打开页面: https://outlet.arcteryx.com/ca/zh/c/mens/shell-jackets
2026-05-04 07:00:52,873 [INFO] 等待首屏商品渲染…
2026-05-04 07:00:53,984 [INFO] 开始自动滚动加载所有商品…
2026-05-04 07:00:55,774 [INFO] 抓取到 10 个商品名称
2026-05-04 07:00:55,774 [INFO] 从文件加载商品标题，共 10 项
2026-05-04 07:00:55,774 [INFO] 商品标题已保存到文件: /home/runner/work/good-monitor/good-monitor/tmp/good-monitor/arcteryx_official_titles.json
2026-05-04 08:01:02,912 [INFO] 日志系统初始化完成
2026-05-04 08:01:02,912 [INFO] === 开始一次商品监控 ===
2026-05-04 08:01:03,316 [INFO] 打开页面: https://outlet.arcteryx.com/ca/zh/c/mens/shell-jackets
2026-05-04 08:01:06,022 [INFO] 等待首屏商品渲染…
2026-05-04 08:01:07,615 [INFO] 开始自动滚动加载所有商品…
2026-05-04 08:01:10,096 [INFO] 抓取到 10 个商品名称
2026-05-04 08:01:10,096 [INFO] 从文件加载商品标题，共 10 项
2026-05-04 08:01:10,096 [INFO] 商品标题已保存到文件: /home/runner/work/good-monitor/good-monitor/tmp/good-monitor/arcteryx_official_titles.json
2026-05-04 09:00:40,850 [INFO] 日志系统初始化完成
2026-05-04 09:00:40,850 [INFO] === 开始一次商品监控 ===
2026-05-04 09:00:41,214 [INFO] 打开页面: https://outlet.arcteryx.com/ca/zh/c/mens/shell-jackets
2026-05-04 09:00:44,704 [INFO] 等待首屏商品渲染…
2026-05-04 09:00:44,760 [INFO] 开始自动滚动加载所有商品…
2026-05-04 09:00:46,486 [INFO] 抓取到 10 个商品名称
2026-05-04 09:00:46,486 [INFO] 从文件加载商品标题，共 10 项
2026-05-04 09:00:46,487 [INFO] 商品标题已保存到文件: /home/runner/work/good-monitor/good-monitor/tmp/good-monitor/arcteryx_official_titles.json
2026-05-04 10:00:56,709 [INFO] 日志系统初始化完成
2026-05-04 10:00:56,709 [INFO] === 开始一次商品监控 ===
2026-05-04 10:00:57,102 [INFO] 打开页面: https://outlet.arcteryx.com/ca/zh/c/mens/shell-jackets
2026-05-04 10:01:00,819 [INFO] 等待首屏商品渲染…
2026-05-04 10:01:00,912 [INFO] 开始自动滚动加载所有商品…
2026-05-04 10:01:03,429 [INFO] 抓取到 10 个商品名称
2026-05-04 10:01:03,430 [INFO] 从文件加载商品标题，共 10 项
2026-05-04 10:01:03,430 [INFO] 商品标题已保存到文件: /home/runner/work/good-monitor/good-monitor/tmp/good-monitor/arcteryx_official_titles.json
2026-05-04 11:00:48,242 [INFO] 日志系统初始化完成
2026-05-04 11:00:48,242 [INFO] === 开始一次商品监控 ===
2026-05-04 11:00:48,618 [INFO] 打开页面: https://outlet.arcteryx.com/ca/zh/c/mens/shell-jackets
2026-05-04 11:00:51,963 [INFO] 等待首屏商品渲染…
2026-05-04 11:00:52,014 [INFO] 开始自动滚动加载所有商品…
2026-05-04 11:00:53,718 [INFO] 抓取到 10 个商品名称
2026-05-04 11:00:53,718 [INFO] 从文件加载商品标题，共 10 项
2026-05-04 11:00:53,718 [INFO] 商品标题已保存到文件: /home/runner/work/good-monitor/good-monitor/tmp/good-monitor/arcteryx_official_titles.json
2026-05-04 12:00:50,513 [INFO] 日志系统初始化完成
2026-05-04 12:00:50,513 [INFO] === 开始一次商品监控 ===
2026-05-04 12:00:50,890 [INFO] 打开页面: https://outlet.arcteryx.com/ca/zh/c/mens/shell-jackets
2026-05-04 12:00:54,454 [INFO] 等待首屏商品渲染…
2026-05-04 12:00:54,510 [INFO] 开始自动滚动加载所有商品…
2026-05-04 12:00:56,189 [INFO] 抓取到 10 个商品名称
2026-05-04 12:00:56,189 [INFO] 从文件加载商品标题，共 10 项
2026-05-04 12:00:56,189 [INFO] 商品标题已保存到文件: /home/runner/work/good-monitor/good-monitor/tmp/good-monitor/arcteryx_official_titles.json
2026-05-04 13:01:42,060 [INFO] 日志系统初始化完成
2026-05-04 13:01:42,060 [INFO] === 开始一次商品监控 ===
2026-05-04 13:01:42,451 [INFO] 打开页面: https://outlet.arcteryx.com/ca/zh/c/mens/shell-jackets
2026-05-04 13:01:46,178 [INFO] 等待首屏商品渲染…
2026-05-04 13:01:46,261 [INFO] 开始自动滚动加载所有商品…
2026-05-04 13:01:48,791 [INFO] 抓取到 10 个商品名称
2026-05-04 13:01:48,791 [INFO] 从文件加载商品标题，共 10 项
2026-05-04 13:01:48,791 [INFO] 商品标题已保存到文件: /home/runner/work/good-monitor/good-monitor/tmp/good-monitor/arcteryx_official_titles.json
2026-05-04 14:00:58,832 [INFO] 日志系统初始化完成
2026-05-04 14:00:58,832 [INFO] === 开始一次商品监控 ===
2026-05-04 14:00:59,223 [INFO] 打开页面: https://outlet.arcteryx.com/ca/zh/c/mens/shell-jackets
2026-05-04 14:01:02,223 [INFO] 等待首屏商品渲染…
2026-05-04 14:01:03,364 [INFO] 开始自动滚动加载所有商品…
2026-05-04 14:01:05,056 [INFO] 抓取到 10 个商品名称
2026-05-04 14:01:05,057 [INFO] 从文件加载商品标题，共 10 项
2026-05-04 14:01:05,057 [INFO] 商品标题已保存到文件: /home/runner/work/good-monitor/good-monitor/tmp/good-monitor/arcteryx_official_titles.json
2026-05-04 15:00:51,450 [INFO] 日志系统初始化完成
2026-05-04 15:00:51,450 [INFO] === 开始一次商品监控 ===
2026-05-04 15:00:51,823 [INFO] 打开页面: https://outlet.arcteryx.com/ca/zh/c/mens/shell-jackets
2026-05-04 15:00:57,545 [INFO] 等待首屏商品渲染…
2026-05-04 15:00:57,626 [INFO] 开始自动滚动加载所有商品…
2026-05-04 15:01:00,139 [INFO] 抓取到 10 个商品名称
2026-05-04 15:01:00,140 [INFO] 从文件加载商品标题，共 10 项
2026-05-04 15:01:00,140 [INFO] 商品标题已保存到文件: /home/runner/work/good-monitor/good-monitor/tmp/good-monitor/arcteryx_official_titles.json
2026-05-04 16:00:59,402 [INFO] 日志系统初始化完成
2026-05-04 16:00:59,402 [INFO] === 开始一次商品监控 ===
2026-05-04 16:00:59,876 [INFO] 打开页面: https://outlet.arcteryx.com/ca/zh/c/mens/shell-jackets
2026-05-04 16:01:02,679 [INFO] 等待首屏商品渲染…
2026-05-04 16:01:03,585 [INFO] 开始自动滚动加载所有商品…
2026-05-04 16:01:05,282 [INFO] 抓取到 10 个商品名称
2026-05-04 16:01:05,282 [INFO] 从文件加载商品标题，共 10 项
2026-05-04 16:01:05,443 [INFO] 商品标题已保存到文件: /home/runner/work/good-monitor/good-monitor/tmp/good-monitor/arcteryx_official_titles.json
2026-05-04 17:00:51,722 [INFO] 日志系统初始化完成
2026-05-04 17:00:51,722 [INFO] === 开始一次商品监控 ===
2026-05-04 17:00:52,100 [INFO] 打开页面: https://outlet.arcteryx.com/ca/zh/c/mens/shell-jackets
2026-05-04 17:00:56,430 [INFO] 等待首屏商品渲染…
2026-05-04 17:00:56,486 [INFO] 开始自动滚动加载所有商品…
2026-05-04 17:00:58,171 [INFO] 抓取到 10 个商品名称
2026-05-04 17:00:58,172 [INFO] 从文件加载商品标题，共 10 项
2026-05-04 17:00:58,172 [INFO] 商品标题已保存到文件: /home/runner/work/good-monitor/good-monitor/tmp/good-monitor/arcteryx_official_titles.json
2026-05-04 18:00:54,289 [INFO] 日志系统初始化完成
2026-05-04 18:00:54,290 [INFO] === 开始一次商品监控 ===
2026-05-04 18:00:54,731 [INFO] 打开页面: https://outlet.arcteryx.com/ca/zh/c/mens/shell-jackets
2026-05-04 18:00:57,545 [INFO] 等待首屏商品渲染…
2026-05-04 18:00:59,223 [INFO] 开始自动滚动加载所有商品…
2026-05-04 18:01:00,914 [INFO] 抓取到 10 个商品名称
2026-05-04 18:01:00,914 [INFO] 从文件加载商品标题，共 10 项
2026-05-04 18:01:00,914 [INFO] 商品标题已保存到文件: /home/runner/work/good-monitor/good-monitor/tmp/good-monitor/arcteryx_official_titles.json
2026-05-04 19:00:54,672 [INFO] 日志系统初始化完成
2026-05-04 19:00:54,672 [INFO] === 开始一次商品监控 ===
2026-05-04 19:00:55,048 [INFO] 打开页面: https://outlet.arcteryx.com/ca/zh/c/mens/shell-jackets
2026-05-04 19:00:58,258 [INFO] 等待首屏商品渲染…
2026-05-04 19:00:58,308 [INFO] 开始自动滚动加载所有商品…
2026-05-04 19:00:59,990 [INFO] 抓取到 10 个商品名称
2026-05-04 19:00:59,990 [INFO] 从文件加载商品标题，共 10 项
2026-05-04 19:00:59,990 [INFO] 商品标题已保存到文件: /home/runner/work/good-monitor/good-monitor/tmp/good-monitor/arcteryx_official_titles.json
2026-05-04 20:00:59,732 [INFO] 日志系统初始化完成
2026-05-04 20:00:59,732 [INFO] === 开始一次商品监控 ===
2026-05-04 20:01:00,083 [INFO] 打开页面: https://outlet.arcteryx.com/ca/zh/c/mens/shell-jackets
2026-05-04 20:01:01,660 [INFO] 等待首屏商品渲染…
2026-05-04 20:01:03,939 [INFO] 开始自动滚动加载所有商品…
2026-05-04 20:01:05,608 [INFO] 抓取到 10 个商品名称
2026-05-04 20:01:05,608 [INFO] 从文件加载商品标题，共 10 项
2026-05-04 20:01:05,608 [INFO] 商品标题已保存到文件: /home/runner/work/good-monitor/good-monitor/tmp/good-monitor/arcteryx_official_titles.json
2026-05-04 21:00:52,817 [INFO] 日志系统初始化完成
2026-05-04 21:00:52,817 [INFO] === 开始一次商品监控 ===
2026-05-04 21:00:53,203 [INFO] 打开页面: https://outlet.arcteryx.com/ca/zh/c/mens/shell-jackets
2026-05-04 21:00:57,611 [INFO] 等待首屏商品渲染…
2026-05-04 21:00:57,664 [INFO] 开始自动滚动加载所有商品…
2026-05-04 21:00:59,372 [INFO] 抓取到 10 个商品名称
2026-05-04 21:00:59,372 [INFO] 从文件加载商品标题，共 10 项
2026-05-04 21:00:59,373 [INFO] 商品标题已保存到文件: /home/runner/work/good-monitor/good-monitor/tmp/good-monitor/arcteryx_official_titles.json
2026-05-04 22:00:51,823 [INFO] 日志系统初始化完成
2026-05-04 22:00:51,824 [INFO] === 开始一次商品监控 ===
2026-05-04 22:00:52,225 [INFO] 打开页面: https://outlet.arcteryx.com/ca/zh/c/mens/shell-jackets
2026-05-04 22:00:55,410 [INFO] 等待首屏商品渲染…
2026-05-04 22:00:56,513 [INFO] 开始自动滚动加载所有商品…
2026-05-04 22:00:58,186 [INFO] 抓取到 10 个商品名称
2026-05-04 22:00:58,186 [INFO] 从文件加载商品标题，共 10 项
2026-05-04 22:00:58,186 [INFO] 商品标题已保存到文件: /home/runner/work/good-monitor/good-monitor/tmp/good-monitor/arcteryx_official_titles.json
2026-05-04 23:00:43,857 [INFO] 日志系统初始化完成
2026-05-04 23:00:43,857 [INFO] === 开始一次商品监控 ===
2026-05-04 23:00:44,240 [INFO] 打开页面: https://outlet.arcteryx.com/ca/zh/c/mens/shell-jackets
2026-05-04 23:00:46,799 [INFO] 等待首屏商品渲染…
2026-05-04 23:00:47,902 [INFO] 开始自动滚动加载所有商品…
2026-05-04 23:00:49,632 [INFO] 抓取到 10 个商品名称
2026-05-04 23:00:49,633 [INFO] 从文件加载商品标题，共 10 项
2026-05-04 23:00:49,633 [INFO] 商品标题已保存到文件: /home/runner/work/good-monitor/good-monitor/tmp/good-monitor/arcteryx_official_titles.json
2026-05-05 00:00:51,938 [INFO] 日志系统初始化完成
2026-05-05 00:00:51,938 [INFO] === 开始一次商品监控 ===
2026-05-05 00:00:52,326 [INFO] 打开页面: https://outlet.arcteryx.com/ca/zh/c/mens/shell-jackets
2026-05-05 00:00:56,958 [INFO] 等待首屏商品渲染…
2026-05-05 00:00:57,320 [INFO] 开始自动滚动加载所有商品…
2026-05-05 00:00:59,852 [INFO] 抓取到 10 个商品名称
2026-05-05 00:00:59,853 [INFO] 从文件加载商品标题，共 10 项
2026-05-05 00:00:59,853 [INFO] 商品标题已保存到文件: /home/runner/work/good-monitor/good-monitor/tmp/good-monitor/arcteryx_official_titles.json
2026-05-05 01:00:46,740 [INFO] 日志系统初始化完成
2026-05-05 01:00:46,740 [INFO] === 开始一次商品监控 ===
2026-05-05 01:00:47,115 [INFO] 打开页面: https://outlet.arcteryx.com/ca/zh/c/mens/shell-jackets
2026-05-05 01:00:51,991 [INFO] 等待首屏商品渲染…
2026-05-05 01:00:52,027 [INFO] 开始自动滚动加载所有商品…
2026-05-05 01:00:53,706 [INFO] 抓取到 10 个商品名称
2026-05-05 01:00:53,706 [INFO] 从文件加载商品标题，共 10 项
2026-05-05 01:00:53,706 [INFO] 商品标题已保存到文件: /home/runner/work/good-monitor/good-monitor/tmp/good-monitor/arcteryx_official_titles.json
2026-05-05 02:00:45,787 [INFO] 日志系统初始化完成
2026-05-05 02:00:45,787 [INFO] === 开始一次商品监控 ===
2026-05-05 02:00:46,196 [INFO] 打开页面: https://outlet.arcteryx.com/ca/zh/c/mens/shell-jackets
2026-05-05 02:00:50,224 [INFO] 等待首屏商品渲染…
2026-05-05 02:00:50,257 [INFO] 开始自动滚动加载所有商品…
2026-05-05 02:00:51,940 [INFO] 抓取到 10 个商品名称
2026-05-05 02:00:51,940 [INFO] 从文件加载商品标题，共 10 项
2026-05-05 02:00:51,941 [INFO] 商品标题已保存到文件: /home/runner/work/good-monitor/good-monitor/tmp/good-monitor/arcteryx_official_titles.json
2026-05-05 03:00:51,966 [INFO] 日志系统初始化完成
2026-05-05 03:00:51,967 [INFO] === 开始一次商品监控 ===
2026-05-05 03:00:52,359 [INFO] 打开页面: https://outlet.arcteryx.com/ca/zh/c/mens/shell-jackets
2026-05-05 03:00:55,928 [INFO] 等待首屏商品渲染…
2026-05-05 03:00:55,963 [INFO] 开始自动滚动加载所有商品…
2026-05-05 03:00:58,441 [INFO] 抓取到 10 个商品名称
2026-05-05 03:00:58,441 [INFO] 从文件加载商品标题，共 10 项
2026-05-05 03:00:58,441 [INFO] 商品标题已保存到文件: /home/runner/work/good-monitor/good-monitor/tmp/good-monitor/arcteryx_official_titles.json
2026-05-05 04:00:54,066 [INFO] 日志系统初始化完成
2026-05-05 04:00:54,067 [INFO] === 开始一次商品监控 ===
2026-05-05 04:00:54,440 [INFO] 打开页面: https://outlet.arcteryx.com/ca/zh/c/mens/shell-jackets
2026-05-05 04:00:57,882 [INFO] 等待首屏商品渲染…
2026-05-05 04:00:59,549 [INFO] 开始自动滚动加载所有商品…
2026-05-05 04:01:01,465 [INFO] 抓取到 10 个商品名称
2026-05-05 04:01:01,465 [INFO] 从文件加载商品标题，共 10 项
2026-05-05 04:01:01,465 [INFO] 商品标题已保存到文件: /home/runner/work/good-monitor/good-monitor/tmp/good-monitor/arcteryx_official_titles.json
2026-05-05 05:00:43,282 [INFO] 日志系统初始化完成
2026-05-05 05:00:43,283 [INFO] === 开始一次商品监控 ===
2026-05-05 05:00:43,674 [INFO] 打开页面: https://outlet.arcteryx.com/ca/zh/c/mens/shell-jackets
2026-05-05 05:00:46,179 [INFO] 等待首屏商品渲染…
2026-05-05 05:00:47,819 [INFO] 开始自动滚动加载所有商品…
2026-05-05 05:00:50,436 [INFO] 抓取到 10 个商品名称
2026-05-05 05:00:50,436 [INFO] 从文件加载商品标题，共 10 项
2026-05-05 05:00:50,437 [INFO] 商品标题已保存到文件: /home/runner/work/good-monitor/good-monitor/tmp/good-monitor/arcteryx_official_titles.json
2026-05-05 06:00:47,513 [INFO] 日志系统初始化完成
2026-05-05 06:00:47,513 [INFO] === 开始一次商品监控 ===
2026-05-05 06:00:47,888 [INFO] 打开页面: https://outlet.arcteryx.com/ca/zh/c/mens/shell-jackets
2026-05-05 06:00:49,475 [INFO] 等待首屏商品渲染…
2026-05-05 06:00:49,804 [INFO] 开始自动滚动加载所有商品…
2026-05-05 06:00:52,364 [INFO] 抓取到 10 个商品名称
2026-05-05 06:00:52,364 [INFO] 从文件加载商品标题，共 10 项
2026-05-05 06:00:52,364 [INFO] 商品标题已保存到文件: /home/runner/work/good-monitor/good-monitor/tmp/good-monitor/arcteryx_official_titles.json
2026-05-05 07:00:52,910 [INFO] 日志系统初始化完成
2026-05-05 07:00:52,910 [INFO] === 开始一次商品监控 ===
2026-05-05 07:00:53,314 [INFO] 打开页面: https://outlet.arcteryx.com/ca/zh/c/mens/shell-jackets
2026-05-05 07:00:56,985 [INFO] 等待首屏商品渲染…
2026-05-05 07:00:57,041 [INFO] 开始自动滚动加载所有商品…
2026-05-05 07:00:58,721 [INFO] 抓取到 10 个商品名称
2026-05-05 07:00:58,721 [INFO] 从文件加载商品标题，共 10 项
2026-05-05 07:00:58,721 [INFO] 商品标题已保存到文件: /home/runner/work/good-monitor/good-monitor/tmp/good-monitor/arcteryx_official_titles.json
2026-05-05 08:00:50,528 [INFO] 日志系统初始化完成
2026-05-05 08:00:50,529 [INFO] === 开始一次商品监控 ===
2026-05-05 08:00:50,981 [INFO] 打开页面: https://outlet.arcteryx.com/ca/zh/c/mens/shell-jackets
2026-05-05 08:00:56,174 [INFO] 等待首屏商品渲染…
2026-05-05 08:00:56,273 [INFO] 开始自动滚动加载所有商品…
2026-05-05 08:00:58,797 [INFO] 抓取到 10 个商品名称
2026-05-05 08:00:58,797 [INFO] 从文件加载商品标题，共 10 项
2026-05-05 08:00:58,798 [INFO] 商品标题已保存到文件: /home/runner/work/good-monitor/good-monitor/tmp/good-monitor/arcteryx_official_titles.json
2026-05-05 09:00:46,099 [INFO] 日志系统初始化完成
2026-05-05 09:00:46,099 [INFO] === 开始一次商品监控 ===
2026-05-05 09:00:46,484 [INFO] 打开页面: https://outlet.arcteryx.com/ca/zh/c/mens/shell-jackets
2026-05-05 09:00:50,510 [INFO] 等待首屏商品渲染…
2026-05-05 09:00:50,586 [INFO] 开始自动滚动加载所有商品…
2026-05-05 09:00:53,092 [INFO] 抓取到 10 个商品名称
2026-05-05 09:00:53,093 [INFO] 从文件加载商品标题，共 10 项
2026-05-05 09:00:53,093 [INFO] 商品标题已保存到文件: /home/runner/work/good-monitor/good-monitor/tmp/good-monitor/arcteryx_official_titles.json
2026-05-05 10:00:49,911 [INFO] 日志系统初始化完成
2026-05-05 10:00:49,911 [INFO] === 开始一次商品监控 ===
2026-05-05 10:00:50,303 [INFO] 打开页面: https://outlet.arcteryx.com/ca/zh/c/mens/shell-jackets
2026-05-05 10:00:53,111 [INFO] 等待首屏商品渲染…
2026-05-05 10:00:54,760 [INFO] 开始自动滚动加载所有商品…
2026-05-05 10:00:56,517 [INFO] 抓取到 10 个商品名称
2026-05-05 10:00:56,518 [INFO] 从文件加载商品标题，共 10 项
2026-05-05 10:00:56,518 [INFO] 商品标题已保存到文件: /home/runner/work/good-monitor/good-monitor/tmp/good-monitor/arcteryx_official_titles.json
2026-05-05 11:00:59,965 [INFO] 日志系统初始化完成
2026-05-05 11:00:59,965 [INFO] === 开始一次商品监控 ===
2026-05-05 11:01:00,433 [INFO] 打开页面: https://outlet.arcteryx.com/ca/zh/c/mens/shell-jackets
2026-05-05 11:01:21,838 [INFO] 等待首屏商品渲染…
2026-05-05 11:01:21,894 [INFO] 开始自动滚动加载所有商品…
2026-05-05 11:01:23,567 [INFO] 抓取到 10 个商品名称
2026-05-05 11:01:23,567 [INFO] 从文件加载商品标题，共 10 项
2026-05-05 11:01:23,567 [INFO] 商品标题已保存到文件: /home/runner/work/good-monitor/good-monitor/tmp/good-monitor/arcteryx_official_titles.json
2026-05-05 12:00:55,502 [INFO] 日志系统初始化完成
2026-05-05 12:00:55,502 [INFO] === 开始一次商品监控 ===
2026-05-05 12:00:55,893 [INFO] 打开页面: https://outlet.arcteryx.com/ca/zh/c/mens/shell-jackets
2026-05-05 12:00:59,348 [INFO] 等待首屏商品渲染…
2026-05-05 12:01:00,582 [INFO] 开始自动滚动加载所有商品…
2026-05-05 12:01:03,143 [INFO] 抓取到 10 个商品名称
2026-05-05 12:01:03,143 [INFO] 从文件加载商品标题，共 10 项
2026-05-05 12:01:03,143 [INFO] 商品标题已保存到文件: /home/runner/work/good-monitor/good-monitor/tmp/good-monitor/arcteryx_official_titles.json
2026-05-05 13:00:56,713 [INFO] 日志系统初始化完成
2026-05-05 13:00:56,713 [INFO] === 开始一次商品监控 ===
2026-05-05 13:00:57,090 [INFO] 打开页面: https://outlet.arcteryx.com/ca/zh/c/mens/shell-jackets
2026-05-05 13:01:00,951 [INFO] 等待首屏商品渲染…
2026-05-05 13:01:01,257 [INFO] 开始自动滚动加载所有商品…
2026-05-05 13:01:03,733 [INFO] 抓取到 10 个商品名称
2026-05-05 13:01:03,733 [INFO] 从文件加载商品标题，共 10 项
2026-05-05 13:01:03,734 [INFO] 商品标题已保存到文件: /home/runner/work/good-monitor/good-monitor/tmp/good-monitor/arcteryx_official_titles.json
2026-05-05 14:01:55,614 [INFO] 日志系统初始化完成
2026-05-05 14:01:55,615 [INFO] === 开始一次商品监控 ===
2026-05-05 14:01:56,022 [INFO] 打开页面: https://outlet.arcteryx.com/ca/zh/c/mens/shell-jackets
2026-05-05 14:02:00,640 [INFO] 等待首屏商品渲染…
2026-05-05 14:02:00,698 [INFO] 开始自动滚动加载所有商品…
2026-05-05 14:02:02,409 [INFO] 抓取到 10 个商品名称
2026-05-05 14:02:02,409 [INFO] 从文件加载商品标题，共 10 项
2026-05-05 14:02:02,409 [INFO] 商品标题已保存到文件: /home/runner/work/good-monitor/good-monitor/tmp/good-monitor/arcteryx_official_titles.json
2026-05-05 16:01:10,160 [INFO] 日志系统初始化完成
2026-05-05 16:01:10,160 [INFO] === 开始一次商品监控 ===
2026-05-05 16:01:10,456 [INFO] 打开页面: https://outlet.arcteryx.com/ca/zh/c/mens/shell-jackets
2026-05-05 16:01:14,396 [INFO] 等待首屏商品渲染…
2026-05-05 16:01:14,425 [INFO] 开始自动滚动加载所有商品…
2026-05-05 16:01:16,089 [INFO] 抓取到 10 个商品名称
2026-05-05 16:01:16,089 [INFO] 从文件加载商品标题，共 10 项
2026-05-05 16:01:16,089 [INFO] 商品标题已保存到文件: /home/runner/work/good-monitor/good-monitor/tmp/good-monitor/arcteryx_official_titles.json
2026-05-05 17:00:58,540 [INFO] 日志系统初始化完成
2026-05-05 17:00:58,540 [INFO] === 开始一次商品监控 ===
2026-05-05 17:00:58,920 [INFO] 打开页面: https://outlet.arcteryx.com/ca/zh/c/mens/shell-jackets
2026-05-05 17:01:00,585 [INFO] 等待首屏商品渲染…
2026-05-05 17:01:01,796 [INFO] 开始自动滚动加载所有商品…
2026-05-05 17:01:03,524 [INFO] 抓取到 10 个商品名称
2026-05-05 17:01:03,524 [INFO] 从文件加载商品标题，共 10 项
2026-05-05 17:01:03,525 [INFO] 商品标题已保存到文件: /home/runner/work/good-monitor/good-monitor/tmp/good-monitor/arcteryx_official_titles.json
2026-05-05 18:00:51,336 [INFO] 日志系统初始化完成
2026-05-05 18:00:51,336 [INFO] === 开始一次商品监控 ===
2026-05-05 18:00:51,710 [INFO] 打开页面: https://outlet.arcteryx.com/ca/zh/c/mens/shell-jackets
2026-05-05 18:00:55,643 [INFO] 等待首屏商品渲染…
2026-05-05 18:00:55,732 [INFO] 开始自动滚动加载所有商品…
2026-05-05 18:00:58,228 [INFO] 抓取到 10 个商品名称
2026-05-05 18:00:58,228 [INFO] 从文件加载商品标题，共 10 项
2026-05-05 18:00:58,228 [INFO] 商品标题已保存到文件: /home/runner/work/good-monitor/good-monitor/tmp/good-monitor/arcteryx_official_titles.json
2026-05-05 19:01:06,152 [INFO] 日志系统初始化完成
2026-05-05 19:01:06,152 [INFO] === 开始一次商品监控 ===
2026-05-05 19:01:06,538 [INFO] 打开页面: https://outlet.arcteryx.com/ca/zh/c/mens/shell-jackets
2026-05-05 19:01:10,166 [INFO] 等待首屏商品渲染…
2026-05-05 19:01:10,206 [INFO] 开始自动滚动加载所有商品…
2026-05-05 19:01:11,929 [INFO] 抓取到 10 个商品名称
2026-05-05 19:01:11,930 [INFO] 从文件加载商品标题，共 10 项
2026-05-05 19:01:11,930 [INFO] 商品标题已保存到文件: /home/runner/work/good-monitor/good-monitor/tmp/good-monitor/arcteryx_official_titles.json
2026-05-05 20:01:00,356 [INFO] 日志系统初始化完成
2026-05-05 20:01:00,356 [INFO] === 开始一次商品监控 ===
2026-05-05 20:01:00,730 [INFO] 打开页面: https://outlet.arcteryx.com/ca/zh/c/mens/shell-jackets
2026-05-05 20:01:04,334 [INFO] 等待首屏商品渲染…
2026-05-05 20:01:04,370 [INFO] 开始自动滚动加载所有商品…
2026-05-05 20:01:06,088 [INFO] 抓取到 10 个商品名称
2026-05-05 20:01:06,088 [INFO] 从文件加载商品标题，共 10 项
2026-05-05 20:01:06,088 [INFO] 商品标题已保存到文件: /home/runner/work/good-monitor/good-monitor/tmp/good-monitor/arcteryx_official_titles.json
2026-05-05 21:00:52,129 [INFO] 日志系统初始化完成
2026-05-05 21:00:52,129 [INFO] === 开始一次商品监控 ===
2026-05-05 21:00:52,565 [INFO] 打开页面: https://outlet.arcteryx.com/ca/zh/c/mens/shell-jackets
2026-05-05 21:00:56,302 [INFO] 等待首屏商品渲染…
2026-05-05 21:00:56,338 [INFO] 开始自动滚动加载所有商品…
2026-05-05 21:00:58,049 [INFO] 抓取到 10 个商品名称
2026-05-05 21:00:58,049 [INFO] 从文件加载商品标题，共 10 项
2026-05-05 21:00:58,050 [INFO] 商品标题已保存到文件: /home/runner/work/good-monitor/good-monitor/tmp/good-monitor/arcteryx_official_titles.json
2026-05-05 22:00:43,951 [INFO] 日志系统初始化完成
2026-05-05 22:00:43,951 [INFO] === 开始一次商品监控 ===
2026-05-05 22:00:44,306 [INFO] 打开页面: https://outlet.arcteryx.com/ca/zh/c/mens/shell-jackets
2026-05-05 22:00:47,194 [INFO] 等待首屏商品渲染…
2026-05-05 22:00:48,338 [INFO] 开始自动滚动加载所有商品…
2026-05-05 22:00:50,180 [INFO] 抓取到 10 个商品名称
2026-05-05 22:00:50,181 [INFO] 从文件加载商品标题，共 10 项
2026-05-05 22:00:50,181 [INFO] 商品标题已保存到文件: /home/runner/work/good-monitor/good-monitor/tmp/good-monitor/arcteryx_official_titles.json
2026-05-05 23:00:53,591 [INFO] 日志系统初始化完成
2026-05-05 23:00:53,591 [INFO] === 开始一次商品监控 ===
2026-05-05 23:00:53,995 [INFO] 打开页面: https://outlet.arcteryx.com/ca/zh/c/mens/shell-jackets
2026-05-05 23:00:57,644 [INFO] 等待首屏商品渲染…
2026-05-05 23:00:57,710 [INFO] 开始自动滚动加载所有商品…
2026-05-05 23:00:59,397 [INFO] 抓取到 10 个商品名称
2026-05-05 23:00:59,397 [INFO] 从文件加载商品标题，共 10 项
2026-05-05 23:00:59,397 [INFO] 商品标题已保存到文件: /home/runner/work/good-monitor/good-monitor/tmp/good-monitor/arcteryx_official_titles.json
2026-05-06 00:00:54,831 [INFO] 日志系统初始化完成
2026-05-06 00:00:54,832 [INFO] === 开始一次商品监控 ===
2026-05-06 00:00:55,212 [INFO] 打开页面: https://outlet.arcteryx.com/ca/zh/c/mens/shell-jackets
2026-05-06 00:00:58,931 [INFO] 等待首屏商品渲染…
2026-05-06 00:00:58,993 [INFO] 开始自动滚动加载所有商品…
2026-05-06 00:01:00,679 [INFO] 抓取到 10 个商品名称
2026-05-06 00:01:00,679 [INFO] 从文件加载商品标题，共 10 项
2026-05-06 00:01:00,680 [INFO] 商品标题已保存到文件: /home/runner/work/good-monitor/good-monitor/tmp/good-monitor/arcteryx_official_titles.json
2026-05-06 01:00:49,988 [INFO] 日志系统初始化完成
2026-05-06 01:00:49,988 [INFO] === 开始一次商品监控 ===
2026-05-06 01:00:50,355 [INFO] 打开页面: https://outlet.arcteryx.com/ca/zh/c/mens/shell-jackets
2026-05-06 01:00:54,456 [INFO] 等待首屏商品渲染…
2026-05-06 01:00:54,490 [INFO] 开始自动滚动加载所有商品…
2026-05-06 01:00:56,178 [INFO] 抓取到 10 个商品名称
2026-05-06 01:00:56,178 [INFO] 从文件加载商品标题，共 10 项
2026-05-06 01:00:56,179 [INFO] 商品标题已保存到文件: /home/runner/work/good-monitor/good-monitor/tmp/good-monitor/arcteryx_official_titles.json
2026-05-06 02:00:51,596 [INFO] 日志系统初始化完成
2026-05-06 02:00:51,596 [INFO] === 开始一次商品监控 ===
2026-05-06 02:00:51,968 [INFO] 打开页面: https://outlet.arcteryx.com/ca/zh/c/mens/shell-jackets
2026-05-06 02:00:56,584 [INFO] 等待首屏商品渲染…
2026-05-06 02:00:56,623 [INFO] 开始自动滚动加载所有商品…
2026-05-06 02:00:58,330 [INFO] 抓取到 10 个商品名称
2026-05-06 02:00:58,330 [INFO] 从文件加载商品标题，共 10 项
2026-05-06 02:00:58,331 [INFO] 商品标题已保存到文件: /home/runner/work/good-monitor/good-monitor/tmp/good-monitor/arcteryx_official_titles.json
2026-05-06 03:00:52,656 [INFO] 日志系统初始化完成
2026-05-06 03:00:52,656 [INFO] === 开始一次商品监控 ===
2026-05-06 03:00:53,028 [INFO] 打开页面: https://outlet.arcteryx.com/ca/zh/c/mens/shell-jackets
2026-05-06 03:00:54,449 [INFO] 等待首屏商品渲染…
2026-05-06 03:00:56,871 [INFO] 开始自动滚动加载所有商品…
2026-05-06 03:00:58,611 [INFO] 抓取到 10 个商品名称
2026-05-06 03:00:58,611 [INFO] 从文件加载商品标题，共 10 项
2026-05-06 03:00:58,611 [INFO] 商品标题已保存到文件: /home/runner/work/good-monitor/good-monitor/tmp/good-monitor/arcteryx_official_titles.json
2026-05-06 04:00:54,048 [INFO] 日志系统初始化完成
2026-05-06 04:00:54,048 [INFO] === 开始一次商品监控 ===
2026-05-06 04:00:54,435 [INFO] 打开页面: https://outlet.arcteryx.com/ca/zh/c/mens/shell-jackets
2026-05-06 04:00:57,763 [INFO] 等待首屏商品渲染…
2026-05-06 04:00:57,826 [INFO] 开始自动滚动加载所有商品…
2026-05-06 04:00:59,516 [INFO] 抓取到 10 个商品名称
2026-05-06 04:00:59,516 [INFO] 从文件加载商品标题，共 10 项
2026-05-06 04:00:59,517 [INFO] 商品标题已保存到文件: /home/runner/work/good-monitor/good-monitor/tmp/good-monitor/arcteryx_official_titles.json
2026-05-06 05:00:55,140 [INFO] 日志系统初始化完成
2026-05-06 05:00:55,140 [INFO] === 开始一次商品监控 ===
2026-05-06 05:00:55,518 [INFO] 打开页面: https://outlet.arcteryx.com/ca/zh/c/mens/shell-jackets
2026-05-06 05:00:57,859 [INFO] 等待首屏商品渲染…
2026-05-06 05:00:58,156 [INFO] 开始自动滚动加载所有商品…
2026-05-06 05:00:59,832 [INFO] 抓取到 10 个商品名称
2026-05-06 05:00:59,832 [INFO] 从文件加载商品标题，共 10 项
2026-05-06 05:00:59,833 [INFO] 商品标题已保存到文件: /home/runner/work/good-monitor/good-monitor/tmp/good-monitor/arcteryx_official_titles.json
2026-05-06 06:00:50,455 [INFO] 日志系统初始化完成
2026-05-06 06:00:50,455 [INFO] === 开始一次商品监控 ===
2026-05-06 06:00:50,804 [INFO] 打开页面: https://outlet.arcteryx.com/ca/zh/c/mens/shell-jackets
2026-05-06 06:00:54,788 [INFO] 等待首屏商品渲染…
2026-05-06 06:00:54,831 [INFO] 开始自动滚动加载所有商品…
2026-05-06 06:00:56,515 [INFO] 抓取到 10 个商品名称
2026-05-06 06:00:56,515 [INFO] 从文件加载商品标题，共 10 项
2026-05-06 06:00:56,515 [INFO] 商品标题已保存到文件: /home/runner/work/good-monitor/good-monitor/tmp/good-monitor/arcteryx_official_titles.json
2026-05-06 07:00:46,382 [INFO] 日志系统初始化完成
2026-05-06 07:00:46,382 [INFO] === 开始一次商品监控 ===
2026-05-06 07:00:46,765 [INFO] 打开页面: https://outlet.arcteryx.com/ca/zh/c/mens/shell-jackets
2026-05-06 07:00:51,292 [INFO] 等待首屏商品渲染…
2026-05-06 07:00:51,352 [INFO] 开始自动滚动加载所有商品…
2026-05-06 07:00:53,045 [INFO] 抓取到 10 个商品名称
2026-05-06 07:00:53,045 [INFO] 从文件加载商品标题，共 10 项
2026-05-06 07:00:53,046 [INFO] 商品标题已保存到文件: /home/runner/work/good-monitor/good-monitor/tmp/good-monitor/arcteryx_official_titles.json
2026-05-06 08:00:56,872 [INFO] 日志系统初始化完成
2026-05-06 08:00:56,872 [INFO] === 开始一次商品监控 ===
2026-05-06 08:00:57,253 [INFO] 打开页面: https://outlet.arcteryx.com/ca/zh/c/mens/shell-jackets
2026-05-06 08:01:02,030 [INFO] 等待首屏商品渲染…
2026-05-06 08:01:02,076 [INFO] 开始自动滚动加载所有商品…
2026-05-06 08:01:03,794 [INFO] 抓取到 10 个商品名称
2026-05-06 08:01:03,794 [INFO] 从文件加载商品标题，共 10 项
2026-05-06 08:01:03,794 [INFO] 商品标题已保存到文件: /home/runner/work/good-monitor/good-monitor/tmp/good-monitor/arcteryx_official_titles.json
2026-05-06 09:00:51,605 [INFO] 日志系统初始化完成
2026-05-06 09:00:51,605 [INFO] === 开始一次商品监控 ===
2026-05-06 09:00:51,984 [INFO] 打开页面: https://outlet.arcteryx.com/ca/zh/c/mens/shell-jackets
2026-05-06 09:00:55,810 [INFO] 等待首屏商品渲染…
2026-05-06 09:00:55,895 [INFO] 开始自动滚动加载所有商品…
2026-05-06 09:00:58,408 [INFO] 抓取到 10 个商品名称
2026-05-06 09:00:58,408 [INFO] 从文件加载商品标题，共 10 项
2026-05-06 09:00:58,409 [INFO] 商品标题已保存到文件: /home/runner/work/good-monitor/good-monitor/tmp/good-monitor/arcteryx_official_titles.json
2026-05-06 10:00:57,808 [INFO] 日志系统初始化完成
2026-05-06 10:00:57,808 [INFO] === 开始一次商品监控 ===
2026-05-06 10:00:58,262 [INFO] 打开页面: https://outlet.arcteryx.com/ca/zh/c/mens/shell-jackets
2026-05-06 10:01:02,436 [INFO] 等待首屏商品渲染…
2026-05-06 10:01:02,492 [INFO] 开始自动滚动加载所有商品…
2026-05-06 10:01:04,224 [INFO] 抓取到 10 个商品名称
2026-05-06 10:01:04,225 [INFO] 从文件加载商品标题，共 10 项
2026-05-06 10:01:04,225 [INFO] 商品标题已保存到文件: /home/runner/work/good-monitor/good-monitor/tmp/good-monitor/arcteryx_official_titles.json
2026-05-06 11:00:48,402 [INFO] 日志系统初始化完成
2026-05-06 11:00:48,403 [INFO] === 开始一次商品监控 ===
2026-05-06 11:00:48,787 [INFO] 打开页面: https://outlet.arcteryx.com/ca/zh/c/mens/shell-jackets
2026-05-06 11:00:51,162 [INFO] 等待首屏商品渲染…
2026-05-06 11:00:52,121 [INFO] 开始自动滚动加载所有商品…
2026-05-06 11:00:53,830 [INFO] 抓取到 10 个商品名称
2026-05-06 11:00:53,831 [INFO] 从文件加载商品标题，共 10 项
2026-05-06 11:00:53,831 [INFO] 商品标题已保存到文件: /home/runner/work/good-monitor/good-monitor/tmp/good-monitor/arcteryx_official_titles.json
2026-05-06 12:00:47,926 [INFO] 日志系统初始化完成
2026-05-06 12:00:47,926 [INFO] === 开始一次商品监控 ===
2026-05-06 12:00:48,311 [INFO] 打开页面: https://outlet.arcteryx.com/ca/zh/c/mens/shell-jackets
2026-05-06 12:00:52,981 [INFO] 等待首屏商品渲染…
2026-05-06 12:00:53,014 [INFO] 开始自动滚动加载所有商品…
2026-05-06 12:00:54,688 [INFO] 抓取到 10 个商品名称
2026-05-06 12:00:54,688 [INFO] 从文件加载商品标题，共 10 项
2026-05-06 12:00:54,688 [INFO] 商品标题已保存到文件: /home/runner/work/good-monitor/good-monitor/tmp/good-monitor/arcteryx_official_titles.json
2026-05-06 13:01:04,660 [INFO] 日志系统初始化完成
2026-05-06 13:01:04,660 [INFO] === 开始一次商品监控 ===
2026-05-06 13:01:05,051 [INFO] 打开页面: https://outlet.arcteryx.com/ca/zh/c/mens/shell-jackets
2026-05-06 13:01:09,189 [INFO] 等待首屏商品渲染…
2026-05-06 13:01:09,287 [INFO] 开始自动滚动加载所有商品…
2026-05-06 13:01:11,805 [INFO] 抓取到 10 个商品名称
2026-05-06 13:01:11,806 [INFO] 从文件加载商品标题，共 10 项
2026-05-06 13:01:11,806 [INFO] 商品标题已保存到文件: /home/runner/work/good-monitor/good-monitor/tmp/good-monitor/arcteryx_official_titles.json
2026-05-06 14:01:02,144 [INFO] 日志系统初始化完成
2026-05-06 14:01:02,145 [INFO] === 开始一次商品监控 ===
2026-05-06 14:01:02,531 [INFO] 打开页面: https://outlet.arcteryx.com/ca/zh/c/mens/shell-jackets
2026-05-06 14:01:06,169 [INFO] 等待首屏商品渲染…
2026-05-06 14:01:06,245 [INFO] 开始自动滚动加载所有商品…
2026-05-06 14:01:08,743 [INFO] 抓取到 10 个商品名称
2026-05-06 14:01:08,743 [INFO] 从文件加载商品标题，共 10 项
2026-05-06 14:01:08,743 [INFO] 商品标题已保存到文件: /home/runner/work/good-monitor/good-monitor/tmp/good-monitor/arcteryx_official_titles.json
2026-05-06 15:01:06,382 [INFO] 日志系统初始化完成
2026-05-06 15:01:06,382 [INFO] === 开始一次商品监控 ===
2026-05-06 15:01:06,807 [INFO] 打开页面: https://outlet.arcteryx.com/ca/zh/c/mens/shell-jackets
2026-05-06 15:01:11,073 [INFO] 等待首屏商品渲染…
2026-05-06 15:01:11,154 [INFO] 开始自动滚动加载所有商品…
2026-05-06 15:01:12,884 [INFO] 抓取到 10 个商品名称
2026-05-06 15:01:12,885 [INFO] 从文件加载商品标题，共 10 项
2026-05-06 15:01:12,885 [INFO] 商品标题已保存到文件: /home/runner/work/good-monitor/good-monitor/tmp/good-monitor/arcteryx_official_titles.json
2026-05-06 16:00:57,397 [INFO] 日志系统初始化完成
2026-05-06 16:00:57,397 [INFO] === 开始一次商品监控 ===
2026-05-06 16:00:57,778 [INFO] 打开页面: https://outlet.arcteryx.com/ca/zh/c/mens/shell-jackets
2026-05-06 16:01:00,549 [INFO] 等待首屏商品渲染…
2026-05-06 16:01:02,154 [INFO] 开始自动滚动加载所有商品…
2026-05-06 16:01:03,895 [INFO] 抓取到 10 个商品名称
2026-05-06 16:01:03,896 [INFO] 从文件加载商品标题，共 10 项
2026-05-06 16:01:03,896 [INFO] 商品标题已保存到文件: /home/runner/work/good-monitor/good-monitor/tmp/good-monitor/arcteryx_official_titles.json
2026-05-06 17:00:52,691 [INFO] 日志系统初始化完成
2026-05-06 17:00:52,692 [INFO] === 开始一次商品监控 ===
2026-05-06 17:00:52,985 [INFO] 打开页面: https://outlet.arcteryx.com/ca/zh/c/mens/shell-jackets
2026-05-06 17:00:57,182 [INFO] 等待首屏商品渲染…
2026-05-06 17:00:57,211 [INFO] 开始自动滚动加载所有商品…
2026-05-06 17:00:58,875 [INFO] 抓取到 10 个商品名称
2026-05-06 17:00:58,875 [INFO] 从文件加载商品标题，共 10 项
2026-05-06 17:00:58,875 [INFO] 商品标题已保存到文件: /home/runner/work/good-monitor/good-monitor/tmp/good-monitor/arcteryx_official_titles.json
2026-05-06 18:00:55,780 [INFO] 日志系统初始化完成
2026-05-06 18:00:55,780 [INFO] === 开始一次商品监控 ===
2026-05-06 18:00:56,156 [INFO] 打开页面: https://outlet.arcteryx.com/ca/zh/c/mens/shell-jackets
2026-05-06 18:01:01,355 [INFO] 等待首屏商品渲染…
2026-05-06 18:01:01,503 [INFO] 开始自动滚动加载所有商品…
2026-05-06 18:01:04,018 [INFO] 抓取到 10 个商品名称
2026-05-06 18:01:04,018 [INFO] 从文件加载商品标题，共 10 项
2026-05-06 18:01:04,018 [INFO] 商品标题已保存到文件: /home/runner/work/good-monitor/good-monitor/tmp/good-monitor/arcteryx_official_titles.json
2026-05-06 19:01:00,138 [INFO] 日志系统初始化完成
2026-05-06 19:01:00,138 [INFO] === 开始一次商品监控 ===
2026-05-06 19:01:00,520 [INFO] 打开页面: https://outlet.arcteryx.com/ca/zh/c/mens/shell-jackets
2026-05-06 19:01:04,075 [INFO] 等待首屏商品渲染…
2026-05-06 19:01:05,682 [INFO] 开始自动滚动加载所有商品…
2026-05-06 19:01:07,668 [INFO] 抓取到 10 个商品名称
2026-05-06 19:01:07,668 [INFO] 从文件加载商品标题，共 10 项
2026-05-06 19:01:07,669 [INFO] 商品标题已保存到文件: /home/runner/work/good-monitor/good-monitor/tmp/good-monitor/arcteryx_official_titles.json
2026-05-06 20:01:02,502 [INFO] 日志系统初始化完成
2026-05-06 20:01:02,502 [INFO] === 开始一次商品监控 ===
2026-05-06 20:01:02,879 [INFO] 打开页面: https://outlet.arcteryx.com/ca/zh/c/mens/shell-jackets
2026-05-06 20:01:05,293 [INFO] 等待首屏商品渲染…
2026-05-06 20:01:06,400 [INFO] 开始自动滚动加载所有商品…
2026-05-06 20:01:08,147 [INFO] 抓取到 10 个商品名称
2026-05-06 20:01:08,147 [INFO] 从文件加载商品标题，共 10 项
2026-05-06 20:01:08,148 [INFO] 商品标题已保存到文件: /home/runner/work/good-monitor/good-monitor/tmp/good-monitor/arcteryx_official_titles.json
2026-05-06 21:00:47,904 [INFO] 日志系统初始化完成
2026-05-06 21:00:47,904 [INFO] === 开始一次商品监控 ===
2026-05-06 21:00:48,487 [INFO] 打开页面: https://outlet.arcteryx.com/ca/zh/c/mens/shell-jackets
2026-05-06 21:00:51,292 [INFO] 等待首屏商品渲染…
2026-05-06 21:00:53,153 [INFO] 开始自动滚动加载所有商品…
2026-05-06 21:00:54,935 [INFO] 抓取到 10 个商品名称
2026-05-06 21:00:54,935 [INFO] 从文件加载商品标题，共 10 项
2026-05-06 21:00:54,936 [INFO] 商品标题已保存到文件: /home/runner/work/good-monitor/good-monitor/tmp/good-monitor/arcteryx_official_titles.json
2026-05-06 22:00:46,533 [INFO] 日志系统初始化完成
2026-05-06 22:00:46,533 [INFO] === 开始一次商品监控 ===
2026-05-06 22:00:46,895 [INFO] 打开页面: https://outlet.arcteryx.com/ca/zh/c/mens/shell-jackets
2026-05-06 22:00:50,906 [INFO] 等待首屏商品渲染…
2026-05-06 22:00:50,964 [INFO] 开始自动滚动加载所有商品…
2026-05-06 22:00:52,723 [INFO] 抓取到 10 个商品名称
2026-05-06 22:00:52,723 [INFO] 从文件加载商品标题，共 10 项
2026-05-06 22:00:52,723 [INFO] 商品标题已保存到文件: /home/runner/work/good-monitor/good-monitor/tmp/good-monitor/arcteryx_official_titles.json
2026-05-06 23:00:56,596 [INFO] 日志系统初始化完成
2026-05-06 23:00:56,596 [INFO] === 开始一次商品监控 ===
2026-05-06 23:00:56,994 [INFO] 打开页面: https://outlet.arcteryx.com/ca/zh/c/mens/shell-jackets
2026-05-06 23:01:01,915 [INFO] 等待首屏商品渲染…
2026-05-06 23:01:01,954 [INFO] 开始自动滚动加载所有商品…
2026-05-06 23:01:03,680 [INFO] 抓取到 10 个商品名称
2026-05-06 23:01:03,681 [INFO] 从文件加载商品标题，共 10 项
2026-05-06 23:01:03,681 [INFO] 商品标题已保存到文件: /home/runner/work/good-monitor/good-monitor/tmp/good-monitor/arcteryx_official_titles.json
2026-05-07 00:01:00,019 [INFO] 日志系统初始化完成
2026-05-07 00:01:00,020 [INFO] === 开始一次商品监控 ===
2026-05-07 00:01:00,424 [INFO] 打开页面: https://outlet.arcteryx.com/ca/zh/c/mens/shell-jackets
2026-05-07 00:01:02,256 [INFO] 等待首屏商品渲染…
2026-05-07 00:01:06,422 [INFO] 开始自动滚动加载所有商品…
2026-05-07 00:01:08,200 [INFO] 抓取到 10 个商品名称
2026-05-07 00:01:08,200 [INFO] 从文件加载商品标题，共 10 项
2026-05-07 00:01:08,200 [INFO] 商品标题已保存到文件: /home/runner/work/good-monitor/good-monitor/tmp/good-monitor/arcteryx_official_titles.json
2026-05-07 01:00:55,415 [INFO] 日志系统初始化完成
2026-05-07 01:00:55,415 [INFO] === 开始一次商品监控 ===
2026-05-07 01:00:55,800 [INFO] 打开页面: https://outlet.arcteryx.com/ca/zh/c/mens/shell-jackets
2026-05-07 01:00:58,949 [INFO] 等待首屏商品渲染…
2026-05-07 01:01:00,598 [INFO] 开始自动滚动加载所有商品…
2026-05-07 01:01:02,293 [INFO] 抓取到 10 个商品名称
2026-05-07 01:01:02,293 [INFO] 从文件加载商品标题，共 10 项
2026-05-07 01:01:02,293 [INFO] 商品标题已保存到文件: /home/runner/work/good-monitor/good-monitor/tmp/good-monitor/arcteryx_official_titles.json
2026-05-07 02:00:54,540 [INFO] 日志系统初始化完成
2026-05-07 02:00:54,540 [INFO] === 开始一次商品监控 ===
2026-05-07 02:00:54,979 [INFO] 打开页面: https://outlet.arcteryx.com/ca/zh/c/mens/shell-jackets
2026-05-07 02:00:59,706 [INFO] 等待首屏商品渲染…
2026-05-07 02:00:59,749 [INFO] 开始自动滚动加载所有商品…
2026-05-07 02:01:01,472 [INFO] 抓取到 10 个商品名称
2026-05-07 02:01:01,473 [INFO] 从文件加载商品标题，共 10 项
2026-05-07 02:01:01,473 [INFO] 商品标题已保存到文件: /home/runner/work/good-monitor/good-monitor/tmp/good-monitor/arcteryx_official_titles.json
2026-05-07 03:00:50,354 [INFO] 日志系统初始化完成
2026-05-07 03:00:50,354 [INFO] === 开始一次商品监控 ===
2026-05-07 03:00:50,744 [INFO] 打开页面: https://outlet.arcteryx.com/ca/zh/c/mens/shell-jackets
2026-05-07 03:00:54,387 [INFO] 等待首屏商品渲染…
2026-05-07 03:00:54,506 [INFO] 开始自动滚动加载所有商品…
2026-05-07 03:00:57,058 [INFO] 抓取到 10 个商品名称
2026-05-07 03:00:57,059 [INFO] 从文件加载商品标题，共 10 项
2026-05-07 03:00:57,059 [INFO] 商品标题已保存到文件: /home/runner/work/good-monitor/good-monitor/tmp/good-monitor/arcteryx_official_titles.json
2026-05-07 04:00:48,994 [INFO] 日志系统初始化完成
2026-05-07 04:00:48,994 [INFO] === 开始一次商品监控 ===
2026-05-07 04:00:49,338 [INFO] 打开页面: https://outlet.arcteryx.com/ca/zh/c/mens/shell-jackets
2026-05-07 04:00:51,656 [INFO] 等待首屏商品渲染…
2026-05-07 04:00:52,740 [INFO] 开始自动滚动加载所有商品…
2026-05-07 04:00:54,419 [INFO] 抓取到 10 个商品名称
2026-05-07 04:00:54,420 [INFO] 从文件加载商品标题，共 10 项
2026-05-07 04:00:54,420 [INFO] 商品标题已保存到文件: /home/runner/work/good-monitor/good-monitor/tmp/good-monitor/arcteryx_official_titles.json
2026-05-07 05:00:53,966 [INFO] 日志系统初始化完成
2026-05-07 05:00:53,966 [INFO] === 开始一次商品监控 ===
2026-05-07 05:00:54,343 [INFO] 打开页面: https://outlet.arcteryx.com/ca/zh/c/mens/shell-jackets
2026-05-07 05:00:59,198 [INFO] 等待首屏商品渲染…
2026-05-07 05:00:59,241 [INFO] 开始自动滚动加载所有商品…
2026-05-07 05:01:00,964 [INFO] 抓取到 10 个商品名称
2026-05-07 05:01:00,964 [INFO] 从文件加载商品标题，共 10 项
2026-05-07 05:01:00,964 [INFO] 商品标题已保存到文件: /home/runner/work/good-monitor/good-monitor/tmp/good-monitor/arcteryx_official_titles.json
2026-05-07 06:00:51,771 [INFO] 日志系统初始化完成
2026-05-07 06:00:51,771 [INFO] === 开始一次商品监控 ===
2026-05-07 06:00:52,147 [INFO] 打开页面: https://outlet.arcteryx.com/ca/zh/c/mens/shell-jackets
2026-05-07 06:00:55,688 [INFO] 等待首屏商品渲染…
2026-05-07 06:00:57,375 [INFO] 开始自动滚动加载所有商品…
2026-05-07 06:00:59,873 [INFO] 抓取到 10 个商品名称
2026-05-07 06:00:59,874 [INFO] 从文件加载商品标题，共 10 项
2026-05-07 06:00:59,874 [INFO] 商品标题已保存到文件: /home/runner/work/good-monitor/good-monitor/tmp/good-monitor/arcteryx_official_titles.json
2026-05-07 07:00:50,322 [INFO] 日志系统初始化完成
2026-05-07 07:00:50,322 [INFO] === 开始一次商品监控 ===
2026-05-07 07:00:50,717 [INFO] 打开页面: https://outlet.arcteryx.com/ca/zh/c/mens/shell-jackets
2026-05-07 07:00:54,313 [INFO] 等待首屏商品渲染…
2026-05-07 07:00:54,391 [INFO] 开始自动滚动加载所有商品…
2026-05-07 07:00:56,902 [INFO] 抓取到 10 个商品名称
2026-05-07 07:00:56,902 [INFO] 从文件加载商品标题，共 10 项
2026-05-07 07:00:56,902 [INFO] 商品标题已保存到文件: /home/runner/work/good-monitor/good-monitor/tmp/good-monitor/arcteryx_official_titles.json
2026-05-07 08:00:54,727 [INFO] 日志系统初始化完成
2026-05-07 08:00:54,727 [INFO] === 开始一次商品监控 ===
2026-05-07 08:00:55,109 [INFO] 打开页面: https://outlet.arcteryx.com/ca/zh/c/mens/shell-jackets
2026-05-07 08:00:57,449 [INFO] 等待首屏商品渲染…
2026-05-07 08:00:58,537 [INFO] 开始自动滚动加载所有商品…
2026-05-07 08:01:00,244 [INFO] 抓取到 10 个商品名称
2026-05-07 08:01:00,244 [INFO] 从文件加载商品标题，共 10 项
2026-05-07 08:01:00,245 [INFO] 商品标题已保存到文件: /home/runner/work/good-monitor/good-monitor/tmp/good-monitor/arcteryx_official_titles.json
2026-05-07 09:00:49,377 [INFO] 日志系统初始化完成
2026-05-07 09:00:49,377 [INFO] === 开始一次商品监控 ===
2026-05-07 09:00:49,754 [INFO] 打开页面: https://outlet.arcteryx.com/ca/zh/c/mens/shell-jackets
2026-05-07 09:00:53,534 [INFO] 等待首屏商品渲染…
2026-05-07 09:00:53,675 [INFO] 开始自动滚动加载所有商品…
2026-05-07 09:00:56,156 [INFO] 抓取到 10 个商品名称
2026-05-07 09:00:56,157 [INFO] 从文件加载商品标题，共 10 项
2026-05-07 09:00:56,157 [INFO] 商品标题已保存到文件: /home/runner/work/good-monitor/good-monitor/tmp/good-monitor/arcteryx_official_titles.json
2026-05-07 10:00:54,748 [INFO] 日志系统初始化完成
2026-05-07 10:00:54,748 [INFO] === 开始一次商品监控 ===
2026-05-07 10:00:55,152 [INFO] 打开页面: https://outlet.arcteryx.com/ca/zh/c/mens/shell-jackets
2026-05-07 10:00:59,086 [INFO] 等待首屏商品渲染…
2026-05-07 10:00:59,172 [INFO] 开始自动滚动加载所有商品…
2026-05-07 10:01:01,665 [INFO] 抓取到 10 个商品名称
2026-05-07 10:01:01,666 [INFO] 从文件加载商品标题，共 10 项
2026-05-07 10:01:01,666 [INFO] 商品标题已保存到文件: /home/runner/work/good-monitor/good-monitor/tmp/good-monitor/arcteryx_official_titles.json
2026-05-07 11:00:51,477 [INFO] 日志系统初始化完成
2026-05-07 11:00:51,478 [INFO] === 开始一次商品监控 ===
2026-05-07 11:00:51,837 [INFO] 打开页面: https://outlet.arcteryx.com/ca/zh/c/mens/shell-jackets
2026-05-07 11:00:53,834 [INFO] 等待首屏商品渲染…
2026-05-07 11:00:54,719 [INFO] 开始自动滚动加载所有商品…
2026-05-07 11:00:56,424 [INFO] 抓取到 10 个商品名称
2026-05-07 11:00:56,424 [INFO] 从文件加载商品标题，共 10 项
2026-05-07 11:00:56,424 [INFO] 商品标题已保存到文件: /home/runner/work/good-monitor/good-monitor/tmp/good-monitor/arcteryx_official_titles.json
2026-05-07 12:00:48,772 [INFO] 日志系统初始化完成
2026-05-07 12:00:48,772 [INFO] === 开始一次商品监控 ===
2026-05-07 12:00:49,156 [INFO] 打开页面: https://outlet.arcteryx.com/ca/zh/c/mens/shell-jackets
2026-05-07 12:00:52,011 [INFO] 等待首屏商品渲染…
2026-05-07 12:00:53,642 [INFO] 开始自动滚动加载所有商品…
2026-05-07 12:00:55,613 [INFO] 抓取到 10 个商品名称
2026-05-07 12:00:55,613 [INFO] 从文件加载商品标题，共 10 项
2026-05-07 12:00:55,614 [INFO] 商品标题已保存到文件: /home/runner/work/good-monitor/good-monitor/tmp/good-monitor/arcteryx_official_titles.json
2026-05-07 13:00:46,722 [INFO] 日志系统初始化完成
2026-05-07 13:00:46,722 [INFO] === 开始一次商品监控 ===
2026-05-07 13:00:47,108 [INFO] 打开页面: https://outlet.arcteryx.com/ca/zh/c/mens/shell-jackets
2026-05-07 13:00:49,274 [INFO] 等待首屏商品渲染…
2026-05-07 13:00:49,481 [INFO] 开始自动滚动加载所有商品…
2026-05-07 13:00:52,208 [INFO] 抓取到 10 个商品名称
2026-05-07 13:00:52,208 [INFO] 从文件加载商品标题，共 10 项
2026-05-07 13:00:52,208 [INFO] 商品标题已保存到文件: /home/runner/work/good-monitor/good-monitor/tmp/good-monitor/arcteryx_official_titles.json
2026-05-07 14:00:56,757 [INFO] 日志系统初始化完成
2026-05-07 14:00:56,757 [INFO] === 开始一次商品监控 ===
2026-05-07 14:00:57,191 [INFO] 打开页面: https://outlet.arcteryx.com/ca/zh/c/mens/shell-jackets
2026-05-07 14:01:01,118 [INFO] 等待首屏商品渲染…
2026-05-07 14:01:01,190 [INFO] 开始自动滚动加载所有商品…
2026-05-07 14:01:03,687 [INFO] 抓取到 10 个商品名称
2026-05-07 14:01:03,687 [INFO] 从文件加载商品标题，共 10 项
2026-05-07 14:01:03,687 [INFO] 商品标题已保存到文件: /home/runner/work/good-monitor/good-monitor/tmp/good-monitor/arcteryx_official_titles.json
2026-05-07 15:00:56,916 [INFO] 日志系统初始化完成
2026-05-07 15:00:56,916 [INFO] === 开始一次商品监控 ===
2026-05-07 15:00:57,297 [INFO] 打开页面: https://outlet.arcteryx.com/ca/zh/c/mens/shell-jackets
2026-05-07 15:01:00,401 [INFO] 等待首屏商品渲染…
2026-05-07 15:01:02,088 [INFO] 开始自动滚动加载所有商品…
2026-05-07 15:01:04,594 [INFO] 抓取到 10 个商品名称
2026-05-07 15:01:04,594 [INFO] 从文件加载商品标题，共 10 项
2026-05-07 15:01:04,595 [INFO] 商品标题已保存到文件: /home/runner/work/good-monitor/good-monitor/tmp/good-monitor/arcteryx_official_titles.json
2026-05-07 16:00:52,259 [INFO] 日志系统初始化完成
2026-05-07 16:00:52,259 [INFO] === 开始一次商品监控 ===
2026-05-07 16:00:52,556 [INFO] 打开页面: https://outlet.arcteryx.com/ca/zh/c/mens/shell-jackets
2026-05-07 16:00:54,818 [INFO] 等待首屏商品渲染…
2026-05-07 16:00:55,867 [INFO] 开始自动滚动加载所有商品…
2026-05-07 16:00:57,533 [INFO] 抓取到 10 个商品名称
2026-05-07 16:00:57,533 [INFO] 从文件加载商品标题，共 10 项
2026-05-07 16:00:57,533 [INFO] 商品标题已保存到文件: /home/runner/work/good-monitor/good-monitor/tmp/good-monitor/arcteryx_official_titles.json
2026-05-07 17:00:47,340 [INFO] 日志系统初始化完成
2026-05-07 17:00:47,340 [INFO] === 开始一次商品监控 ===
2026-05-07 17:00:47,738 [INFO] 打开页面: https://outlet.arcteryx.com/ca/zh/c/mens/shell-jackets
2026-05-07 17:00:52,104 [INFO] 等待首屏商品渲染…
2026-05-07 17:00:52,190 [INFO] 开始自动滚动加载所有商品…
2026-05-07 17:00:54,701 [INFO] 抓取到 10 个商品名称
2026-05-07 17:00:54,701 [INFO] 从文件加载商品标题，共 10 项
2026-05-07 17:00:54,702 [INFO] 商品标题已保存到文件: /home/runner/work/good-monitor/good-monitor/tmp/good-monitor/arcteryx_official_titles.json
2026-05-07 18:01:00,087 [INFO] 日志系统初始化完成
2026-05-07 18:01:00,087 [INFO] === 开始一次商品监控 ===
2026-05-07 18:01:00,476 [INFO] 打开页面: https://outlet.arcteryx.com/ca/zh/c/mens/shell-jackets
2026-05-07 18:01:05,138 [INFO] 等待首屏商品渲染…
2026-05-07 18:01:05,271 [INFO] 开始自动滚动加载所有商品…
2026-05-07 18:01:06,990 [INFO] 抓取到 10 个商品名称
2026-05-07 18:01:06,990 [INFO] 从文件加载商品标题，共 10 项
2026-05-07 18:01:07,009 [INFO] 商品标题已保存到文件: /home/runner/work/good-monitor/good-monitor/tmp/good-monitor/arcteryx_official_titles.json
2026-05-07 19:01:05,023 [INFO] 日志系统初始化完成
2026-05-07 19:01:05,023 [INFO] === 开始一次商品监控 ===
2026-05-07 19:01:05,468 [INFO] 打开页面: https://outlet.arcteryx.com/ca/zh/c/mens/shell-jackets
2026-05-07 19:01:09,469 [INFO] 等待首屏商品渲染…
2026-05-07 19:01:09,519 [INFO] 开始自动滚动加载所有商品…
2026-05-07 19:01:11,211 [INFO] 抓取到 10 个商品名称
2026-05-07 19:01:11,212 [INFO] 从文件加载商品标题，共 10 项
2026-05-07 19:01:11,212 [INFO] 商品标题已保存到文件: /home/runner/work/good-monitor/good-monitor/tmp/good-monitor/arcteryx_official_titles.json
2026-05-07 20:00:49,293 [INFO] 日志系统初始化完成
2026-05-07 20:00:49,293 [INFO] === 开始一次商品监控 ===
2026-05-07 20:00:49,629 [INFO] 打开页面: https://outlet.arcteryx.com/ca/zh/c/mens/shell-jackets
2026-05-07 20:00:54,135 [INFO] 等待首屏商品渲染…
2026-05-07 20:00:54,169 [INFO] 开始自动滚动加载所有商品…
2026-05-07 20:00:55,850 [INFO] 抓取到 10 个商品名称
2026-05-07 20:00:55,851 [INFO] 从文件加载商品标题，共 10 项
2026-05-07 20:00:55,851 [INFO] 商品标题已保存到文件: /home/runner/work/good-monitor/good-monitor/tmp/good-monitor/arcteryx_official_titles.json
2026-05-07 21:00:58,758 [INFO] 日志系统初始化完成
2026-05-07 21:00:58,758 [INFO] === 开始一次商品监控 ===
2026-05-07 21:00:59,145 [INFO] 打开页面: https://outlet.arcteryx.com/ca/zh/c/mens/shell-jackets
2026-05-07 21:01:03,956 [INFO] 等待首屏商品渲染…
2026-05-07 21:01:03,994 [INFO] 开始自动滚动加载所有商品…
2026-05-07 21:01:05,725 [INFO] 抓取到 10 个商品名称
2026-05-07 21:01:05,725 [INFO] 从文件加载商品标题，共 10 项
2026-05-07 21:01:05,726 [INFO] 商品标题已保存到文件: /home/runner/work/good-monitor/good-monitor/tmp/good-monitor/arcteryx_official_titles.json
2026-05-07 22:00:43,073 [INFO] 日志系统初始化完成
2026-05-07 22:00:43,073 [INFO] === 开始一次商品监控 ===
2026-05-07 22:00:43,474 [INFO] 打开页面: https://outlet.arcteryx.com/ca/zh/c/mens/shell-jackets
2026-05-07 22:00:49,437 [INFO] 等待首屏商品渲染…
2026-05-07 22:00:49,526 [INFO] 开始自动滚动加载所有商品…
2026-05-07 22:00:52,028 [INFO] 抓取到 10 个商品名称
2026-05-07 22:00:52,029 [INFO] 从文件加载商品标题，共 10 项
2026-05-07 22:00:52,029 [INFO] 商品标题已保存到文件: /home/runner/work/good-monitor/good-monitor/tmp/good-monitor/arcteryx_official_titles.json
2026-05-07 23:00:46,939 [INFO] 日志系统初始化完成
2026-05-07 23:00:46,940 [INFO] === 开始一次商品监控 ===
2026-05-07 23:00:47,366 [INFO] 打开页面: https://outlet.arcteryx.com/ca/zh/c/mens/shell-jackets
2026-05-07 23:00:50,850 [INFO] 等待首屏商品渲染…
2026-05-07 23:00:52,554 [INFO] 开始自动滚动加载所有商品…
2026-05-07 23:00:54,458 [INFO] 抓取到 10 个商品名称
2026-05-07 23:00:54,458 [INFO] 从文件加载商品标题，共 10 项
2026-05-07 23:00:54,458 [INFO] 商品标题已保存到文件: /home/runner/work/good-monitor/good-monitor/tmp/good-monitor/arcteryx_official_titles.json
2026-05-08 00:00:51,337 [INFO] 日志系统初始化完成
2026-05-08 00:00:51,337 [INFO] === 开始一次商品监控 ===
2026-05-08 00:00:51,704 [INFO] 打开页面: https://outlet.arcteryx.com/ca/zh/c/mens/shell-jackets
2026-05-08 00:00:55,467 [INFO] 等待首屏商品渲染…
2026-05-08 00:00:55,577 [INFO] 开始自动滚动加载所有商品…
2026-05-08 00:00:58,090 [INFO] 抓取到 10 个商品名称
2026-05-08 00:00:58,090 [INFO] 从文件加载商品标题，共 10 项
2026-05-08 00:00:58,091 [INFO] 商品标题已保存到文件: /home/runner/work/good-monitor/good-monitor/tmp/good-monitor/arcteryx_official_titles.json
2026-05-08 01:00:55,873 [INFO] 日志系统初始化完成
2026-05-08 01:00:55,873 [INFO] === 开始一次商品监控 ===
2026-05-08 01:00:56,251 [INFO] 打开页面: https://outlet.arcteryx.com/ca/zh/c/mens/shell-jackets
2026-05-08 01:00:58,730 [INFO] 等待首屏商品渲染…
2026-05-08 01:00:59,605 [INFO] 开始自动滚动加载所有商品…
2026-05-08 01:01:01,347 [INFO] 抓取到 10 个商品名称
2026-05-08 01:01:01,347 [INFO] 从文件加载商品标题，共 10 项
2026-05-08 01:01:01,347 [INFO] 商品标题已保存到文件: /home/runner/work/good-monitor/good-monitor/tmp/good-monitor/arcteryx_official_titles.json
2026-05-08 02:00:53,509 [INFO] 日志系统初始化完成
2026-05-08 02:00:53,509 [INFO] === 开始一次商品监控 ===
2026-05-08 02:00:53,881 [INFO] 打开页面: https://outlet.arcteryx.com/ca/zh/c/mens/shell-jackets
2026-05-08 02:00:56,841 [INFO] 等待首屏商品渲染…
2026-05-08 02:00:59,077 [INFO] 开始自动滚动加载所有商品…
2026-05-08 02:01:01,600 [INFO] 抓取到 10 个商品名称
2026-05-08 02:01:01,600 [INFO] 从文件加载商品标题，共 10 项
2026-05-08 02:01:01,601 [INFO] 商品标题已保存到文件: /home/runner/work/good-monitor/good-monitor/tmp/good-monitor/arcteryx_official_titles.json
2026-05-08 03:00:48,943 [INFO] 日志系统初始化完成
2026-05-08 03:00:48,943 [INFO] === 开始一次商品监控 ===
2026-05-08 03:00:49,339 [INFO] 打开页面: https://outlet.arcteryx.com/ca/zh/c/mens/shell-jackets
2026-05-08 03:00:53,021 [INFO] 等待首屏商品渲染…
2026-05-08 03:00:53,086 [INFO] 开始自动滚动加载所有商品…
2026-05-08 03:00:55,579 [INFO] 抓取到 10 个商品名称
2026-05-08 03:00:55,579 [INFO] 从文件加载商品标题，共 10 项
2026-05-08 03:00:55,579 [INFO] 商品标题已保存到文件: /home/runner/work/good-monitor/good-monitor/tmp/good-monitor/arcteryx_official_titles.json
2026-05-08 04:00:42,872 [INFO] 日志系统初始化完成
2026-05-08 04:00:42,872 [INFO] === 开始一次商品监控 ===
2026-05-08 04:00:43,263 [INFO] 打开页面: https://outlet.arcteryx.com/ca/zh/c/mens/shell-jackets
2026-05-08 04:00:45,803 [INFO] 等待首屏商品渲染…
2026-05-08 04:00:46,950 [INFO] 开始自动滚动加载所有商品…
2026-05-08 04:00:48,699 [INFO] 抓取到 10 个商品名称
2026-05-08 04:00:48,699 [INFO] 从文件加载商品标题，共 10 项
2026-05-08 04:00:48,699 [INFO] 商品标题已保存到文件: /home/runner/work/good-monitor/good-monitor/tmp/good-monitor/arcteryx_official_titles.json
2026-05-08 05:00:47,982 [INFO] 日志系统初始化完成
2026-05-08 05:00:47,982 [INFO] === 开始一次商品监控 ===
2026-05-08 05:00:48,354 [INFO] 打开页面: https://outlet.arcteryx.com/ca/zh/c/mens/shell-jackets
2026-05-08 05:00:51,982 [INFO] 等待首屏商品渲染…
2026-05-08 05:00:52,061 [INFO] 开始自动滚动加载所有商品…
2026-05-08 05:00:54,572 [INFO] 抓取到 10 个商品名称
2026-05-08 05:00:54,573 [INFO] 从文件加载商品标题，共 10 项
2026-05-08 05:00:54,573 [INFO] 商品标题已保存到文件: /home/runner/work/good-monitor/good-monitor/tmp/good-monitor/arcteryx_official_titles.json
2026-05-08 06:00:55,664 [INFO] 日志系统初始化完成
2026-05-08 06:00:55,664 [INFO] === 开始一次商品监控 ===
2026-05-08 06:00:56,065 [INFO] 打开页面: https://outlet.arcteryx.com/ca/zh/c/mens/shell-jackets
2026-05-08 06:01:01,801 [INFO] 等待首屏商品渲染…
2026-05-08 06:01:01,836 [INFO] 开始自动滚动加载所有商品…
2026-05-08 06:01:03,518 [INFO] 抓取到 10 个商品名称
2026-05-08 06:01:03,518 [INFO] 从文件加载商品标题，共 10 项
2026-05-08 06:01:03,518 [INFO] 商品标题已保存到文件: /home/runner/work/good-monitor/good-monitor/tmp/good-monitor/arcteryx_official_titles.json
2026-05-08 07:00:55,348 [INFO] 日志系统初始化完成
2026-05-08 07:00:55,349 [INFO] === 开始一次商品监控 ===
2026-05-08 07:00:55,721 [INFO] 打开页面: https://outlet.arcteryx.com/ca/zh/c/mens/shell-jackets
2026-05-08 07:00:58,263 [INFO] 等待首屏商品渲染…
2026-05-08 07:00:59,191 [INFO] 开始自动滚动加载所有商品…
2026-05-08 07:01:00,887 [INFO] 抓取到 10 个商品名称
2026-05-08 07:01:00,887 [INFO] 从文件加载商品标题，共 10 项
2026-05-08 07:01:00,887 [INFO] 商品标题已保存到文件: /home/runner/work/good-monitor/good-monitor/tmp/good-monitor/arcteryx_official_titles.json
2026-05-08 08:00:47,327 [INFO] 日志系统初始化完成
2026-05-08 08:00:47,327 [INFO] === 开始一次商品监控 ===
2026-05-08 08:00:47,707 [INFO] 打开页面: https://outlet.arcteryx.com/ca/zh/c/mens/shell-jackets
2026-05-08 08:00:51,324 [INFO] 等待首屏商品渲染…
2026-05-08 08:00:51,453 [INFO] 开始自动滚动加载所有商品…
2026-05-08 08:00:53,152 [INFO] 抓取到 10 个商品名称
2026-05-08 08:00:53,153 [INFO] 从文件加载商品标题，共 10 项
2026-05-08 08:00:53,153 [INFO] 商品标题已保存到文件: /home/runner/work/good-monitor/good-monitor/tmp/good-monitor/arcteryx_official_titles.json
2026-05-08 09:00:52,487 [INFO] 日志系统初始化完成
2026-05-08 09:00:52,487 [INFO] === 开始一次商品监控 ===
2026-05-08 09:00:52,871 [INFO] 打开页面: https://outlet.arcteryx.com/ca/zh/c/mens/shell-jackets
2026-05-08 09:00:55,276 [INFO] 等待首屏商品渲染…
2026-05-08 09:00:56,366 [INFO] 开始自动滚动加载所有商品…
2026-05-08 09:00:58,872 [INFO] 抓取到 10 个商品名称
2026-05-08 09:00:58,872 [INFO] 从文件加载商品标题，共 10 项
2026-05-08 09:00:58,872 [INFO] 商品标题已保存到文件: /home/runner/work/good-monitor/good-monitor/tmp/good-monitor/arcteryx_official_titles.json
2026-05-08 10:00:52,435 [INFO] 日志系统初始化完成
2026-05-08 10:00:52,435 [INFO] === 开始一次商品监控 ===
2026-05-08 10:00:52,807 [INFO] 打开页面: https://outlet.arcteryx.com/ca/zh/c/mens/shell-jackets
2026-05-08 10:00:56,269 [INFO] 等待首屏商品渲染…
2026-05-08 10:00:56,331 [INFO] 开始自动滚动加载所有商品…
2026-05-08 10:00:58,056 [INFO] 抓取到 10 个商品名称
2026-05-08 10:00:58,056 [INFO] 从文件加载商品标题，共 10 项
2026-05-08 10:00:58,056 [INFO] 商品标题已保存到文件: /home/runner/work/good-monitor/good-monitor/tmp/good-monitor/arcteryx_official_titles.json
2026-05-08 11:00:48,833 [INFO] 日志系统初始化完成
2026-05-08 11:00:48,833 [INFO] === 开始一次商品监控 ===
2026-05-08 11:00:49,229 [INFO] 打开页面: https://outlet.arcteryx.com/ca/zh/c/mens/shell-jackets
2026-05-08 11:00:52,360 [INFO] 等待首屏商品渲染…
2026-05-08 11:00:52,772 [INFO] 开始自动滚动加载所有商品…
2026-05-08 11:00:55,297 [INFO] 抓取到 10 个商品名称
2026-05-08 11:00:55,297 [INFO] 从文件加载商品标题，共 10 项
2026-05-08 11:00:55,298 [INFO] 商品标题已保存到文件: /home/runner/work/good-monitor/good-monitor/tmp/good-monitor/arcteryx_official_titles.json
2026-05-08 12:00:49,071 [INFO] 日志系统初始化完成
2026-05-08 12:00:49,071 [INFO] === 开始一次商品监控 ===
2026-05-08 12:00:49,462 [INFO] 打开页面: https://outlet.arcteryx.com/ca/zh/c/mens/shell-jackets
2026-05-08 12:00:53,301 [INFO] 等待首屏商品渲染…
2026-05-08 12:00:53,363 [INFO] 开始自动滚动加载所有商品…
2026-05-08 12:00:55,041 [INFO] 抓取到 10 个商品名称
2026-05-08 12:00:55,041 [INFO] 从文件加载商品标题，共 10 项
2026-05-08 12:00:55,041 [INFO] 商品标题已保存到文件: /home/runner/work/good-monitor/good-monitor/tmp/good-monitor/arcteryx_official_titles.json
2026-05-08 13:00:56,292 [INFO] 日志系统初始化完成
2026-05-08 13:00:56,293 [INFO] === 开始一次商品监控 ===
2026-05-08 13:00:56,677 [INFO] 打开页面: https://outlet.arcteryx.com/ca/zh/c/mens/shell-jackets
2026-05-08 13:00:59,812 [INFO] 等待首屏商品渲染…
2026-05-08 13:00:59,864 [INFO] 开始自动滚动加载所有商品…
2026-05-08 13:01:01,553 [INFO] 抓取到 10 个商品名称
2026-05-08 13:01:01,553 [INFO] 从文件加载商品标题，共 10 项
2026-05-08 13:01:01,554 [INFO] 商品标题已保存到文件: /home/runner/work/good-monitor/good-monitor/tmp/good-monitor/arcteryx_official_titles.json
2026-05-08 14:00:55,149 [INFO] 日志系统初始化完成
2026-05-08 14:00:55,150 [INFO] === 开始一次商品监控 ===
2026-05-08 14:00:55,521 [INFO] 打开页面: https://outlet.arcteryx.com/ca/zh/c/mens/shell-jackets
2026-05-08 14:00:57,128 [INFO] 等待首屏商品渲染…
2026-05-08 14:01:00,662 [INFO] 开始自动滚动加载所有商品…
2026-05-08 14:01:03,346 [INFO] 抓取到 10 个商品名称
2026-05-08 14:01:03,346 [INFO] 从文件加载商品标题，共 10 项
2026-05-08 14:01:03,346 [INFO] 商品标题已保存到文件: /home/runner/work/good-monitor/good-monitor/tmp/good-monitor/arcteryx_official_titles.json
2026-05-08 15:01:06,116 [INFO] 日志系统初始化完成
2026-05-08 15:01:06,116 [INFO] === 开始一次商品监控 ===
2026-05-08 15:01:06,498 [INFO] 打开页面: https://outlet.arcteryx.com/ca/zh/c/mens/shell-jackets
2026-05-08 15:01:10,434 [INFO] 等待首屏商品渲染…
2026-05-08 15:01:10,533 [INFO] 开始自动滚动加载所有商品…
2026-05-08 15:01:13,050 [INFO] 抓取到 10 个商品名称
2026-05-08 15:01:13,051 [INFO] 从文件加载商品标题，共 10 项
2026-05-08 15:01:13,051 [INFO] 商品标题已保存到文件: /home/runner/work/good-monitor/good-monitor/tmp/good-monitor/arcteryx_official_titles.json
2026-05-08 16:00:53,257 [INFO] 日志系统初始化完成
2026-05-08 16:00:53,257 [INFO] === 开始一次商品监控 ===
2026-05-08 16:00:53,651 [INFO] 打开页面: https://outlet.arcteryx.com/ca/zh/c/mens/shell-jackets
2026-05-08 16:00:57,341 [INFO] 等待首屏商品渲染…
2026-05-08 16:00:57,406 [INFO] 开始自动滚动加载所有商品…
2026-05-08 16:00:59,143 [INFO] 抓取到 10 个商品名称
2026-05-08 16:00:59,143 [INFO] 从文件加载商品标题，共 10 项
2026-05-08 16:00:59,144 [INFO] 商品标题已保存到文件: /home/runner/work/good-monitor/good-monitor/tmp/good-monitor/arcteryx_official_titles.json
2026-05-08 17:00:47,332 [INFO] 日志系统初始化完成
2026-05-08 17:00:47,332 [INFO] === 开始一次商品监控 ===
2026-05-08 17:00:47,715 [INFO] 打开页面: https://outlet.arcteryx.com/ca/zh/c/mens/shell-jackets
2026-05-08 17:00:51,688 [INFO] 等待首屏商品渲染…
2026-05-08 17:00:51,869 [INFO] 开始自动滚动加载所有商品…
2026-05-08 17:00:53,615 [INFO] 抓取到 10 个商品名称
2026-05-08 17:00:53,615 [INFO] 从文件加载商品标题，共 10 项
2026-05-08 17:00:53,616 [INFO] 商品标题已保存到文件: /home/runner/work/good-monitor/good-monitor/tmp/good-monitor/arcteryx_official_titles.json
2026-05-08 18:00:44,719 [INFO] 日志系统初始化完成
2026-05-08 18:00:44,719 [INFO] === 开始一次商品监控 ===
2026-05-08 18:00:45,104 [INFO] 打开页面: https://outlet.arcteryx.com/ca/zh/c/mens/shell-jackets
2026-05-08 18:00:49,275 [INFO] 等待首屏商品渲染…
2026-05-08 18:00:49,390 [INFO] 开始自动滚动加载所有商品…
2026-05-08 18:00:51,893 [INFO] 抓取到 10 个商品名称
2026-05-08 18:00:51,894 [INFO] 从文件加载商品标题，共 10 项
2026-05-08 18:00:51,894 [INFO] 商品标题已保存到文件: /home/runner/work/good-monitor/good-monitor/tmp/good-monitor/arcteryx_official_titles.json
2026-05-08 19:00:51,973 [INFO] 日志系统初始化完成
2026-05-08 19:00:51,973 [INFO] === 开始一次商品监控 ===
2026-05-08 19:00:52,349 [INFO] 打开页面: https://outlet.arcteryx.com/ca/zh/c/mens/shell-jackets
2026-05-08 19:00:56,679 [INFO] 等待首屏商品渲染…
2026-05-08 19:00:56,830 [INFO] 开始自动滚动加载所有商品…
2026-05-08 19:00:59,350 [INFO] 抓取到 10 个商品名称
2026-05-08 19:00:59,351 [INFO] 从文件加载商品标题，共 10 项
2026-05-08 19:00:59,351 [INFO] 商品标题已保存到文件: /home/runner/work/good-monitor/good-monitor/tmp/good-monitor/arcteryx_official_titles.json
2026-05-08 20:00:43,718 [INFO] 日志系统初始化完成
2026-05-08 20:00:43,718 [INFO] === 开始一次商品监控 ===
2026-05-08 20:00:44,101 [INFO] 打开页面: https://outlet.arcteryx.com/ca/zh/c/mens/shell-jackets
2026-05-08 20:00:48,161 [INFO] 等待首屏商品渲染…
2026-05-08 20:00:48,228 [INFO] 开始自动滚动加载所有商品…
2026-05-08 20:00:49,960 [INFO] 抓取到 10 个商品名称
2026-05-08 20:00:49,961 [INFO] 从文件加载商品标题，共 10 项
2026-05-08 20:00:49,961 [INFO] 商品标题已保存到文件: /home/runner/work/good-monitor/good-monitor/tmp/good-monitor/arcteryx_official_titles.json
2026-05-08 21:00:51,557 [INFO] 日志系统初始化完成
2026-05-08 21:00:51,558 [INFO] === 开始一次商品监控 ===
2026-05-08 21:00:51,949 [INFO] 打开页面: https://outlet.arcteryx.com/ca/zh/c/mens/shell-jackets
2026-05-08 21:00:55,829 [INFO] 等待首屏商品渲染…
2026-05-08 21:00:55,994 [INFO] 开始自动滚动加载所有商品…
2026-05-08 21:00:57,677 [INFO] 抓取到 10 个商品名称
2026-05-08 21:00:57,677 [INFO] 从文件加载商品标题，共 10 项
2026-05-08 21:00:57,678 [INFO] 商品标题已保存到文件: /home/runner/work/good-monitor/good-monitor/tmp/good-monitor/arcteryx_official_titles.json
2026-05-08 22:00:44,352 [INFO] 日志系统初始化完成
2026-05-08 22:00:44,352 [INFO] === 开始一次商品监控 ===
2026-05-08 22:00:44,741 [INFO] 打开页面: https://outlet.arcteryx.com/ca/zh/c/mens/shell-jackets
2026-05-08 22:00:48,203 [INFO] 等待首屏商品渲染…
2026-05-08 22:00:48,282 [INFO] 开始自动滚动加载所有商品…
2026-05-08 22:00:50,791 [INFO] 抓取到 10 个商品名称
2026-05-08 22:00:50,792 [INFO] 从文件加载商品标题，共 10 项
2026-05-08 22:00:50,792 [INFO] 商品标题已保存到文件: /home/runner/work/good-monitor/good-monitor/tmp/good-monitor/arcteryx_official_titles.json
2026-05-08 23:00:55,397 [INFO] 日志系统初始化完成
2026-05-08 23:00:55,397 [INFO] === 开始一次商品监控 ===
2026-05-08 23:00:55,785 [INFO] 打开页面: https://outlet.arcteryx.com/ca/zh/c/mens/shell-jackets
2026-05-08 23:00:59,382 [INFO] 等待首屏商品渲染…
2026-05-08 23:00:59,457 [INFO] 开始自动滚动加载所有商品…
2026-05-08 23:01:01,198 [INFO] 抓取到 10 个商品名称
2026-05-08 23:01:01,198 [INFO] 从文件加载商品标题，共 10 项
2026-05-08 23:01:01,199 [INFO] 商品标题已保存到文件: /home/runner/work/good-monitor/good-monitor/tmp/good-monitor/arcteryx_official_titles.json
2026-05-09 00:00:55,353 [INFO] 日志系统初始化完成
2026-05-09 00:00:55,353 [INFO] === 开始一次商品监控 ===
2026-05-09 00:00:55,728 [INFO] 打开页面: https://outlet.arcteryx.com/ca/zh/c/mens/shell-jackets
2026-05-09 00:00:58,606 [INFO] 等待首屏商品渲染…
2026-05-09 00:00:59,502 [INFO] 开始自动滚动加载所有商品…
2026-05-09 00:01:01,282 [INFO] 抓取到 10 个商品名称
2026-05-09 00:01:01,283 [INFO] 从文件加载商品标题，共 10 项
2026-05-09 00:01:01,283 [INFO] 商品标题已保存到文件: /home/runner/work/good-monitor/good-monitor/tmp/good-monitor/arcteryx_official_titles.json
2026-05-09 01:00:41,803 [INFO] 日志系统初始化完成
2026-05-09 01:00:41,803 [INFO] === 开始一次商品监控 ===
2026-05-09 01:00:42,171 [INFO] 打开页面: https://outlet.arcteryx.com/ca/zh/c/mens/shell-jackets
2026-05-09 01:00:45,832 [INFO] 等待首屏商品渲染…
2026-05-09 01:00:47,458 [INFO] 开始自动滚动加载所有商品…
2026-05-09 01:00:49,961 [INFO] 抓取到 10 个商品名称
2026-05-09 01:00:49,961 [INFO] 从文件加载商品标题，共 10 项
2026-05-09 01:00:49,961 [INFO] 商品标题已保存到文件: /home/runner/work/good-monitor/good-monitor/tmp/good-monitor/arcteryx_official_titles.json
2026-05-09 02:00:43,362 [INFO] 日志系统初始化完成
2026-05-09 02:00:43,362 [INFO] === 开始一次商品监控 ===
2026-05-09 02:00:43,742 [INFO] 打开页面: https://outlet.arcteryx.com/ca/zh/c/mens/shell-jackets
2026-05-09 02:00:46,454 [INFO] 等待首屏商品渲染…
2026-05-09 02:00:48,130 [INFO] 开始自动滚动加载所有商品…
2026-05-09 02:00:49,970 [INFO] 抓取到 10 个商品名称
2026-05-09 02:00:49,970 [INFO] 从文件加载商品标题，共 10 项
2026-05-09 02:00:49,971 [INFO] 商品标题已保存到文件: /home/runner/work/good-monitor/good-monitor/tmp/good-monitor/arcteryx_official_titles.json
2026-05-09 03:00:53,940 [INFO] 日志系统初始化完成
2026-05-09 03:00:53,940 [INFO] === 开始一次商品监控 ===
2026-05-09 03:00:54,298 [INFO] 打开页面: https://outlet.arcteryx.com/ca/zh/c/mens/shell-jackets
2026-05-09 03:00:56,631 [INFO] 等待首屏商品渲染…
2026-05-09 03:00:57,760 [INFO] 开始自动滚动加载所有商品…
2026-05-09 03:00:59,479 [INFO] 抓取到 10 个商品名称
2026-05-09 03:00:59,479 [INFO] 从文件加载商品标题，共 10 项
2026-05-09 03:00:59,479 [INFO] 商品标题已保存到文件: /home/runner/work/good-monitor/good-monitor/tmp/good-monitor/arcteryx_official_titles.json
2026-05-09 04:00:41,591 [INFO] 日志系统初始化完成
2026-05-09 04:00:41,591 [INFO] === 开始一次商品监控 ===
2026-05-09 04:00:41,975 [INFO] 打开页面: https://outlet.arcteryx.com/ca/zh/c/mens/shell-jackets
2026-05-09 04:00:44,870 [INFO] 等待首屏商品渲染…
2026-05-09 04:00:46,717 [INFO] 开始自动滚动加载所有商品…
2026-05-09 04:00:49,242 [INFO] 抓取到 10 个商品名称
2026-05-09 04:00:49,242 [INFO] 从文件加载商品标题，共 10 项
2026-05-09 04:00:49,242 [INFO] 商品标题已保存到文件: /home/runner/work/good-monitor/good-monitor/tmp/good-monitor/arcteryx_official_titles.json
2026-05-09 05:00:59,145 [INFO] 日志系统初始化完成
2026-05-09 05:00:59,145 [INFO] === 开始一次商品监控 ===
2026-05-09 05:00:59,522 [INFO] 打开页面: https://outlet.arcteryx.com/ca/zh/c/mens/shell-jackets
2026-05-09 05:01:02,633 [INFO] 等待首屏商品渲染…
2026-05-09 05:01:03,778 [INFO] 开始自动滚动加载所有商品…
2026-05-09 05:01:05,489 [INFO] 抓取到 10 个商品名称
2026-05-09 05:01:05,489 [INFO] 从文件加载商品标题，共 10 项
2026-05-09 05:01:05,489 [INFO] 商品标题已保存到文件: /home/runner/work/good-monitor/good-monitor/tmp/good-monitor/arcteryx_official_titles.json
2026-05-09 06:00:51,673 [INFO] 日志系统初始化完成
2026-05-09 06:00:51,674 [INFO] === 开始一次商品监控 ===
2026-05-09 06:00:52,070 [INFO] 打开页面: https://outlet.arcteryx.com/ca/zh/c/mens/shell-jackets
2026-05-09 06:00:56,853 [INFO] 等待首屏商品渲染…
2026-05-09 06:00:56,900 [INFO] 开始自动滚动加载所有商品…
2026-05-09 06:00:58,619 [INFO] 抓取到 10 个商品名称
2026-05-09 06:00:58,619 [INFO] 从文件加载商品标题，共 10 项
2026-05-09 06:00:58,620 [INFO] 商品标题已保存到文件: /home/runner/work/good-monitor/good-monitor/tmp/good-monitor/arcteryx_official_titles.json
2026-05-09 07:00:56,766 [INFO] 日志系统初始化完成
2026-05-09 07:00:56,766 [INFO] === 开始一次商品监控 ===
2026-05-09 07:00:57,077 [INFO] 打开页面: https://outlet.arcteryx.com/ca/zh/c/mens/shell-jackets
2026-05-09 07:01:01,324 [INFO] 等待首屏商品渲染…
2026-05-09 07:01:01,371 [INFO] 开始自动滚动加载所有商品…
2026-05-09 07:01:03,060 [INFO] 抓取到 10 个商品名称
2026-05-09 07:01:03,060 [INFO] 从文件加载商品标题，共 10 项
2026-05-09 07:01:03,060 [INFO] 商品标题已保存到文件: /home/runner/work/good-monitor/good-monitor/tmp/good-monitor/arcteryx_official_titles.json
2026-05-09 08:00:51,754 [INFO] 日志系统初始化完成
2026-05-09 08:00:51,754 [INFO] === 开始一次商品监控 ===
2026-05-09 08:00:52,124 [INFO] 打开页面: https://outlet.arcteryx.com/ca/zh/c/mens/shell-jackets
2026-05-09 08:00:55,223 [INFO] 等待首屏商品渲染…
2026-05-09 08:00:55,285 [INFO] 开始自动滚动加载所有商品…
2026-05-09 08:00:56,965 [INFO] 抓取到 10 个商品名称
2026-05-09 08:00:56,966 [INFO] 从文件加载商品标题，共 10 项
2026-05-09 08:00:56,966 [INFO] 商品标题已保存到文件: /home/runner/work/good-monitor/good-monitor/tmp/good-monitor/arcteryx_official_titles.json
2026-05-09 09:00:56,760 [INFO] 日志系统初始化完成
2026-05-09 09:00:56,760 [INFO] === 开始一次商品监控 ===
2026-05-09 09:00:57,161 [INFO] 打开页面: https://outlet.arcteryx.com/ca/zh/c/mens/shell-jackets
2026-05-09 09:01:00,571 [INFO] 等待首屏商品渲染…
2026-05-09 09:01:02,217 [INFO] 开始自动滚动加载所有商品…
2026-05-09 09:01:03,957 [INFO] 抓取到 10 个商品名称
2026-05-09 09:01:03,957 [INFO] 从文件加载商品标题，共 10 项
2026-05-09 09:01:03,958 [INFO] 商品标题已保存到文件: /home/runner/work/good-monitor/good-monitor/tmp/good-monitor/arcteryx_official_titles.json
2026-05-09 10:00:55,304 [INFO] 日志系统初始化完成
2026-05-09 10:00:55,304 [INFO] === 开始一次商品监控 ===
2026-05-09 10:00:55,677 [INFO] 打开页面: https://outlet.arcteryx.com/ca/zh/c/mens/shell-jackets
2026-05-09 10:01:17,126 [INFO] 等待首屏商品渲染…
2026-05-09 10:01:17,201 [INFO] 开始自动滚动加载所有商品…
2026-05-09 10:01:19,675 [INFO] 抓取到 10 个商品名称
2026-05-09 10:01:19,675 [INFO] 从文件加载商品标题，共 10 项
2026-05-09 10:01:19,675 [INFO] 商品标题已保存到文件: /home/runner/work/good-monitor/good-monitor/tmp/good-monitor/arcteryx_official_titles.json
2026-05-09 11:00:46,303 [INFO] 日志系统初始化完成
2026-05-09 11:00:46,304 [INFO] === 开始一次商品监控 ===
2026-05-09 11:00:46,739 [INFO] 打开页面: https://outlet.arcteryx.com/ca/zh/c/mens/shell-jackets
2026-05-09 11:00:47,620 [INFO] 等待首屏商品渲染…
2026-05-09 11:00:50,574 [INFO] 开始自动滚动加载所有商品…
2026-05-09 11:00:52,399 [INFO] 抓取到 10 个商品名称
2026-05-09 11:00:52,400 [INFO] 从文件加载商品标题，共 10 项
2026-05-09 11:00:52,400 [INFO] 商品标题已保存到文件: /home/runner/work/good-monitor/good-monitor/tmp/good-monitor/arcteryx_official_titles.json
2026-05-09 12:00:53,015 [INFO] 日志系统初始化完成
2026-05-09 12:00:53,015 [INFO] === 开始一次商品监控 ===
2026-05-09 12:00:53,403 [INFO] 打开页面: https://outlet.arcteryx.com/ca/zh/c/mens/shell-jackets
2026-05-09 12:00:56,225 [INFO] 等待首屏商品渲染…
2026-05-09 12:00:57,770 [INFO] 开始自动滚动加载所有商品…
2026-05-09 12:00:59,497 [INFO] 抓取到 10 个商品名称
2026-05-09 12:00:59,497 [INFO] 从文件加载商品标题，共 10 项
2026-05-09 12:00:59,497 [INFO] 商品标题已保存到文件: /home/runner/work/good-monitor/good-monitor/tmp/good-monitor/arcteryx_official_titles.json
2026-05-09 13:00:46,954 [INFO] 日志系统初始化完成
2026-05-09 13:00:46,954 [INFO] === 开始一次商品监控 ===
2026-05-09 13:00:47,348 [INFO] 打开页面: https://outlet.arcteryx.com/ca/zh/c/mens/shell-jackets
2026-05-09 13:00:49,625 [INFO] 等待首屏商品渲染…
2026-05-09 13:00:50,733 [INFO] 开始自动滚动加载所有商品…
2026-05-09 13:00:52,455 [INFO] 抓取到 10 个商品名称
2026-05-09 13:00:52,455 [INFO] 从文件加载商品标题，共 10 项
2026-05-09 13:00:52,456 [INFO] 商品标题已保存到文件: /home/runner/work/good-monitor/good-monitor/tmp/good-monitor/arcteryx_official_titles.json
2026-05-09 14:00:45,594 [INFO] 日志系统初始化完成
2026-05-09 14:00:45,594 [INFO] === 开始一次商品监控 ===
2026-05-09 14:00:45,984 [INFO] 打开页面: https://outlet.arcteryx.com/ca/zh/c/mens/shell-jackets
2026-05-09 14:00:49,024 [INFO] 等待首屏商品渲染…
2026-05-09 14:00:50,850 [INFO] 开始自动滚动加载所有商品…
2026-05-09 14:00:52,813 [INFO] 抓取到 10 个商品名称
2026-05-09 14:00:52,813 [INFO] 从文件加载商品标题，共 10 项
2026-05-09 14:00:52,814 [INFO] 商品标题已保存到文件: /home/runner/work/good-monitor/good-monitor/tmp/good-monitor/arcteryx_official_titles.json
2026-05-09 15:00:45,431 [INFO] 日志系统初始化完成
2026-05-09 15:00:45,432 [INFO] === 开始一次商品监控 ===
2026-05-09 15:00:45,805 [INFO] 打开页面: https://outlet.arcteryx.com/ca/zh/c/mens/shell-jackets
2026-05-09 15:00:50,304 [INFO] 等待首屏商品渲染…
2026-05-09 15:00:50,337 [INFO] 开始自动滚动加载所有商品…
2026-05-09 15:00:52,087 [INFO] 抓取到 10 个商品名称
2026-05-09 15:00:52,087 [INFO] 从文件加载商品标题，共 10 项
2026-05-09 15:00:52,087 [INFO] 商品标题已保存到文件: /home/runner/work/good-monitor/good-monitor/tmp/good-monitor/arcteryx_official_titles.json
2026-05-09 16:00:53,421 [INFO] 日志系统初始化完成
2026-05-09 16:00:53,421 [INFO] === 开始一次商品监控 ===
2026-05-09 16:00:53,819 [INFO] 打开页面: https://outlet.arcteryx.com/ca/zh/c/mens/shell-jackets
2026-05-09 16:00:57,663 [INFO] 等待首屏商品渲染…
2026-05-09 16:00:57,762 [INFO] 开始自动滚动加载所有商品…
2026-05-09 16:01:00,272 [INFO] 抓取到 10 个商品名称
2026-05-09 16:01:00,273 [INFO] 从文件加载商品标题，共 10 项
2026-05-09 16:01:00,273 [INFO] 商品标题已保存到文件: /home/runner/work/good-monitor/good-monitor/tmp/good-monitor/arcteryx_official_titles.json
2026-05-09 17:00:57,971 [INFO] 日志系统初始化完成
2026-05-09 17:00:57,971 [INFO] === 开始一次商品监控 ===
2026-05-09 17:00:58,347 [INFO] 打开页面: https://outlet.arcteryx.com/ca/zh/c/mens/shell-jackets
2026-05-09 17:01:02,735 [INFO] 等待首屏商品渲染…
2026-05-09 17:01:02,798 [INFO] 开始自动滚动加载所有商品…
2026-05-09 17:01:04,472 [INFO] 抓取到 10 个商品名称
2026-05-09 17:01:04,472 [INFO] 从文件加载商品标题，共 10 项
2026-05-09 17:01:04,473 [INFO] 商品标题已保存到文件: /home/runner/work/good-monitor/good-monitor/tmp/good-monitor/arcteryx_official_titles.json
2026-05-09 18:00:49,554 [INFO] 日志系统初始化完成
2026-05-09 18:00:49,554 [INFO] === 开始一次商品监控 ===
2026-05-09 18:00:49,936 [INFO] 打开页面: https://outlet.arcteryx.com/ca/zh/c/mens/shell-jackets
2026-05-09 18:00:54,372 [INFO] 等待首屏商品渲染…
2026-05-09 18:00:54,601 [INFO] 开始自动滚动加载所有商品…
2026-05-09 18:00:56,298 [INFO] 抓取到 10 个商品名称
2026-05-09 18:00:56,298 [INFO] 从文件加载商品标题，共 10 项
2026-05-09 18:00:56,299 [INFO] 商品标题已保存到文件: /home/runner/work/good-monitor/good-monitor/tmp/good-monitor/arcteryx_official_titles.json
2026-05-09 19:00:51,934 [INFO] 日志系统初始化完成
2026-05-09 19:00:51,934 [INFO] === 开始一次商品监控 ===
2026-05-09 19:00:52,316 [INFO] 打开页面: https://outlet.arcteryx.com/ca/zh/c/mens/shell-jackets
2026-05-09 19:00:55,727 [INFO] 等待首屏商品渲染…
2026-05-09 19:00:55,792 [INFO] 开始自动滚动加载所有商品…
2026-05-09 19:00:58,285 [INFO] 抓取到 10 个商品名称
2026-05-09 19:00:58,285 [INFO] 从文件加载商品标题，共 10 项
2026-05-09 19:00:58,286 [INFO] 商品标题已保存到文件: /home/runner/work/good-monitor/good-monitor/tmp/good-monitor/arcteryx_official_titles.json
2026-05-09 20:00:49,978 [INFO] 日志系统初始化完成
2026-05-09 20:00:49,978 [INFO] === 开始一次商品监控 ===
2026-05-09 20:00:50,344 [INFO] 打开页面: https://outlet.arcteryx.com/ca/zh/c/mens/shell-jackets
2026-05-09 20:00:54,126 [INFO] 等待首屏商品渲染…
2026-05-09 20:00:54,243 [INFO] 开始自动滚动加载所有商品…
2026-05-09 20:00:56,724 [INFO] 抓取到 10 个商品名称
2026-05-09 20:00:56,724 [INFO] 从文件加载商品标题，共 10 项
2026-05-09 20:00:56,724 [INFO] 商品标题已保存到文件: /home/runner/work/good-monitor/good-monitor/tmp/good-monitor/arcteryx_official_titles.json
2026-05-09 21:00:45,949 [INFO] 日志系统初始化完成
2026-05-09 21:00:45,949 [INFO] === 开始一次商品监控 ===
2026-05-09 21:00:46,319 [INFO] 打开页面: https://outlet.arcteryx.com/ca/zh/c/mens/shell-jackets
2026-05-09 21:00:48,998 [INFO] 等待首屏商品渲染…
2026-05-09 21:00:50,743 [INFO] 开始自动滚动加载所有商品…
2026-05-09 21:00:52,431 [INFO] 抓取到 10 个商品名称
2026-05-09 21:00:52,431 [INFO] 从文件加载商品标题，共 10 项
2026-05-09 21:00:52,431 [INFO] 商品标题已保存到文件: /home/runner/work/good-monitor/good-monitor/tmp/good-monitor/arcteryx_official_titles.json
2026-05-09 22:00:46,880 [INFO] 日志系统初始化完成
2026-05-09 22:00:46,880 [INFO] === 开始一次商品监控 ===
2026-05-09 22:00:47,274 [INFO] 打开页面: https://outlet.arcteryx.com/ca/zh/c/mens/shell-jackets
2026-05-09 22:00:51,076 [INFO] 等待首屏商品渲染…
2026-05-09 22:00:51,201 [INFO] 开始自动滚动加载所有商品…
2026-05-09 22:00:53,729 [INFO] 抓取到 10 个商品名称
2026-05-09 22:00:53,730 [INFO] 从文件加载商品标题，共 10 项
2026-05-09 22:00:53,730 [INFO] 商品标题已保存到文件: /home/runner/work/good-monitor/good-monitor/tmp/good-monitor/arcteryx_official_titles.json
2026-05-09 23:00:48,705 [INFO] 日志系统初始化完成
2026-05-09 23:00:48,705 [INFO] === 开始一次商品监控 ===
2026-05-09 23:00:49,133 [INFO] 打开页面: https://outlet.arcteryx.com/ca/zh/c/mens/shell-jackets
2026-05-09 23:00:53,191 [INFO] 等待首屏商品渲染…
2026-05-09 23:00:53,245 [INFO] 开始自动滚动加载所有商品…
2026-05-09 23:00:54,914 [INFO] 抓取到 10 个商品名称
2026-05-09 23:00:54,915 [INFO] 从文件加载商品标题，共 10 项
2026-05-09 23:00:54,915 [INFO] 商品标题已保存到文件: /home/runner/work/good-monitor/good-monitor/tmp/good-monitor/arcteryx_official_titles.json
2026-05-10 00:00:46,033 [INFO] 日志系统初始化完成
2026-05-10 00:00:46,033 [INFO] === 开始一次商品监控 ===
2026-05-10 00:00:46,475 [INFO] 打开页面: https://outlet.arcteryx.com/ca/zh/c/mens/shell-jackets
2026-05-10 00:00:49,549 [INFO] 等待首屏商品渲染…
2026-05-10 00:00:50,662 [INFO] 开始自动滚动加载所有商品…
2026-05-10 00:00:52,358 [INFO] 抓取到 10 个商品名称
2026-05-10 00:00:52,358 [INFO] 从文件加载商品标题，共 10 项
2026-05-10 00:00:52,359 [INFO] 商品标题已保存到文件: /home/runner/work/good-monitor/good-monitor/tmp/good-monitor/arcteryx_official_titles.json
2026-05-10 01:00:48,268 [INFO] 日志系统初始化完成
2026-05-10 01:00:48,268 [INFO] === 开始一次商品监控 ===
2026-05-10 01:00:48,647 [INFO] 打开页面: https://outlet.arcteryx.com/ca/zh/c/mens/shell-jackets
2026-05-10 01:00:51,243 [INFO] 等待首屏商品渲染…
2026-05-10 01:00:52,421 [INFO] 开始自动滚动加载所有商品…
2026-05-10 01:00:54,147 [INFO] 抓取到 10 个商品名称
2026-05-10 01:00:54,147 [INFO] 从文件加载商品标题，共 10 项
2026-05-10 01:00:54,147 [INFO] 商品标题已保存到文件: /home/runner/work/good-monitor/good-monitor/tmp/good-monitor/arcteryx_official_titles.json
2026-05-10 02:00:46,600 [INFO] 日志系统初始化完成
2026-05-10 02:00:46,600 [INFO] === 开始一次商品监控 ===
2026-05-10 02:00:47,027 [INFO] 打开页面: https://outlet.arcteryx.com/ca/zh/c/mens/shell-jackets
2026-05-10 02:00:51,070 [INFO] 等待首屏商品渲染…
2026-05-10 02:00:51,112 [INFO] 开始自动滚动加载所有商品…
2026-05-10 02:00:52,802 [INFO] 抓取到 10 个商品名称
2026-05-10 02:00:52,802 [INFO] 从文件加载商品标题，共 10 项
2026-05-10 02:00:52,802 [INFO] 商品标题已保存到文件: /home/runner/work/good-monitor/good-monitor/tmp/good-monitor/arcteryx_official_titles.json
2026-05-10 03:00:43,775 [INFO] 日志系统初始化完成
2026-05-10 03:00:43,776 [INFO] === 开始一次商品监控 ===
2026-05-10 03:00:44,163 [INFO] 打开页面: https://outlet.arcteryx.com/ca/zh/c/mens/shell-jackets
2026-05-10 03:00:47,792 [INFO] 等待首屏商品渲染…
2026-05-10 03:00:47,862 [INFO] 开始自动滚动加载所有商品…
2026-05-10 03:00:50,373 [INFO] 抓取到 10 个商品名称
2026-05-10 03:00:50,373 [INFO] 从文件加载商品标题，共 10 项
2026-05-10 03:00:50,373 [INFO] 商品标题已保存到文件: /home/runner/work/good-monitor/good-monitor/tmp/good-monitor/arcteryx_official_titles.json
2026-05-10 04:00:42,610 [INFO] 日志系统初始化完成
2026-05-10 04:00:42,610 [INFO] === 开始一次商品监控 ===
2026-05-10 04:00:43,009 [INFO] 打开页面: https://outlet.arcteryx.com/ca/zh/c/mens/shell-jackets
2026-05-10 04:00:45,738 [INFO] 等待首屏商品渲染…
2026-05-10 04:00:46,929 [INFO] 开始自动滚动加载所有商品…
2026-05-10 04:00:48,695 [INFO] 抓取到 10 个商品名称
2026-05-10 04:00:48,695 [INFO] 从文件加载商品标题，共 10 项
2026-05-10 04:00:48,696 [INFO] 商品标题已保存到文件: /home/runner/work/good-monitor/good-monitor/tmp/good-monitor/arcteryx_official_titles.json
2026-05-10 05:00:42,819 [INFO] 日志系统初始化完成
2026-05-10 05:00:42,819 [INFO] === 开始一次商品监控 ===
2026-05-10 05:00:43,217 [INFO] 打开页面: https://outlet.arcteryx.com/ca/zh/c/mens/shell-jackets
2026-05-10 05:00:45,690 [INFO] 等待首屏商品渲染…
2026-05-10 05:00:46,825 [INFO] 开始自动滚动加载所有商品…
2026-05-10 05:00:49,355 [INFO] 抓取到 10 个商品名称
2026-05-10 05:00:49,356 [INFO] 从文件加载商品标题，共 10 项
2026-05-10 05:00:49,356 [INFO] 商品标题已保存到文件: /home/runner/work/good-monitor/good-monitor/tmp/good-monitor/arcteryx_official_titles.json
2026-05-10 06:00:49,560 [INFO] 日志系统初始化完成
2026-05-10 06:00:49,560 [INFO] === 开始一次商品监控 ===
2026-05-10 06:00:49,951 [INFO] 打开页面: https://outlet.arcteryx.com/ca/zh/c/mens/shell-jackets
2026-05-10 06:00:52,849 [INFO] 等待首屏商品渲染…
2026-05-10 06:00:54,520 [INFO] 开始自动滚动加载所有商品…
2026-05-10 06:00:56,316 [INFO] 抓取到 10 个商品名称
2026-05-10 06:00:56,316 [INFO] 从文件加载商品标题，共 10 项
2026-05-10 06:00:56,317 [INFO] 商品标题已保存到文件: /home/runner/work/good-monitor/good-monitor/tmp/good-monitor/arcteryx_official_titles.json
2026-05-10 07:00:47,648 [INFO] 日志系统初始化完成
2026-05-10 07:00:47,648 [INFO] === 开始一次商品监控 ===
2026-05-10 07:00:48,049 [INFO] 打开页面: https://outlet.arcteryx.com/ca/zh/c/mens/shell-jackets
2026-05-10 07:00:50,645 [INFO] 等待首屏商品渲染…
2026-05-10 07:00:51,800 [INFO] 开始自动滚动加载所有商品…
2026-05-10 07:00:53,499 [INFO] 抓取到 10 个商品名称
2026-05-10 07:00:53,499 [INFO] 从文件加载商品标题，共 10 项
2026-05-10 07:00:53,500 [INFO] 商品标题已保存到文件: /home/runner/work/good-monitor/good-monitor/tmp/good-monitor/arcteryx_official_titles.json
2026-05-10 08:00:49,431 [INFO] 日志系统初始化完成
2026-05-10 08:00:49,431 [INFO] === 开始一次商品监控 ===
2026-05-10 08:00:49,821 [INFO] 打开页面: https://outlet.arcteryx.com/ca/zh/c/mens/shell-jackets
2026-05-10 08:00:53,180 [INFO] 等待首屏商品渲染…
2026-05-10 08:00:53,275 [INFO] 开始自动滚动加载所有商品…
2026-05-10 08:00:54,987 [INFO] 抓取到 10 个商品名称
2026-05-10 08:00:54,987 [INFO] 从文件加载商品标题，共 10 项
2026-05-10 08:00:54,988 [INFO] 商品标题已保存到文件: /home/runner/work/good-monitor/good-monitor/tmp/good-monitor/arcteryx_official_titles.json
2026-05-10 09:00:54,477 [INFO] 日志系统初始化完成
2026-05-10 09:00:54,477 [INFO] === 开始一次商品监控 ===
2026-05-10 09:00:54,866 [INFO] 打开页面: https://outlet.arcteryx.com/ca/zh/c/mens/shell-jackets
2026-05-10 09:01:00,005 [INFO] 等待首屏商品渲染…
2026-05-10 09:01:00,051 [INFO] 开始自动滚动加载所有商品…
2026-05-10 09:01:01,741 [INFO] 抓取到 10 个商品名称
2026-05-10 09:01:01,741 [INFO] 从文件加载商品标题，共 10 项
2026-05-10 09:01:01,741 [INFO] 商品标题已保存到文件: /home/runner/work/good-monitor/good-monitor/tmp/good-monitor/arcteryx_official_titles.json
2026-05-10 10:01:22,088 [INFO] 日志系统初始化完成
2026-05-10 10:01:22,088 [INFO] === 开始一次商品监控 ===
2026-05-10 10:01:22,398 [INFO] 打开页面: https://outlet.arcteryx.com/ca/zh/c/mens/shell-jackets
2026-05-10 10:01:26,002 [INFO] 等待首屏商品渲染…
2026-05-10 10:01:26,030 [INFO] 开始自动滚动加载所有商品…
2026-05-10 10:01:27,721 [INFO] 抓取到 10 个商品名称
2026-05-10 10:01:27,721 [INFO] 从文件加载商品标题，共 10 项
2026-05-10 10:01:27,721 [INFO] 商品标题已保存到文件: /home/runner/work/good-monitor/good-monitor/tmp/good-monitor/arcteryx_official_titles.json
2026-05-10 11:00:50,506 [INFO] 日志系统初始化完成
2026-05-10 11:00:50,506 [INFO] === 开始一次商品监控 ===
2026-05-10 11:00:50,914 [INFO] 打开页面: https://outlet.arcteryx.com/ca/zh/c/mens/shell-jackets
2026-05-10 11:00:54,465 [INFO] 等待首屏商品渲染…
2026-05-10 11:00:54,527 [INFO] 开始自动滚动加载所有商品…
2026-05-10 11:00:56,203 [INFO] 抓取到 10 个商品名称
2026-05-10 11:00:56,203 [INFO] 从文件加载商品标题，共 10 项
2026-05-10 11:00:56,203 [INFO] 商品标题已保存到文件: /home/runner/work/good-monitor/good-monitor/tmp/good-monitor/arcteryx_official_titles.json
2026-05-10 12:00:46,448 [INFO] 日志系统初始化完成
2026-05-10 12:00:46,449 [INFO] === 开始一次商品监控 ===
2026-05-10 12:00:46,841 [INFO] 打开页面: https://outlet.arcteryx.com/ca/zh/c/mens/shell-jackets
2026-05-10 12:00:50,356 [INFO] 等待首屏商品渲染…
2026-05-10 12:00:50,425 [INFO] 开始自动滚动加载所有商品…
2026-05-10 12:00:52,161 [INFO] 抓取到 10 个商品名称
2026-05-10 12:00:52,161 [INFO] 从文件加载商品标题，共 10 项
2026-05-10 12:00:52,162 [INFO] 商品标题已保存到文件: /home/runner/work/good-monitor/good-monitor/tmp/good-monitor/arcteryx_official_titles.json
2026-05-10 13:00:46,544 [INFO] 日志系统初始化完成
2026-05-10 13:00:46,544 [INFO] === 开始一次商品监控 ===
2026-05-10 13:00:46,969 [INFO] 打开页面: https://outlet.arcteryx.com/ca/zh/c/mens/shell-jackets
2026-05-10 13:00:51,057 [INFO] 等待首屏商品渲染…
2026-05-10 13:00:51,116 [INFO] 开始自动滚动加载所有商品…
2026-05-10 13:00:52,827 [INFO] 抓取到 10 个商品名称
2026-05-10 13:00:52,827 [INFO] 从文件加载商品标题，共 10 项
2026-05-10 13:00:52,827 [INFO] 商品标题已保存到文件: /home/runner/work/good-monitor/good-monitor/tmp/good-monitor/arcteryx_official_titles.json
2026-05-10 14:00:51,824 [INFO] 日志系统初始化完成
2026-05-10 14:00:51,824 [INFO] === 开始一次商品监控 ===
2026-05-10 14:00:52,215 [INFO] 打开页面: https://outlet.arcteryx.com/ca/zh/c/mens/shell-jackets
2026-05-10 14:00:53,826 [INFO] 等待首屏商品渲染…
2026-05-10 14:00:57,132 [INFO] 开始自动滚动加载所有商品…
2026-05-10 14:00:58,901 [INFO] 抓取到 10 个商品名称
2026-05-10 14:00:58,901 [INFO] 从文件加载商品标题，共 10 项
2026-05-10 14:00:58,902 [INFO] 商品标题已保存到文件: /home/runner/work/good-monitor/good-monitor/tmp/good-monitor/arcteryx_official_titles.json
2026-05-10 15:00:54,508 [INFO] 日志系统初始化完成
2026-05-10 15:00:54,508 [INFO] === 开始一次商品监控 ===
2026-05-10 15:00:54,937 [INFO] 打开页面: https://outlet.arcteryx.com/ca/zh/c/mens/shell-jackets
2026-05-10 15:00:59,260 [INFO] 等待首屏商品渲染…
2026-05-10 15:00:59,384 [INFO] 开始自动滚动加载所有商品…
2026-05-10 15:01:01,882 [INFO] 抓取到 10 个商品名称
2026-05-10 15:01:01,882 [INFO] 从文件加载商品标题，共 10 项
2026-05-10 15:01:01,883 [INFO] 商品标题已保存到文件: /home/runner/work/good-monitor/good-monitor/tmp/good-monitor/arcteryx_official_titles.json
2026-05-10 16:00:52,027 [INFO] 日志系统初始化完成
2026-05-10 16:00:52,028 [INFO] === 开始一次商品监控 ===
2026-05-10 16:00:52,410 [INFO] 打开页面: https://outlet.arcteryx.com/ca/zh/c/mens/shell-jackets
2026-05-10 16:00:57,377 [INFO] 等待首屏商品渲染…
2026-05-10 16:00:57,411 [INFO] 开始自动滚动加载所有商品…
2026-05-10 16:00:59,159 [INFO] 抓取到 10 个商品名称
2026-05-10 16:00:59,160 [INFO] 从文件加载商品标题，共 10 项
2026-05-10 16:00:59,160 [INFO] 商品标题已保存到文件: /home/runner/work/good-monitor/good-monitor/tmp/good-monitor/arcteryx_official_titles.json
2026-05-10 17:00:46,651 [INFO] 日志系统初始化完成
2026-05-10 17:00:46,651 [INFO] === 开始一次商品监控 ===
2026-05-10 17:00:47,020 [INFO] 打开页面: https://outlet.arcteryx.com/ca/zh/c/mens/shell-jackets
2026-05-10 17:00:49,430 [INFO] 等待首屏商品渲染…
2026-05-10 17:00:51,434 [INFO] 开始自动滚动加载所有商品…
2026-05-10 17:00:53,145 [INFO] 抓取到 10 个商品名称
2026-05-10 17:00:53,145 [INFO] 从文件加载商品标题，共 10 项
2026-05-10 17:00:53,145 [INFO] 商品标题已保存到文件: /home/runner/work/good-monitor/good-monitor/tmp/good-monitor/arcteryx_official_titles.json
2026-05-10 18:00:55,482 [INFO] 日志系统初始化完成
2026-05-10 18:00:55,482 [INFO] === 开始一次商品监控 ===
2026-05-10 18:00:55,876 [INFO] 打开页面: https://outlet.arcteryx.com/ca/zh/c/mens/shell-jackets
2026-05-10 18:00:59,668 [INFO] 等待首屏商品渲染…
2026-05-10 18:00:59,756 [INFO] 开始自动滚动加载所有商品…
2026-05-10 18:01:02,257 [INFO] 抓取到 10 个商品名称
2026-05-10 18:01:02,258 [INFO] 从文件加载商品标题，共 10 项
2026-05-10 18:01:02,258 [INFO] 商品标题已保存到文件: /home/runner/work/good-monitor/good-monitor/tmp/good-monitor/arcteryx_official_titles.json
2026-05-10 19:00:47,277 [INFO] 日志系统初始化完成
2026-05-10 19:00:47,278 [INFO] === 开始一次商品监控 ===
2026-05-10 19:00:47,726 [INFO] 打开页面: https://outlet.arcteryx.com/ca/zh/c/mens/shell-jackets
2026-05-10 19:00:52,766 [INFO] 等待首屏商品渲染…
2026-05-10 19:00:52,829 [INFO] 开始自动滚动加载所有商品…
2026-05-10 19:00:54,507 [INFO] 抓取到 10 个商品名称
2026-05-10 19:00:54,507 [INFO] 从文件加载商品标题，共 10 项
2026-05-10 19:00:54,507 [INFO] 商品标题已保存到文件: /home/runner/work/good-monitor/good-monitor/tmp/good-monitor/arcteryx_official_titles.json
2026-05-10 20:00:47,295 [INFO] 日志系统初始化完成
2026-05-10 20:00:47,295 [INFO] === 开始一次商品监控 ===
2026-05-10 20:00:47,649 [INFO] 打开页面: https://outlet.arcteryx.com/ca/zh/c/mens/shell-jackets
2026-05-10 20:00:50,602 [INFO] 等待首屏商品渲染…
2026-05-10 20:00:51,730 [INFO] 开始自动滚动加载所有商品…
2026-05-10 20:00:53,440 [INFO] 抓取到 10 个商品名称
2026-05-10 20:00:53,440 [INFO] 从文件加载商品标题，共 10 项
2026-05-10 20:00:53,440 [INFO] 商品标题已保存到文件: /home/runner/work/good-monitor/good-monitor/tmp/good-monitor/arcteryx_official_titles.json
2026-05-10 21:00:51,585 [INFO] 日志系统初始化完成
2026-05-10 21:00:51,585 [INFO] === 开始一次商品监控 ===
2026-05-10 21:00:51,991 [INFO] 打开页面: https://outlet.arcteryx.com/ca/zh/c/mens/shell-jackets
2026-05-10 21:00:56,264 [INFO] 等待首屏商品渲染…
2026-05-10 21:00:56,414 [INFO] 开始自动滚动加载所有商品…
2026-05-10 21:00:58,926 [INFO] 抓取到 10 个商品名称
2026-05-10 21:00:58,926 [INFO] 从文件加载商品标题，共 10 项
2026-05-10 21:00:58,927 [INFO] 商品标题已保存到文件: /home/runner/work/good-monitor/good-monitor/tmp/good-monitor/arcteryx_official_titles.json
2026-05-10 22:00:49,671 [INFO] 日志系统初始化完成
2026-05-10 22:00:49,671 [INFO] === 开始一次商品监控 ===
2026-05-10 22:00:50,113 [INFO] 打开页面: https://outlet.arcteryx.com/ca/zh/c/mens/shell-jackets
2026-05-10 22:00:54,659 [INFO] 等待首屏商品渲染…
2026-05-10 22:00:54,722 [INFO] 开始自动滚动加载所有商品…
2026-05-10 22:00:56,396 [INFO] 抓取到 10 个商品名称
2026-05-10 22:00:56,397 [INFO] 从文件加载商品标题，共 10 项
2026-05-10 22:00:56,397 [INFO] 商品标题已保存到文件: /home/runner/work/good-monitor/good-monitor/tmp/good-monitor/arcteryx_official_titles.json
2026-05-10 23:00:44,207 [INFO] 日志系统初始化完成
2026-05-10 23:00:44,207 [INFO] === 开始一次商品监控 ===
2026-05-10 23:00:45,013 [INFO] 打开页面: https://outlet.arcteryx.com/ca/zh/c/mens/shell-jackets
2026-05-10 23:00:48,685 [INFO] 等待首屏商品渲染…
2026-05-10 23:00:48,716 [INFO] 开始自动滚动加载所有商品…
2026-05-10 23:00:50,391 [INFO] 抓取到 10 个商品名称
2026-05-10 23:00:50,391 [INFO] 从文件加载商品标题，共 10 项
2026-05-10 23:00:50,391 [INFO] 商品标题已保存到文件: /home/runner/work/good-monitor/good-monitor/tmp/good-monitor/arcteryx_official_titles.json
2026-05-11 00:00:47,769 [INFO] 日志系统初始化完成
2026-05-11 00:00:47,770 [INFO] === 开始一次商品监控 ===
2026-05-11 00:00:48,144 [INFO] 打开页面: https://outlet.arcteryx.com/ca/zh/c/mens/shell-jackets
2026-05-11 00:00:50,733 [INFO] 等待首屏商品渲染…
2026-05-11 00:00:52,237 [INFO] 开始自动滚动加载所有商品…
2026-05-11 00:00:53,969 [INFO] 抓取到 10 个商品名称
2026-05-11 00:00:53,970 [INFO] 从文件加载商品标题，共 10 项
2026-05-11 00:00:53,970 [INFO] 商品标题已保存到文件: /home/runner/work/good-monitor/good-monitor/tmp/good-monitor/arcteryx_official_titles.json
2026-05-11 01:00:52,448 [INFO] 日志系统初始化完成
2026-05-11 01:00:52,448 [INFO] === 开始一次商品监控 ===
2026-05-11 01:00:52,855 [INFO] 打开页面: https://outlet.arcteryx.com/ca/zh/c/mens/shell-jackets
2026-05-11 01:00:56,401 [INFO] 等待首屏商品渲染…
2026-05-11 01:00:56,505 [INFO] 开始自动滚动加载所有商品…
2026-05-11 01:00:59,003 [INFO] 抓取到 10 个商品名称
2026-05-11 01:00:59,003 [INFO] 从文件加载商品标题，共 10 项
2026-05-11 01:00:59,004 [INFO] 商品标题已保存到文件: /home/runner/work/good-monitor/good-monitor/tmp/good-monitor/arcteryx_official_titles.json
2026-05-11 02:00:50,584 [INFO] 日志系统初始化完成
2026-05-11 02:00:50,584 [INFO] === 开始一次商品监控 ===
2026-05-11 02:00:50,955 [INFO] 打开页面: https://outlet.arcteryx.com/ca/zh/c/mens/shell-jackets
2026-05-11 02:00:55,126 [INFO] 等待首屏商品渲染…
2026-05-11 02:00:55,190 [INFO] 开始自动滚动加载所有商品…
2026-05-11 02:00:56,865 [INFO] 抓取到 10 个商品名称
2026-05-11 02:00:56,865 [INFO] 从文件加载商品标题，共 10 项
2026-05-11 02:00:56,865 [INFO] 商品标题已保存到文件: /home/runner/work/good-monitor/good-monitor/tmp/good-monitor/arcteryx_official_titles.json
2026-05-11 03:00:52,450 [INFO] 日志系统初始化完成
2026-05-11 03:00:52,450 [INFO] === 开始一次商品监控 ===
2026-05-11 03:00:52,885 [INFO] 打开页面: https://outlet.arcteryx.com/ca/zh/c/mens/shell-jackets
2026-05-11 03:01:14,206 [INFO] 等待首屏商品渲染…
2026-05-11 03:01:14,277 [INFO] 开始自动滚动加载所有商品…
2026-05-11 03:01:16,758 [INFO] 抓取到 10 个商品名称
2026-05-11 03:01:16,758 [INFO] 从文件加载商品标题，共 10 项
2026-05-11 03:01:16,759 [INFO] 商品标题已保存到文件: /home/runner/work/good-monitor/good-monitor/tmp/good-monitor/arcteryx_official_titles.json
2026-05-11 04:00:53,968 [INFO] 日志系统初始化完成
2026-05-11 04:00:53,969 [INFO] === 开始一次商品监控 ===
2026-05-11 04:00:54,355 [INFO] 打开页面: https://outlet.arcteryx.com/ca/zh/c/mens/shell-jackets
2026-05-11 04:00:55,970 [INFO] 等待首屏商品渲染…
2026-05-11 04:00:56,241 [INFO] 开始自动滚动加载所有商品…
2026-05-11 04:00:58,893 [INFO] 抓取到 10 个商品名称
2026-05-11 04:00:58,894 [INFO] 从文件加载商品标题，共 10 项
2026-05-11 04:00:58,894 [INFO] 商品标题已保存到文件: /home/runner/work/good-monitor/good-monitor/tmp/good-monitor/arcteryx_official_titles.json
2026-05-11 05:00:48,759 [INFO] 日志系统初始化完成
2026-05-11 05:00:48,759 [INFO] === 开始一次商品监控 ===
2026-05-11 05:00:49,129 [INFO] 打开页面: https://outlet.arcteryx.com/ca/zh/c/mens/shell-jackets
2026-05-11 05:00:52,352 [INFO] 等待首屏商品渲染…
2026-05-11 05:00:53,992 [INFO] 开始自动滚动加载所有商品…
2026-05-11 05:00:55,881 [INFO] 抓取到 10 个商品名称
2026-05-11 05:00:55,881 [INFO] 从文件加载商品标题，共 10 项
2026-05-11 05:00:55,882 [INFO] 商品标题已保存到文件: /home/runner/work/good-monitor/good-monitor/tmp/good-monitor/arcteryx_official_titles.json
2026-05-11 06:00:48,960 [INFO] 日志系统初始化完成
2026-05-11 06:00:48,961 [INFO] === 开始一次商品监控 ===
2026-05-11 06:00:49,337 [INFO] 打开页面: https://outlet.arcteryx.com/ca/zh/c/mens/shell-jackets
2026-05-11 06:00:53,048 [INFO] 等待首屏商品渲染…
2026-05-11 06:00:53,107 [INFO] 开始自动滚动加载所有商品…
2026-05-11 06:00:54,794 [INFO] 抓取到 10 个商品名称
2026-05-11 06:00:54,794 [INFO] 从文件加载商品标题，共 10 项
2026-05-11 06:00:54,794 [INFO] 商品标题已保存到文件: /home/runner/work/good-monitor/good-monitor/tmp/good-monitor/arcteryx_official_titles.json
2026-05-11 07:00:49,980 [INFO] 日志系统初始化完成
2026-05-11 07:00:49,981 [INFO] === 开始一次商品监控 ===
2026-05-11 07:00:50,378 [INFO] 打开页面: https://outlet.arcteryx.com/ca/zh/c/mens/shell-jackets
2026-05-11 07:00:54,109 [INFO] 等待首屏商品渲染…
2026-05-11 07:00:54,164 [INFO] 开始自动滚动加载所有商品…
2026-05-11 07:00:55,840 [INFO] 抓取到 10 个商品名称
2026-05-11 07:00:55,840 [INFO] 从文件加载商品标题，共 10 项
2026-05-11 07:00:55,841 [INFO] 商品标题已保存到文件: /home/runner/work/good-monitor/good-monitor/tmp/good-monitor/arcteryx_official_titles.json
2026-05-11 08:00:46,191 [INFO] 日志系统初始化完成
2026-05-11 08:00:46,191 [INFO] === 开始一次商品监控 ===
2026-05-11 08:00:46,606 [INFO] 打开页面: https://outlet.arcteryx.com/ca/zh/c/mens/shell-jackets
2026-05-11 08:00:50,083 [INFO] 等待首屏商品渲染…
2026-05-11 08:00:50,142 [INFO] 开始自动滚动加载所有商品…
2026-05-11 08:00:51,828 [INFO] 抓取到 10 个商品名称
2026-05-11 08:00:51,828 [INFO] 从文件加载商品标题，共 10 项
2026-05-11 08:00:51,828 [INFO] 商品标题已保存到文件: /home/runner/work/good-monitor/good-monitor/tmp/good-monitor/arcteryx_official_titles.json
2026-05-11 09:00:47,942 [INFO] 日志系统初始化完成
2026-05-11 09:00:47,942 [INFO] === 开始一次商品监控 ===
2026-05-11 09:00:48,268 [INFO] 打开页面: https://outlet.arcteryx.com/ca/zh/c/mens/shell-jackets
2026-05-11 09:00:52,779 [INFO] 等待首屏商品渲染…
2026-05-11 09:00:52,812 [INFO] 开始自动滚动加载所有商品…
2026-05-11 09:00:54,530 [INFO] 抓取到 10 个商品名称
2026-05-11 09:00:54,531 [INFO] 从文件加载商品标题，共 10 项
2026-05-11 09:00:54,531 [INFO] 商品标题已保存到文件: /home/runner/work/good-monitor/good-monitor/tmp/good-monitor/arcteryx_official_titles.json
2026-05-11 10:00:45,511 [INFO] 日志系统初始化完成
2026-05-11 10:00:45,511 [INFO] === 开始一次商品监控 ===
2026-05-11 10:00:45,920 [INFO] 打开页面: https://outlet.arcteryx.com/ca/zh/c/mens/shell-jackets
2026-05-11 10:00:48,459 [INFO] 等待首屏商品渲染…
2026-05-11 10:00:49,669 [INFO] 开始自动滚动加载所有商品…
2026-05-11 10:00:51,466 [INFO] 抓取到 10 个商品名称
2026-05-11 10:00:51,466 [INFO] 从文件加载商品标题，共 10 项
2026-05-11 10:00:51,466 [INFO] 商品标题已保存到文件: /home/runner/work/good-monitor/good-monitor/tmp/good-monitor/arcteryx_official_titles.json
2026-05-11 11:00:55,058 [INFO] 日志系统初始化完成
2026-05-11 11:00:55,058 [INFO] === 开始一次商品监控 ===
2026-05-11 11:00:55,449 [INFO] 打开页面: https://outlet.arcteryx.com/ca/zh/c/mens/shell-jackets
2026-05-11 11:00:59,105 [INFO] 等待首屏商品渲染…
2026-05-11 11:00:59,184 [INFO] 开始自动滚动加载所有商品…
2026-05-11 11:01:01,709 [INFO] 抓取到 10 个商品名称
2026-05-11 11:01:01,709 [INFO] 从文件加载商品标题，共 10 项
2026-05-11 11:01:01,710 [INFO] 商品标题已保存到文件: /home/runner/work/good-monitor/good-monitor/tmp/good-monitor/arcteryx_official_titles.json
2026-05-11 12:00:50,994 [INFO] 日志系统初始化完成
2026-05-11 12:00:50,995 [INFO] === 开始一次商品监控 ===
2026-05-11 12:00:51,383 [INFO] 打开页面: https://outlet.arcteryx.com/ca/zh/c/mens/shell-jackets
2026-05-11 12:00:55,627 [INFO] 等待首屏商品渲染…
2026-05-11 12:00:55,683 [INFO] 开始自动滚动加载所有商品…
2026-05-11 12:00:57,358 [INFO] 抓取到 10 个商品名称
2026-05-11 12:00:57,358 [INFO] 从文件加载商品标题，共 10 项
2026-05-11 12:00:57,358 [INFO] 商品标题已保存到文件: /home/runner/work/good-monitor/good-monitor/tmp/good-monitor/arcteryx_official_titles.json
2026-05-11 13:00:53,459 [INFO] 日志系统初始化完成
2026-05-11 13:00:53,459 [INFO] === 开始一次商品监控 ===
2026-05-11 13:00:53,798 [INFO] 打开页面: https://outlet.arcteryx.com/ca/zh/c/mens/shell-jackets
2026-05-11 13:00:57,680 [INFO] 等待首屏商品渲染…
2026-05-11 13:00:57,735 [INFO] 开始自动滚动加载所有商品…
2026-05-11 13:01:00,212 [INFO] 抓取到 10 个商品名称
2026-05-11 13:01:00,212 [INFO] 从文件加载商品标题，共 10 项
2026-05-11 13:01:00,213 [INFO] 商品标题已保存到文件: /home/runner/work/good-monitor/good-monitor/tmp/good-monitor/arcteryx_official_titles.json
2026-05-11 14:00:50,476 [INFO] 日志系统初始化完成
2026-05-11 14:00:50,476 [INFO] === 开始一次商品监控 ===
2026-05-11 14:00:50,844 [INFO] 打开页面: https://outlet.arcteryx.com/ca/zh/c/mens/shell-jackets
2026-05-11 14:00:53,395 [INFO] 等待首屏商品渲染…
2026-05-11 14:00:54,500 [INFO] 开始自动滚动加载所有商品…
2026-05-11 14:00:56,287 [INFO] 抓取到 10 个商品名称
2026-05-11 14:00:56,287 [INFO] 从文件加载商品标题，共 10 项
2026-05-11 14:00:56,287 [INFO] 商品标题已保存到文件: /home/runner/work/good-monitor/good-monitor/tmp/good-monitor/arcteryx_official_titles.json
2026-05-11 15:00:57,115 [INFO] 日志系统初始化完成
2026-05-11 15:00:57,115 [INFO] === 开始一次商品监控 ===
2026-05-11 15:00:57,493 [INFO] 打开页面: https://outlet.arcteryx.com/ca/zh/c/mens/shell-jackets
2026-05-11 15:01:01,328 [INFO] 等待首屏商品渲染…
2026-05-11 15:01:01,406 [INFO] 开始自动滚动加载所有商品…
2026-05-11 15:01:03,901 [INFO] 抓取到 10 个商品名称
2026-05-11 15:01:03,901 [INFO] 从文件加载商品标题，共 10 项
2026-05-11 15:01:03,901 [INFO] 商品标题已保存到文件: /home/runner/work/good-monitor/good-monitor/tmp/good-monitor/arcteryx_official_titles.json
2026-05-11 16:01:00,731 [INFO] 日志系统初始化完成
2026-05-11 16:01:00,731 [INFO] === 开始一次商品监控 ===
2026-05-11 16:01:01,126 [INFO] 打开页面: https://outlet.arcteryx.com/ca/zh/c/mens/shell-jackets
2026-05-11 16:01:05,064 [INFO] 等待首屏商品渲染…
2026-05-11 16:01:05,170 [INFO] 开始自动滚动加载所有商品…
2026-05-11 16:01:07,669 [INFO] 抓取到 10 个商品名称
2026-05-11 16:01:07,669 [INFO] 从文件加载商品标题，共 10 项
2026-05-11 16:01:07,670 [INFO] 商品标题已保存到文件: /home/runner/work/good-monitor/good-monitor/tmp/good-monitor/arcteryx_official_titles.json
2026-05-11 17:00:56,181 [INFO] 日志系统初始化完成
2026-05-11 17:00:56,181 [INFO] === 开始一次商品监控 ===
2026-05-11 17:00:56,558 [INFO] 打开页面: https://outlet.arcteryx.com/ca/zh/c/mens/shell-jackets
2026-05-11 17:00:59,599 [INFO] 等待首屏商品渲染…
2026-05-11 17:01:00,730 [INFO] 开始自动滚动加载所有商品…
2026-05-11 17:01:02,456 [INFO] 抓取到 10 个商品名称
2026-05-11 17:01:02,457 [INFO] 从文件加载商品标题，共 10 项
2026-05-11 17:01:02,457 [INFO] 商品标题已保存到文件: /home/runner/work/good-monitor/good-monitor/tmp/good-monitor/arcteryx_official_titles.json
2026-05-11 18:00:51,655 [INFO] 日志系统初始化完成
2026-05-11 18:00:51,656 [INFO] === 开始一次商品监控 ===
2026-05-11 18:00:52,033 [INFO] 打开页面: https://outlet.arcteryx.com/ca/zh/c/mens/shell-jackets
2026-05-11 18:00:54,154 [INFO] 等待首屏商品渲染…
2026-05-11 18:00:55,245 [INFO] 开始自动滚动加载所有商品…
2026-05-11 18:00:57,042 [INFO] 抓取到 10 个商品名称
2026-05-11 18:00:57,042 [INFO] 从文件加载商品标题，共 10 项
2026-05-11 18:00:57,042 [INFO] 商品标题已保存到文件: /home/runner/work/good-monitor/good-monitor/tmp/good-monitor/arcteryx_official_titles.json
2026-05-11 19:01:11,305 [INFO] 日志系统初始化完成
2026-05-11 19:01:11,305 [INFO] === 开始一次商品监控 ===
2026-05-11 19:01:11,716 [INFO] 打开页面: https://outlet.arcteryx.com/ca/zh/c/mens/shell-jackets
2026-05-11 19:01:15,044 [INFO] 等待首屏商品渲染…
2026-05-11 19:01:16,737 [INFO] 开始自动滚动加载所有商品…
2026-05-11 19:01:19,393 [INFO] 抓取到 10 个商品名称
2026-05-11 19:01:19,394 [INFO] 从文件加载商品标题，共 10 项
2026-05-11 19:01:19,394 [INFO] 商品标题已保存到文件: /home/runner/work/good-monitor/good-monitor/tmp/good-monitor/arcteryx_official_titles.json
2026-05-11 20:00:58,655 [INFO] 日志系统初始化完成
2026-05-11 20:00:58,655 [INFO] === 开始一次商品监控 ===
2026-05-11 20:00:59,021 [INFO] 打开页面: https://outlet.arcteryx.com/ca/zh/c/mens/shell-jackets
2026-05-11 20:01:01,858 [INFO] 等待首屏商品渲染…
2026-05-11 20:01:02,998 [INFO] 开始自动滚动加载所有商品…
2026-05-11 20:01:04,733 [INFO] 抓取到 10 个商品名称
2026-05-11 20:01:04,733 [INFO] 从文件加载商品标题，共 10 项
2026-05-11 20:01:04,733 [INFO] 商品标题已保存到文件: /home/runner/work/good-monitor/good-monitor/tmp/good-monitor/arcteryx_official_titles.json
2026-05-11 21:00:51,240 [INFO] 日志系统初始化完成
2026-05-11 21:00:51,240 [INFO] === 开始一次商品监控 ===
2026-05-11 21:00:51,649 [INFO] 打开页面: https://outlet.arcteryx.com/ca/zh/c/mens/shell-jackets
2026-05-11 21:00:56,118 [INFO] 等待首屏商品渲染…
2026-05-11 21:00:56,186 [INFO] 开始自动滚动加载所有商品…
2026-05-11 21:00:58,675 [INFO] 抓取到 10 个商品名称
2026-05-11 21:00:58,676 [INFO] 从文件加载商品标题，共 10 项
2026-05-11 21:00:58,676 [INFO] 商品标题已保存到文件: /home/runner/work/good-monitor/good-monitor/tmp/good-monitor/arcteryx_official_titles.json
2026-05-11 22:00:50,595 [INFO] 日志系统初始化完成
2026-05-11 22:00:50,595 [INFO] === 开始一次商品监控 ===
2026-05-11 22:00:51,005 [INFO] 打开页面: https://outlet.arcteryx.com/ca/zh/c/mens/shell-jackets
2026-05-11 22:00:53,568 [INFO] 等待首屏商品渲染…
2026-05-11 22:00:54,672 [INFO] 开始自动滚动加载所有商品…
2026-05-11 22:00:57,165 [INFO] 抓取到 10 个商品名称
2026-05-11 22:00:57,165 [INFO] 从文件加载商品标题，共 10 项
2026-05-11 22:00:57,165 [INFO] 商品标题已保存到文件: /home/runner/work/good-monitor/good-monitor/tmp/good-monitor/arcteryx_official_titles.json
2026-05-11 23:00:54,578 [INFO] 日志系统初始化完成
2026-05-11 23:00:54,578 [INFO] === 开始一次商品监控 ===
2026-05-11 23:00:55,015 [INFO] 打开页面: https://outlet.arcteryx.com/ca/zh/c/mens/shell-jackets
2026-05-11 23:00:59,104 [INFO] 等待首屏商品渲染…
2026-05-11 23:00:59,171 [INFO] 开始自动滚动加载所有商品…
2026-05-11 23:01:01,651 [INFO] 抓取到 10 个商品名称
2026-05-11 23:01:01,651 [INFO] 从文件加载商品标题，共 10 项
2026-05-11 23:01:01,651 [INFO] 商品标题已保存到文件: /home/runner/work/good-monitor/good-monitor/tmp/good-monitor/arcteryx_official_titles.json
